CA, Vcyl, PCyl, mcyl, mb, mu, min, mout, Vb, Vu, Tb, Tu, Qb, Qu, Gamma, xb, IV A, EV A, IV V, EV V, IV P, EV P, WWork, PWork, CO, NO, CO2, HC, htLoss
-359,      42.92,     118276,      21.37,      21.37,       0.00,      -0.00,       0.11,       0.00,       0.00,      870.8,      865.1,     -0.038,     -0.038,      1.278,        1.0,      109.9,       72.2,      0.000,      6.875,     119771,     116129,    536.462,     -1.442,       0.00,       0.00,     120.83,       0.00,       -348
-358,      43.04,     117506,      21.39,      21.39,       0.00,       0.11,       0.10,       0.00,       0.00,      865.1,      861.2,     -0.038,     -0.038,      1.279,        1.0,      124.9,       64.5,      6.213,      6.013,     118042,     114433,    536.462,     -1.460,       0.00,       0.00,     120.83,       0.00,       -348
-357,      43.23,     116797,      21.44,      21.44,       0.00,       0.15,       0.09,       0.00,       0.00,      861.2,      857.5,     -0.038,     -0.037,      1.279,        1.0,      141.4,       56.8,      8.127,      5.678,     117256,     112937,    536.462,     -1.487,       0.00,       0.00,     120.83,       0.00,       -348
-356,      43.50,     116048,      21.53,      21.53,       0.00,       0.18,       0.09,       0.00,       0.00,      857.5,      853.8,     -0.037,     -0.037,      1.279,        1.0,      160.2,       52.7,      9.550,      5.571,     116379,     111554,    536.462,     -1.523,       0.00,       0.00,     120.83,       0.00,       -348
-355,      43.84,     115329,      21.66,      21.66,       0.00,       0.22,       0.09,       0.00,       0.00,      853.8,      850.1,     -0.037,     -0.037,      1.280,        1.0,      179.1,       48.5,     11.382,      5.363,     115545,     110195,    536.462,     -1.567,       0.00,       0.00,     120.83,       0.00,       -348
-354,      44.26,     114641,      21.84,      21.84,       0.00,       0.26,       0.08,       0.00,       0.00,      850.1,      846.2,     -0.037,     -0.036,      1.280,        1.0,      199.4,       44.6,     13.202,      5.137,     114717,     108876,    536.462,     -1.619,       0.00,       0.00,     120.83,       0.00,       -348
-353,      44.76,     113966,      22.06,      22.06,       0.00,       0.30,       0.08,       0.00,       0.00,      846.2,      842.1,     -0.036,     -0.036,      1.281,        1.0,      220.6,       41.8,     14.978,      4.995,     113910,     107618,    536.462,     -1.680,       0.00,       0.00,     120.83,       0.00,       -348
-352,      45.33,     113303,      22.33,      22.33,       0.32,       0.35,       0.08,       0.00,       0.00,      842.1,      837.5,     -0.036,     -0.036,      1.281,        1.0,      241.9,       39.0,     16.723,      4.821,     113116,     106390,    536.462,     -1.749,       0.00,       0.00,     120.83,       0.00,       -348
-351,      45.98,     112657,      22.66,      22.26,       0.72,       0.40,       0.07,       0.00,       0.00,      837.5,      832.5,     -0.036,     -0.036,      1.281,        1.0,      265.7,       36.4,     18.495,      4.649,     112316,     105197,    536.462,     -1.826,       0.00,       0.00,     120.83,       0.00,       -348
-350,      46.70,     112019,      23.04,      22.19,       1.17,       0.45,       0.07,       0.00,       0.00,      832.5,      826.8,     -0.036,     -0.035,      1.282,        1.0,      290.1,       34.4,     20.234,      4.506,     111530,     104044,    536.462,     -1.911,       0.00,       0.00,     120.83,       0.00,       -348
-349,      47.49,     111387,      23.48,      22.12,       1.68,       0.51,       0.07,       0.00,       0.00,      826.8,      820.5,     -0.035,     -0.035,      1.283,        0.9,      314.5,       32.3,     21.926,      4.342,     110757,     102915,    536.462,     -2.004,       0.00,       0.00,     120.83,       0.00,       -348
-348,      48.36,     110761,      23.98,      22.06,       2.24,       0.57,       0.06,       0.00,       0.00,      820.5,      813.4,     -0.035,     -0.035,      1.283,        0.9,      339.6,       30.2,     23.595,      4.157,     109992,     101810,    536.462,     -2.105,       0.00,       0.00,     120.83,       0.00,       -349
-347,      49.31,     110138,      24.55,      22.00,       2.87,       0.63,       0.06,       0.00,       0.00,      813.4,      805.7,     -0.035,     -0.034,      1.284,        0.9,      364.8,       28.1,     25.222,      3.954,     109240,     100727,    536.462,     -2.213,       0.00,       0.00,     120.83,       0.00,       -349
-346,      50.33,     109518,      25.18,      21.94,       3.56,       0.69,       0.06,       0.00,       0.00,      805.7,      797.2,     -0.034,     -0.034,      1.285,        0.9,      389.9,       26.0,     26.814,      3.733,     108500,      99664,    536.462,     -2.328,       0.00,       0.00,     120.83,       0.00,       -349
-345,      51.42,     108900,      25.88,      21.89,       4.31,       0.75,       0.05,       0.00,       0.00,      797.2,      788.0,     -0.034,     -0.033,      1.286,        0.8,      415.1,       23.9,     28.374,      3.497,     107770,      98618,    536.462,     -2.451,       0.00,       0.00,     120.83,       0.00,       -349
-344,      52.58,     108285,      26.64,      21.83,       5.13,       0.82,       0.05,       0.00,       0.00,      788.0,      778.3,     -0.033,     -0.033,      1.287,        0.8,      440.2,       21.8,     29.917,      3.245,     107045,      97589,    536.462,     -2.581,       0.00,       0.00,     120.83,       0.00,       -349
-343,      53.82,     107673,      27.48,      21.79,       6.01,       0.88,       0.05,       0.00,       0.00,      778.3,      768.0,     -0.033,     -0.032,      1.288,        0.8,      465.4,       19.7,     31.425,      2.981,     106331,      96574,    536.462,     -2.718,       0.00,       0.00,     120.83,       0.00,       -349
-342,      55.12,     107054,      28.38,      21.74,       6.96,       0.95,       0.04,       0.00,       0.00,      768.0,      757.3,     -0.032,     -0.031,      1.289,        0.8,      490.6,       18.3,     32.903,      2.804,     105625,      95597,    536.462,     -2.861,       0.00,       0.00,     120.83,       0.00,       -349
-341,      56.50,     106431,      29.35,      21.70,       7.97,       1.01,       0.04,       0.00,       0.00,      757.3,      746.1,     -0.031,     -0.031,      1.290,        0.7,      515.7,       16.9,     34.364,      2.623,     104922,      94633,    536.462,     -3.012,       0.00,       0.00,     120.83,       0.00,       -349
-340,      57.95,     105803,      30.40,      21.67,       9.05,       1.08,       0.04,       0.00,       0.00,      746.1,      734.6,     -0.031,     -0.030,      1.292,        0.7,      539.8,       15.5,     35.793,      2.434,     104227,      93682,    536.462,     -3.168,       0.00,       0.00,     120.83,       0.00,       -349
-339,      59.46,     105172,      31.51,      21.63,      10.20,       1.15,       0.04,       0.00,       0.00,      734.6,      722.8,     -0.030,     -0.029,      1.293,        0.7,      563.4,       14.1,     37.196,      2.237,     103537,      92743,    536.462,     -3.332,       0.00,       0.00,     120.83,       0.00,       -349
-338,      61.05,     104539,      32.70,      21.60,      11.42,       1.22,       0.03,       0.00,       0.00,      722.8,      710.9,     -0.029,     -0.028,      1.295,        0.7,      587.0,       12.7,     38.582,      2.034,     102849,      91818,    536.462,     -3.501,       0.00,       0.00,     120.83,       0.00,       -349
-337,      62.70,     103906,      33.95,      21.57,      12.70,       1.29,       0.03,       0.00,       0.00,      710.9,      698.9,     -0.028,     -0.027,      1.296,        0.6,      611.5,       11.3,     39.962,      1.833,     102157,      90908,    536.462,     -3.676,       0.00,       0.00,     120.83,       0.00,       -349
-336,      64.42,     103273,      35.28,      21.54,      14.06,       1.35,       0.03,       0.00,       0.00,      698.9,      686.8,     -0.028,     -0.026,      1.298,        0.6,      636.7,       10.1,     41.326,      1.640,     101464,      90016,    536.462,     -3.857,       0.00,       0.00,     120.83,       0.00,       -349
-335,      66.21,     102642,      36.68,      21.52,      15.48,       1.42,       0.02,       0.00,       0.00,      686.8,      674.8,     -0.027,     -0.026,      1.299,        0.6,      661.8,        8.8,     42.679,      1.442,     100769,      89142,    536.462,     -4.044,       0.00,       0.00,     120.83,       0.00,       -349
-334,      68.06,     102013,      38.15,      21.50,      16.97,       1.49,       0.02,       0.00,       0.00,      674.8,      662.8,     -0.026,     -0.025,      1.301,        0.6,      687.6,        7.5,     44.009,      1.236,     100074,      88286,    536.462,     -4.236,       0.00,       0.00,     120.83,       0.00,       -349
-333,      69.98,     101388,      39.69,      21.48,      18.53,       1.56,       0.02,       0.00,       0.00,      662.8,      651.0,     -0.025,     -0.024,      1.303,        0.5,      713.6,        6.1,     45.306,      1.011,      99383,      87450,    536.462,     -4.434,       0.00,       0.00,     120.83,       0.00,       -349
-332,      71.96,     100766,      41.30,      21.47,      20.15,       1.62,       0.01,       0.00,       0.00,      651.0,      639.4,     -0.024,     -0.023,      1.304,        0.5,      739.5,        4.7,     46.563,      0.782,      98696,      86640,    536.462,     -4.636,       0.00,       0.00,     120.83,       0.00,       -349
-331,      74.00,     100144,      42.98,      21.46,      21.84,       1.69,       0.01,       0.00,       0.00,      639.4,      628.0,     -0.023,     -0.022,      1.306,        0.5,      765.5,        3.6,     47.782,      0.602,      98014,      85872,    536.462,     -4.844,       0.00,       0.00,     120.83,       0.00,       -350
-330,      76.11,      99518,      44.72,      21.45,      23.58,       1.75,       0.01,       0.00,       0.00,      628.0,      616.9,     -0.022,     -0.021,      1.307,        0.5,      791.4,        2.9,     48.969,      0.486,      97334,      85154,    536.462,     -5.057,       0.00,       0.00,     120.83,       0.00,       -350
-329,      78.27,      98890,      46.52,      21.44,      25.39,       1.81,       0.01,       0.00,       0.00,      616.9,      606.0,     -0.021,     -0.020,      1.309,        0.5,      817.4,        2.2,     50.131,      0.369,      96652,      84476,    536.462,     -5.274,       0.00,       0.00,     120.83,       0.00,       -350
-328,      80.50,      98260,      48.37,      21.44,      27.25,       1.86,       0.00,       0.00,       0.00,      606.0,      595.5,     -0.020,     -0.019,      1.310,        0.4,      843.3,        1.5,     51.264,      0.252,      95970,      83844,    536.462,     -5.495,       0.00,       0.00,     120.83,       0.00,       -350
-327,      82.78,      97629,      50.29,      21.44,      29.17,       1.92,       0.00,       0.00,       0.00,      595.5,      585.3,     -0.019,     -0.018,      1.312,        0.4,      869.3,        0.8,     52.356,      0.136,      95287,      83263,    536.462,     -5.721,       0.00,       0.00,     120.83,       0.00,       -350
-326,      85.12,      96997,      52.25,      21.44,      31.13,       1.97,       0.00,       0.00,       0.00,      585.3,      575.5,     -0.018,     -0.017,      1.313,        0.4,      894.9,        0.1,     53.409,      0.021,      94607,      82740,    536.462,     -5.951,       0.00,       0.00,     120.83,       0.00,       -350
-325,      87.52,      96359,      54.27,      21.44,      33.15,       2.01,       0.00,       0.00,       0.00,      575.5,      566.0,     -0.017,     -0.016,      1.315,        0.4,      920.0,        0.0,     54.421,      0.000,      93929,      82307,    536.462,     -6.185,       0.00,       0.00,     120.83,       0.00,       -350
-324,      89.97,      95717,      56.33,      21.44,      35.21,       2.06,       0.00,       0.00,       0.00,      566.0,      556.8,     -0.016,     -0.015,      1.316,        0.4,      945.2,        0.0,     55.402,      0.000,      93251,      81949,    536.462,     -6.422,       0.00,       0.00,     120.83,       0.00,       -350
-323,      92.48,      92258,      58.41,       0.00,      58.41,       2.09,       0.00,       0.00,      92.48,      551.6,      551.6,     -0.000,     -0.014,      1.318,        0.0,      970.8,        0.0,     55.791,      0.000,      92778,      81677,    536.462,     -6.656,       0.00,       0.00,     120.83,       0.00,       -350
-322,      95.04,      91360,      60.56,       0.00,      60.56,       2.15,       0.00,       0.00,      95.04,      541.6,      541.6,     -0.000,     -0.013,      1.320,        0.0,      996.8,        0.0,     57.417,      0.000,      91838,      81500,    536.462,     -6.892,       0.00,       0.00,     120.83,       0.00,       -350
-321,      97.65,      90522,      62.77,       0.00,      62.77,       2.21,       0.00,       0.00,      97.65,      532.0,      532.0,     -0.000,     -0.012,      1.321,        0.0,     1022.7,        0.0,     58.832,      0.000,      90964,      81430,    536.462,     -7.131,       0.00,       0.00,     120.83,       0.00,       -350
-320,     100.32,      89740,      65.08,       0.00,      65.08,       2.31,       0.00,       0.00,     100.32,      522.9,      522.9,     -0.000,     -0.011,      1.323,        0.0,     1048.7,        0.0,     59.780,      0.000,      90241,      81481,    536.462,     -7.372,       0.00,       0.00,     120.83,       0.00,       -350
-319,     103.03,      89047,      67.47,       0.00,      67.47,       2.39,       0.00,       0.00,     103.03,      514.3,      514.3,     -0.000,     -0.010,      1.324,        0.0,     1074.6,        0.0,     60.437,      0.000,      89608,      81666,    536.462,     -7.616,       0.00,       0.00,     120.83,       0.00,       -350
-318,     105.79,      88430,      69.94,       0.00,      69.94,       2.47,       0.00,       0.00,     105.79,      506.0,      506.0,     -0.000,     -0.009,      1.325,        0.0,     1100.6,        0.0,     60.848,      0.000,      89048,      82003,    536.462,     -7.863,       0.00,       0.00,     120.83,       0.00,       -350
-317,     108.60,      87875,      72.48,       0.00,      72.48,       2.54,       0.00,       0.00,     108.60,      498.1,      498.1,     -0.000,     -0.008,      1.326,        0.0,     1126.5,        0.0,     61.044,      0.000,      88549,      82506,    536.462,     -8.111,       0.00,       0.00,     120.83,       0.00,       -350
-316,     111.46,      87373,      75.08,       0.00,      75.08,       2.60,       0.00,       0.00,     111.46,      490.7,      490.7,     -0.000,     -0.007,      1.327,        0.0,     1152.5,        0.0,     61.061,      0.000,      88101,      83191,    536.462,     -8.363,       0.00,       0.00,     120.83,       0.00,       -350
-315,     114.36,      86914,      77.74,       0.00,      77.74,       2.66,       0.00,       0.00,     114.36,      483.6,      483.6,     -0.000,     -0.006,      1.329,        0.0,     1178.4,        0.0,     60.932,      0.000,      87694,      84073,    536.462,     -8.617,       0.00,       0.00,     120.83,       0.00,       -350
-314,     117.30,      86491,      80.45,       0.00,      80.45,       2.71,       0.00,       0.00,     117.30,      476.9,      476.9,     -0.000,     -0.005,      1.330,        0.0,     1204.3,        0.0,     60.664,      0.000,      87320,      85165,    536.462,     -8.873,       0.00,       0.00,     120.83,       0.00,       -350
-313,     120.28,      86097,      83.20,       0.00,      83.20,       2.75,       0.00,       0.00,     120.28,      470.5,      470.5,     -0.000,     -0.004,      1.330,        0.0,     1230.3,        0.0,     60.281,      0.000,      86973,      86478,    536.462,     -9.132,       0.00,       0.00,     120.83,       0.00,       -350
-312,     123.31,      85725,      85.99,       0.00,      85.99,       2.79,       0.00,       0.00,     123.31,      464.5,      464.5,     -0.000,     -0.003,      1.331,        0.0,     1255.1,        0.0,     59.832,      0.000,      86635,      88018,    536.462,     -9.393,       0.00,       0.00,     120.83,       0.00,       -350
-311,     126.37,      85371,      88.81,       0.00,      88.81,       2.82,       0.00,       0.00,     126.37,      458.8,      458.8,     -0.000,     -0.003,      1.332,        0.0,     1278.7,        0.0,     59.399,      0.000,      86280,      89788,    536.462,     -9.656,       0.00,       0.00,     120.83,       0.00,       -350
-310,     129.47,      85031,      91.65,       0.00,      91.65,       2.85,       0.00,       0.00,     129.47,      453.5,      453.5,     -0.000,     -0.002,      1.333,        0.0,     1302.3,        0.0,     58.895,      0.000,      85935,      91784,    536.462,     -9.921,       0.00,       0.00,     120.83,       0.00,       -350
-309,     132.61,      84702,      94.53,       0.00,      94.53,       2.87,       0.00,       0.00,     132.61,      448.4,      448.4,     -0.000,     -0.001,      1.334,        0.0,     1326.5,        0.0,     58.334,      0.000,      85599,      93994,    536.462,    -10.189,       0.00,       0.00,     120.83,       0.00,       -350
-308,     135.79,      84381,      97.42,       0.00,      97.42,       2.89,       0.00,       0.00,     135.79,      443.6,      443.6,     -0.000,     -0.000,      1.335,        0.0,     1351.7,        0.0,     57.721,      0.000,      85272,      96399,    536.462,    -10.458,       0.00,       0.00,     120.83,       0.00,       -350
-307,     138.99,      84070,     100.33,       0.00,     100.33,       2.91,       0.00,       0.00,     138.99,      439.0,      439.0,     -0.000,      0.000,      1.335,        0.0,     1376.8,        0.0,     57.062,      0.000,      84950,      98971,    536.462,    -10.729,       0.00,       0.00,     120.83,       0.00,       -350
-306,     142.23,      83764,     103.26,       0.00,     103.26,       2.93,       0.00,       0.00,     142.23,      434.6,      434.6,     -0.000,      0.001,      1.336,        0.0,     1402.5,        0.0,     56.366,      0.000,      84633,     101675,    536.462,    -11.002,       0.00,       0.00,     120.83,       0.00,       -350
-305,     145.50,      83463,     106.20,       0.00,     106.20,       2.94,       0.00,       0.00,     145.50,      430.5,      430.5,     -0.000,      0.002,      1.337,        0.0,     1428.4,        0.0,     55.636,      0.000,      84321,     104469,    536.462,    -11.276,       0.00,       0.00,     120.83,       0.00,       -350
-304,     148.80,      83167,     109.15,       0.00,     109.15,       2.95,       0.00,       0.00,     148.80,      426.6,      426.6,     -0.000,      0.002,      1.337,        0.0,     1454.4,        0.0,     54.880,      0.000,      84011,     107307,    536.462,    -11.551,       0.00,       0.00,     120.83,       0.00,       -350
-303,     152.13,      82873,     112.11,       0.00,     112.11,       2.96,       0.00,       0.00,     152.13,      422.9,      422.9,     -0.000,      0.003,      1.338,        0.0,     1479.6,        0.0,     54.106,      0.000,      83703,     110143,    536.462,    -11.828,       0.00,       0.00,     120.83,       0.00,       -350
-302,     155.49,      82581,     115.06,       0.00,     115.06,       2.96,       0.00,       0.00,     155.49,      419.4,      419.4,     -0.000,      0.004,      1.338,        0.0,     1504.8,        0.0,     53.323,      0.000,      83395,     112932,    536.462,    -12.107,       0.00,       0.00,     120.83,       0.00,       -350
-301,     158.87,      82288,     118.02,       0.00,     118.02,       2.96,       0.00,       0.00,     158.87,      416.0,      416.0,     -0.000,      0.004,      1.339,        0.0,     1529.9,        0.0,     52.534,      0.000,      83086,     115632,    536.462,    -12.386,       0.00,       0.00,     120.83,       0.00,       -350
-300,     162.27,      81995,     120.98,       0.00,     120.98,       2.96,       0.00,       0.00,     162.27,      412.8,      412.8,     -0.000,      0.005,      1.339,        0.0,     1554.3,        0.0,     51.746,      0.000,      82777,     118209,    536.462,    -12.666,       0.00,       0.00,     120.83,       0.00,       -350
-299,     165.70,      81702,     123.94,       0.00,     123.94,       2.95,       0.00,       0.00,     165.70,      409.7,      409.7,     -0.000,      0.005,      1.340,        0.0,     1578.7,        0.0,     51.004,      0.000,      82460,     120637,    536.462,    -12.947,       0.00,       0.00,     120.83,       0.00,       -350
-298,     169.15,      81409,     126.89,       0.00,     126.89,       2.95,       0.00,       0.00,     169.15,      406.8,      406.8,     -0.000,      0.006,      1.340,        0.0,     1602.7,        0.0,     50.248,      0.000,      82143,     122900,    536.462,    -13.228,       0.00,       0.00,     120.83,       0.00,       -350
-297,     172.62,      81115,     129.83,       0.00,     129.83,       2.94,       0.00,       0.00,     172.62,      404.0,      404.0,     -0.000,      0.007,      1.341,        0.0,     1625.5,        0.0,     49.495,      0.000,      81825,     124988,    536.462,    -13.510,       0.00,       0.00,     120.83,       0.00,       -350
-296,     176.10,      80820,     132.76,       0.00,     132.76,       2.93,       0.00,       0.00,     176.10,      401.4,      401.4,     -0.000,      0.007,      1.341,        0.0,     1648.3,        0.0,     48.754,      0.000,      81507,     126901,    536.462,    -13.793,       0.00,       0.00,     120.83,       0.00,       -350
-295,     179.60,      80524,     135.68,       0.00,     135.68,       2.92,       0.00,       0.00,     179.60,      398.8,      398.8,     -0.000,      0.008,      1.341,        0.0,     1670.7,        0.0,     48.029,      0.000,      81188,     128641,    536.462,    -14.075,       0.00,       0.00,     120.83,       0.00,       -350
-294,     183.12,      80228,     138.59,       0.00,     138.59,       2.91,       0.00,       0.00,     183.12,      396.4,      396.4,     -0.000,      0.008,      1.342,        0.0,     1692.7,        0.0,     47.322,      0.000,      80870,     130219,    536.462,    -14.358,       0.00,       0.00,     120.83,       0.00,       -350
-293,     186.65,      79931,     141.49,       0.00,     141.49,       2.90,       0.00,       0.00,     186.65,      394.1,      394.1,     -0.000,      0.009,      1.342,        0.0,     1714.7,        0.0,     46.635,      0.000,      80553,     131644,    536.462,    -14.641,       0.00,       0.00,     120.83,       0.00,       -350
-292,     190.20,      79635,     144.38,       0.00,     144.38,       2.89,       0.00,       0.00,     190.20,      391.8,      391.8,     -0.000,      0.009,      1.342,        0.0,     1735.7,        0.0,     45.969,      0.000,      80237,     132929,    536.462,    -14.924,       0.00,       0.00,     120.83,       0.00,       -350
-291,     193.76,      79339,     147.25,       0.00,     147.25,       2.87,       0.00,       0.00,     193.76,      389.7,      389.7,     -0.000,      0.010,      1.343,        0.0,     1756.1,        0.0,     45.327,      0.000,      79923,     134089,    536.462,    -15.206,       0.00,       0.00,     120.83,       0.00,       -350
-290,     197.32,      79045,     150.11,       0.00,     150.11,       2.86,       0.00,       0.00,     197.32,      387.6,      387.6,     -0.000,      0.010,      1.343,        0.0,     1776.6,        0.0,     44.708,      0.000,      79611,     135135,    536.462,    -15.489,       0.00,       0.00,     120.83,       0.00,       -350
-289,     200.90,      78752,     152.96,       0.00,     152.96,       2.85,       0.00,       0.00,     200.90,      385.7,      385.7,     -0.000,      0.011,      1.343,        0.0,     1795.6,        0.0,     44.112,      0.000,      79302,     136082,    536.462,    -15.770,       0.00,       0.00,     120.83,       0.00,       -350
-288,     204.48,      78462,     155.79,       0.00,     155.79,       2.83,       0.00,       0.00,     204.48,      383.8,      383.8,     -0.000,      0.011,      1.344,        0.0,     1814.5,        0.0,     43.541,      0.000,      78995,     136941,    536.462,    -16.052,       0.00,       0.00,     120.83,       0.00,       -350
-287,     208.06,      78174,     158.61,       0.00,     158.61,       2.82,       0.00,       0.00,     208.06,      382.0,      382.0,     -0.000,      0.012,      1.344,        0.0,     1833.3,        0.0,     42.992,      0.000,      78692,     137723,    536.462,    -16.332,       0.00,       0.00,     120.83,       0.00,       -350
-286,     211.65,      77889,     161.42,       0.00,     161.42,       2.81,       0.00,       0.00,     211.65,      380.2,      380.2,     -0.000,      0.012,      1.344,        0.0,     1851.4,        0.0,     42.465,      0.000,      78394,     138437,    536.462,    -16.612,       0.00,       0.00,     120.83,       0.00,       -350
-285,     215.25,      77608,     164.21,       0.00,     164.21,       2.79,       0.00,       0.00,     215.25,      378.5,      378.5,     -0.000,      0.013,      1.344,        0.0,     1869.4,        0.0,     41.960,      0.000,      78100,     139094,    536.462,    -16.891,       0.00,       0.00,     120.83,       0.00,       -350
-284,     218.85,      77332,     166.99,       0.00,     166.99,       2.78,       0.00,       0.00,     218.85,      376.9,      376.9,     -0.000,      0.013,      1.345,        0.0,     1886.6,        0.0,     41.475,      0.000,      77811,     139700,    536.462,    -17.169,       0.00,       0.00,     120.83,       0.00,       -350
-283,     222.44,      77061,     169.75,       0.00,     169.75,       2.76,       0.00,       0.00,     222.44,      375.4,      375.4,     -0.000,      0.014,      1.345,        0.0,     1901.6,        0.0,     41.009,      0.000,      77527,     140263,    536.462,    -17.446,       0.00,       0.00,     120.83,       0.00,       -350
-282,     226.04,      76794,     172.50,       0.00,     172.50,       2.75,       0.00,       0.00,     226.04,      373.9,      373.9,     -0.000,      0.014,      1.345,        0.0,     1916.6,        0.0,     40.566,      0.000,      77248,     140790,    536.462,    -17.722,       0.00,       0.00,     120.83,       0.00,       -350
-281,     229.63,      76531,     175.24,       0.00,     175.24,       2.74,       0.00,       0.00,     229.63,      372.4,      372.4,     -0.000,      0.014,      1.345,        0.0,     1931.8,        0.0,     40.143,      0.000,      76975,     141288,    536.462,    -17.997,       0.00,       0.00,     120.83,       0.00,       -350
-280,     233.22,      76274,     177.96,       0.00,     177.96,       2.72,       0.00,       0.00,     233.22,      371.1,      371.1,     -0.000,      0.015,      1.345,        0.0,     1947.5,        0.0,     39.736,      0.000,      76708,     141763,    536.462,    -18.271,       0.00,       0.00,     120.83,       0.00,       -350
-279,     236.81,      76024,     180.68,       0.00,     180.68,       2.71,       0.00,       0.00,     236.81,      369.7,      369.7,     -0.000,      0.015,      1.346,        0.0,     1963.2,        0.0,     39.342,      0.000,      76447,     142219,    536.462,    -18.543,       0.00,       0.00,     120.83,       0.00,       -350
-278,     240.38,      75781,     183.38,       0.00,     183.38,       2.70,       0.00,       0.00,     240.38,      368.4,      368.4,     -0.000,      0.016,      1.346,        0.0,     1977.9,        0.0,     38.954,      0.000,      76195,     142663,    536.462,    -18.814,       0.00,       0.00,     120.83,       0.00,       -350
-277,     243.96,      75544,     186.07,       0.00,     186.07,       2.69,       0.00,       0.00,     243.96,      367.2,      367.2,     -0.000,      0.016,      1.346,        0.0,     1991.3,        0.0,     38.584,      0.000,      75949,     143098,    536.462,    -19.084,       0.00,       0.00,     120.83,       0.00,       -350
-276,     247.52,      75314,     188.74,       0.00,     188.74,       2.68,       0.00,       0.00,     247.52,      366.0,      366.0,     -0.000,      0.017,      1.346,        0.0,     2004.6,        0.0,     38.228,      0.000,      75710,     143530,    536.462,    -19.352,       0.00,       0.00,     120.83,       0.00,       -350
-275,     251.07,      75090,     191.41,       0.00,     191.41,       2.66,       0.00,       0.00,     251.07,      364.9,      364.9,     -0.000,      0.017,      1.346,        0.0,     2017.5,        0.0,     37.882,      0.000,      75479,     143962,    536.462,    -19.618,       0.00,       0.00,     120.83,       0.00,       -350
-274,     254.62,      74874,     194.06,       0.00,     194.06,       2.65,       0.00,       0.00,     254.62,      363.8,      363.8,     -0.000,      0.017,      1.346,        0.0,     2030.1,        0.0,     37.544,      0.000,      75255,     144397,    536.462,    -19.883,       0.00,       0.00,     120.83,       0.00,       -350
-273,     258.15,      74665,     196.70,       0.00,     196.70,       2.64,       0.00,       0.00,     258.15,      362.7,      362.7,     -0.000,      0.018,      1.347,        0.0,     2042.7,        0.0,     37.212,      0.000,      75038,     144839,    536.462,    -20.146,       0.00,       0.00,     120.83,       0.00,       -350
-272,     261.66,      74463,     199.32,       0.00,     199.32,       2.63,       0.00,       0.00,     261.66,      361.7,      361.7,     -0.000,      0.018,      1.347,        0.0,     2054.6,        0.0,     36.883,      0.000,      74828,     145291,    536.462,    -20.408,       0.00,       0.00,     120.83,       0.00,       -350
-271,     265.17,      74268,     201.93,       0.00,     201.93,       2.61,       0.00,       0.00,     265.17,      360.7,      360.7,     -0.000,      0.018,      1.347,        0.0,     2066.3,        0.0,     36.554,      0.000,      74626,     145753,    536.462,    -20.667,       0.00,       0.00,     120.83,       0.00,       -350
-270,     268.66,      74080,     204.53,       0.00,     204.53,       2.60,       0.00,       0.00,     268.66,      359.8,      359.8,     -0.000,      0.019,      1.347,        0.0,     2078.0,        0.0,     36.222,      0.000,      74430,     146227,    536.462,    -20.925,       0.00,       0.00,     120.83,       0.00,       -350
-269,     272.13,      73898,     207.12,       0.00,     207.12,       2.58,       0.00,       0.00,     272.13,      358.8,      358.8,     -0.000,      0.019,      1.347,        0.0,     2087.4,        0.0,     35.881,      0.000,      74242,     146715,    536.462,    -21.181,       0.00,       0.00,     120.83,       0.00,       -349
-268,     275.58,      73722,     209.68,       0.00,     209.68,       2.56,       0.00,       0.00,     275.58,      358.0,      358.0,     -0.000,      0.020,      1.347,        0.0,     2096.8,        0.0,     35.529,      0.000,      74059,     147216,    536.462,    -21.435,       0.00,       0.00,     120.83,       0.00,       -349
-267,     279.02,      73552,     212.22,       0.00,     212.22,       2.54,       0.00,       0.00,     279.02,      357.1,      357.1,     -0.000,      0.020,      1.347,        0.0,     2106.0,        0.0,     35.161,      0.000,      73880,     147732,    536.462,    -21.687,       0.00,       0.00,     120.83,       0.00,       -349
-266,     282.44,      73386,     214.75,       0.00,     214.75,       2.52,       0.00,       0.00,     282.44,      356.3,      356.3,     -0.000,      0.020,      1.348,        0.0,     2114.7,        0.0,     34.771,      0.000,      73706,     148260,    536.462,    -21.937,       0.00,       0.00,     120.83,       0.00,       -349
-265,     285.83,      73224,     217.25,       0.00,     217.25,       2.50,       0.00,       0.00,     285.83,      355.5,      355.5,     -0.000,      0.021,      1.348,        0.0,     2123.3,        0.0,     34.355,      0.000,      73536,     148799,    536.462,    -22.185,       0.00,       0.00,     120.83,       0.00,       -349
-264,     289.21,      73065,     219.72,       0.00,     219.72,       2.47,       0.00,       0.00,     289.21,      354.7,      354.7,     -0.000,      0.021,      1.348,        0.0,     2131.6,        0.0,     33.908,      0.000,      73369,     149348,    536.462,    -22.431,       0.00,       0.00,     120.83,       0.00,       -349
-263,     292.56,      72909,     222.16,       0.00,     222.16,       2.44,       0.00,       0.00,     292.56,      354.0,      354.0,     -0.000,      0.021,      1.348,        0.0,     2139.5,        0.0,     33.427,      0.000,      73203,     149904,    536.462,    -22.675,       0.00,       0.00,     120.83,       0.00,       -349
-262,     295.89,      72754,     224.57,       0.00,     224.57,       2.41,       0.00,       0.00,     295.89,      353.3,      353.3,     -0.000,      0.022,      1.348,        0.0,     2147.3,        0.0,     32.914,      0.000,      73039,     150464,    536.462,    -22.916,       0.00,       0.00,     120.83,       0.00,       -349
-261,     299.20,      72600,     226.95,       0.00,     226.95,       2.37,       0.00,       0.00,     299.20,      352.6,      352.6,     -0.000,      0.022,      1.348,        0.0,     2153.5,        0.0,     32.371,      0.000,      72874,     151025,    536.462,    -23.155,       0.00,       0.00,     120.83,       0.00,       -349
-260,     302.48,      72445,     229.28,       0.00,     229.28,       2.33,       0.00,       0.00,     302.48,      351.9,      351.9,     -0.000,      0.022,      1.348,        0.0,     2159.0,        0.0,     31.805,      0.000,      72709,     151582,    536.462,    -23.392,       0.00,       0.00,     120.83,       0.00,       -349
-259,     305.73,      72288,     231.58,       0.00,     231.58,       2.29,       0.00,       0.00,     305.73,      351.3,      351.3,     -0.000,      0.023,      1.348,        0.0,     2164.5,        0.0,     31.227,      0.000,      72543,     152131,    536.462,    -23.626,       0.00,       0.00,     120.83,       0.00,       -349
-258,     308.96,      72130,     233.83,       0.00,     233.83,       2.25,       0.00,       0.00,     308.96,      350.7,      350.7,     -0.000,      0.023,      1.348,        0.0,     2169.3,        0.0,     30.651,      0.000,      72375,     152667,    536.462,    -23.858,       0.00,       0.00,     120.83,       0.00,       -349
-257,     312.16,      71971,     236.05,       0.00,     236.05,       2.21,       0.00,       0.00,     312.16,      350.1,      350.1,     -0.000,      0.023,      1.348,        0.0,     2174.0,        0.0,     30.095,      0.000,      72206,     153184,    536.462,    -24.087,       0.00,       0.00,     120.83,       0.00,       -349
-256,     315.33,      71810,     238.22,       0.00,     238.22,       2.18,       0.00,       0.00,     315.33,      349.5,      349.5,     -0.000,      0.024,      1.349,        0.0,     2178.5,        0.0,     29.583,      0.000,      72037,     153677,    536.462,    -24.314,       0.00,       0.00,     120.83,       0.00,       -349
-255,     318.48,      71650,     240.37,       0.00,     240.37,       2.14,       0.00,       0.00,     318.48,      348.9,      348.9,     -0.000,      0.024,      1.349,        0.0,     2181.4,        0.0,     29.141,      0.000,      71870,     154139,    536.462,    -24.538,       0.00,       0.00,     120.83,       0.00,       -349
-254,     321.59,      71492,     242.49,       0.00,     242.49,       2.12,       0.00,       0.00,     321.59,      348.3,      348.3,     -0.000,      0.024,      1.349,        0.0,     2184.2,        0.0,     28.800,      0.000,      71706,     154563,    536.462,    -24.760,       0.00,       0.00,     120.83,       0.00,       -349
-253,     324.67,      71338,     244.59,       0.00,     244.59,       2.10,       0.00,       0.00,     324.67,      347.8,      347.8,     -0.000,      0.025,      1.349,        0.0,     2187.0,        0.0,     28.595,      0.000,      71549,     154942,    536.462,    -24.979,       0.00,       0.00,     120.83,       0.00,       -349
-252,     327.73,      71191,     246.69,       0.00,     246.69,       2.10,       0.00,       0.00,     327.73,      347.3,      347.3,     -0.000,      0.025,      1.349,        0.0,     2188.6,        0.0,     28.560,      0.000,      71402,     155269,    536.462,    -25.195,       0.00,       0.00,     120.83,       0.00,       -349
-251,     330.75,      71056,     248.80,       0.00,     248.80,       2.11,       0.00,       0.00,     330.75,      346.8,      346.8,     -0.000,      0.025,      1.349,        0.0,     2190.2,        0.0,     28.733,      0.000,      71269,     155538,    536.462,    -25.408,       0.00,       0.00,     120.83,       0.00,       -349
-250,     333.73,      70938,     250.94,       0.00,     250.94,       2.14,       0.00,       0.00,     333.73,      346.3,      346.3,     -0.000,      0.025,      1.349,        0.0,     2191.5,        0.0,     29.147,      0.000,      71156,     155739,    536.462,    -25.619,       0.00,       0.00,     120.83,       0.00,       -349
-249,     336.69,      70841,     253.13,       0.00,     253.13,       2.19,       0.00,       0.00,     336.69,      345.9,      345.9,     -0.000,      0.026,      1.349,        0.0,     2192.3,        0.0,     29.833,      0.000,      71070,     155868,    536.462,    -25.827,       0.00,       0.00,     120.83,       0.00,       -349
-248,     339.61,      70772,     255.39,       0.00,     255.39,       2.26,       0.00,       0.00,     339.61,      345.5,      345.5,     -0.000,      0.026,      1.349,        0.0,     2193.1,        0.0,     30.817,      0.000,      71016,     155915,    536.462,    -26.032,       0.00,       0.00,     120.83,       0.00,       -349
-247,     342.49,      70737,     257.75,       0.00,     257.75,       2.36,       0.00,       0.00,     342.49,      345.1,      345.1,     -0.000,      0.026,      1.349,        0.0,     2193.1,        0.0,     32.092,      0.000,      71002,     155876,    536.462,    -26.235,       0.00,       0.00,     120.83,       0.00,       -349
-246,     345.35,      70742,     260.22,       0.00,     260.22,       2.47,       0.00,       0.00,     345.35,      344.8,      344.8,     -0.000,      0.026,      1.349,        0.0,     2192.4,        0.0,     33.672,      0.000,      71035,     155744,    536.462,    -26.436,       0.00,       0.00,     120.83,       0.00,       -349
-245,     348.16,      70794,     262.83,       0.00,     262.83,       2.61,       0.00,       0.00,     348.16,      344.5,      344.5,     -0.000,      0.027,      1.349,        0.0,     2191.6,        0.0,     35.531,      0.000,      71121,     155514,    536.462,    -26.634,       0.00,       0.00,     120.83,       0.00,       -349
-244,     350.94,      70898,     265.60,       0.00,     265.60,       2.76,       0.00,       0.00,     350.94,      344.3,      344.3,     -0.000,      0.027,      1.349,        0.0,     2189.7,        0.0,     37.623,      0.000,      71266,     155180,    536.462,    -26.830,       0.00,       0.00,     120.83,       0.00,       -349
-243,     353.69,      71059,     268.53,       0.00,     268.53,       2.93,       0.00,       0.00,     353.69,      344.1,      344.1,     -0.000,      0.027,      1.349,        0.0,     2187.4,        0.0,     39.892,      0.000,      71474,     154739,    536.462,    -27.023,       0.00,       0.00,     120.83,       0.00,       -349
-242,     356.39,      71279,     271.65,       0.00,     271.65,       3.12,       0.00,       0.00,     356.39,      344.0,      344.0,     -0.000,      0.028,      1.349,        0.0,     2185.0,        0.0,     42.268,      0.000,      71748,     154187,    536.462,    -27.215,       0.00,       0.00,     120.83,       0.00,       -349
-241,     359.06,      71561,     274.94,       0.00,     274.94,       3.30,       0.00,       0.00,     359.06,      343.9,      343.9,     -0.000,      0.028,      1.349,        0.0,     2181.2,        0.0,     44.673,      0.000,      72088,     153524,    536.462,    -27.405,       0.00,       0.00,     120.83,       0.00,       -349
-240,     361.69,      71904,     278.43,       0.00,     278.43,       3.48,       0.00,       0.00,     361.69,      343.9,      343.9,     -0.000,      0.028,      1.349,        0.0,     2177.3,        0.0,     47.065,      0.000,      72493,     152748,    536.462,    -27.593,       0.00,       0.00,     120.83,       0.00,       -349
-239,     364.29,      72307,     282.09,       0.00,     282.09,       3.66,       0.00,       0.00,     364.29,      343.9,      343.9,     -0.000,      0.028,      1.349,        0.0,     2173.3,        0.0,     49.343,      0.000,      72960,     151860,    536.462,    -27.779,       0.00,       0.00,     120.83,       0.00,       -349
-238,     366.84,      72768,     285.92,       0.00,     285.92,       3.83,       0.00,       0.00,     366.84,      344.0,      344.0,     -0.000,      0.029,      1.349,        0.0,     2168.6,        0.0,     51.465,      0.000,      73483,     150862,    536.462,    -27.963,       0.00,       0.00,     120.83,       0.00,       -349
-237,     369.36,      73282,     289.91,       0.00,     289.91,       3.99,       0.00,       0.00,     369.36,      344.1,      344.1,     -0.000,      0.029,      1.349,        0.0,     2163.9,        0.0,     53.404,      0.000,      74059,     149759,    536.462,    -28.146,       0.00,       0.00,     120.83,       0.00,       -349
-236,     371.83,      73845,     294.04,       0.00,     294.04,       4.13,       0.00,       0.00,     371.83,      344.2,      344.2,     -0.000,      0.029,      1.349,        0.0,     2158.6,        0.0,     55.125,      0.000,      74680,     148555,    536.462,    -28.328,       0.00,       0.00,     120.83,       0.00,       -349
-235,     374.27,      74453,     298.30,       0.00,     298.30,       4.26,       0.00,       0.00,     374.27,      344.4,      344.4,     -0.000,      0.030,      1.349,        0.0,     2152.3,        0.0,     56.636,      0.000,      75342,     147257,    536.462,    -28.507,       0.00,       0.00,     120.83,       0.00,       -349
-234,     376.67,      75099,     302.67,       0.00,     302.67,       4.37,       0.00,       0.00,     376.67,      344.6,      344.6,     -0.000,      0.030,      1.349,        0.0,     2146.1,        0.0,     57.925,      0.000,      76039,     145874,    536.462,    -28.686,       0.00,       0.00,     120.83,       0.00,       -349
-233,     379.02,      75781,     307.14,       0.00,     307.14,       4.47,       0.00,       0.00,     379.02,      344.8,      344.8,     -0.000,      0.030,      1.349,        0.0,     2138.9,        0.0,     59.006,      0.000,      76764,     144415,    536.462,    -28.863,       0.00,       0.00,     120.83,       0.00,       -349
-232,     381.34,      76491,     311.70,       0.00,     311.70,       4.55,       0.00,       0.00,     381.34,      345.1,      345.1,     -0.000,      0.031,      1.349,        0.0,     2131.1,        0.0,     59.905,      0.000,      77514,     142890,    536.462,    -29.038,       0.00,       0.00,     120.83,       0.00,       -349
-231,     383.61,      77227,     316.32,       0.00,     316.32,       4.63,       0.00,       0.00,     383.61,      345.4,      345.4,     -0.000,      0.031,      1.349,        0.0,     2123.2,        0.0,     60.639,      0.000,      78284,     141310,    536.462,    -29.212,       0.00,       0.00,     120.83,       0.00,       -349
-230,     385.84,      77985,     321.01,       0.00,     321.01,       4.69,       0.00,       0.00,     385.84,      345.6,      345.6,     -0.000,      0.031,      1.349,        0.0,     2114.8,        0.0,     61.246,      0.000,      79073,     139685,    536.462,    -29.385,       0.00,       0.00,     120.83,       0.00,       -348
-229,     388.03,      78762,     325.74,       0.00,     325.74,       4.74,       0.00,       0.00,     388.03,      345.9,      345.9,     -0.000,      0.032,      1.349,        0.0,     2106.1,        0.0,     61.700,      0.000,      79875,     138028,    536.462,    -29.556,       0.00,       0.00,     120.83,       0.00,       -348
-228,     390.18,      79554,     330.52,       0.00,     330.52,       4.78,       0.00,       0.00,     390.18,      346.2,      346.2,     -0.000,      0.032,      1.349,        0.0,     2097.5,        0.0,     62.029,      0.000,      80689,     136349,    536.462,    -29.725,       0.00,       0.00,     120.83,       0.00,       -348
-227,     392.29,      80360,     335.33,       0.00,     335.33,       4.81,       0.00,       0.00,     392.29,      346.5,      346.5,     -0.000,      0.032,      1.349,        0.0,     2087.6,        0.0,     62.249,      0.000,      81512,     134659,    536.462,    -29.893,       0.00,       0.00,     120.83,       0.00,       -348
-226,     394.36,      81176,     340.16,       0.00,     340.16,       4.83,       0.00,       0.00,     394.36,      346.8,      346.8,     -0.000,      0.032,      1.349,        0.0,     2077.5,        0.0,     62.373,      0.000,      82342,     132969,    536.462,    -30.059,       0.00,       0.00,     120.83,       0.00,       -348
-225,     396.38,      82000,     345.00,       0.00,     345.00,       4.84,       0.00,       0.00,     396.38,      347.1,      347.1,     -0.000,      0.033,      1.349,        0.0,     2067.5,        0.0,     62.411,      0.000,      83177,     131290,    536.462,    -30.223,       0.00,       0.00,     120.83,       0.00,       -348
-224,     398.36,      82831,     349.85,       0.00,     349.85,       4.85,       0.00,       0.00,     398.36,      347.5,      347.5,     -0.000,      0.033,      1.349,        0.0,     2056.0,        0.0,     62.372,      0.000,      84015,     129631,    536.462,    -30.385,       0.00,       0.00,     120.83,       0.00,       -348
-223,     400.30,      83666,     354.69,       0.00,     354.69,       4.85,       0.00,       0.00,     400.30,      347.8,      347.8,     -0.000,      0.033,      1.349,        0.0,     2044.2,        0.0,     62.268,      0.000,      84855,     128002,    536.462,    -30.545,       0.00,       0.00,     120.83,       0.00,       -348
-222,     402.19,      84503,     359.53,       0.00,     359.53,       4.84,       0.00,       0.00,     402.19,      348.1,      348.1,     -0.000,      0.034,      1.349,        0.0,     2032.3,        0.0,     62.107,      0.000,      85695,     126410,    536.462,    -30.704,       0.00,       0.00,     120.83,       0.00,       -348
-221,     404.04,      85343,     364.36,       0.00,     364.36,       4.83,       0.00,       0.00,     404.04,      348.4,      348.4,     -0.000,      0.034,      1.349,        0.0,     2019.7,        0.0,     61.894,      0.000,      86535,     124861,    536.462,    -30.860,       0.00,       0.00,     120.83,       0.00,       -348
-220,     405.85,      86183,     369.17,       0.00,     369.17,       4.81,       0.00,       0.00,     405.85,      348.7,      348.7,     -0.000,      0.034,      1.349,        0.0,     2007.2,        0.0,     61.636,      0.000,      87374,     123362,    536.462,    -31.014,       0.00,       0.00,     120.83,       0.00,       -348
-219,     407.61,      87023,     373.96,       0.00,     373.96,       4.79,       0.00,       0.00,     407.61,      349.0,      349.0,     -0.000,      0.035,      1.349,        0.0,     1994.1,        0.0,     61.338,      0.000,      88210,     121917,    536.462,    -31.165,       0.00,       0.00,     120.83,       0.00,       -348
-218,     409.33,      87861,     378.72,       0.00,     378.72,       4.76,       0.00,       0.00,     409.33,      349.3,      349.3,     -0.000,      0.035,      1.349,        0.0,     1980.0,        0.0,     61.005,      0.000,      89044,     120528,    536.462,    -31.314,       0.00,       0.00,     120.83,       0.00,       -348
-217,     411.01,      88697,     383.45,       0.00,     383.45,       4.73,       0.00,       0.00,     411.01,      349.6,      349.6,     -0.000,      0.035,      1.349,        0.0,     1965.8,        0.0,     60.642,      0.000,      89874,     119199,    536.462,    -31.461,       0.00,       0.00,     120.83,       0.00,       -348
-216,     412.64,      89531,     388.14,       0.00,     388.14,       4.69,       0.00,       0.00,     412.64,      349.9,      349.9,     -0.000,      0.035,      1.348,        0.0,     1950.9,        0.0,     60.238,      0.000,      90699,     117931,    536.462,    -31.605,       0.00,       0.00,     120.83,       0.00,       -348
-215,     414.23,      90360,     392.79,       0.00,     392.79,       4.65,       0.00,       0.00,     414.23,      350.2,      350.2,     -0.000,      0.036,      1.348,        0.0,     1935.1,        0.0,     59.823,      0.000,      91519,     116725,    536.462,    -31.747,       0.00,       0.00,     120.83,       0.00,       -348
-214,     415.78,      91184,     397.40,       0.00,     397.40,       4.61,       0.00,       0.00,     415.78,      350.5,      350.5,     -0.000,      0.036,      1.348,        0.0,     1919.4,        0.0,     59.390,      0.000,      92334,     115580,    536.462,    -31.886,       0.00,       0.00,     120.83,       0.00,       -348
-213,     417.28,      92004,     401.97,       0.00,     401.97,       4.56,       0.00,       0.00,     417.28,      350.8,      350.8,     -0.000,      0.036,      1.348,        0.0,     1902.6,        0.0,     58.938,      0.000,      93144,     114495,    536.462,    -32.022,       0.00,       0.00,     120.83,       0.00,       -348
-212,     418.73,      92819,     406.48,       0.00,     406.48,       4.51,       0.00,       0.00,     418.73,      351.1,      351.1,     -0.000,      0.036,      1.348,        0.0,     1885.3,        0.0,     58.468,      0.000,      93947,     113469,    536.462,    -32.155,       0.00,       0.00,     120.83,       0.00,       -348
-211,     420.15,      93627,     410.94,       0.00,     410.94,       4.46,       0.00,       0.00,     420.15,      351.4,      351.4,     -0.000,      0.037,      1.348,        0.0,     1868.0,        0.0,     57.984,      0.000,      94742,     112500,    536.462,    -32.285,       0.00,       0.00,     120.83,       0.00,       -348
-210,     421.51,      94430,     415.35,       0.00,     415.35,       4.41,       0.00,       0.00,     421.51,      351.7,      351.7,     -0.000,      0.037,      1.348,        0.0,     1849.9,        0.0,     57.481,      0.000,      95531,     111585,    536.462,    -32.412,       0.00,       0.00,     120.83,       0.00,       -348
-209,     422.84,      95226,     419.70,       0.00,     419.70,       4.35,       0.00,       0.00,     422.84,      351.9,      351.9,     -0.000,      0.037,      1.348,        0.0,     1831.9,        0.0,     56.960,      0.000,      96312,     110721,    536.462,    -32.536,       0.00,       0.00,     120.83,       0.00,       -348
-208,     424.11,      96015,     423.99,       0.00,     423.99,       4.29,       0.00,       0.00,     424.11,      352.2,      352.2,     -0.000,      0.037,      1.348,        0.0,     1813.6,        0.0,     56.418,      0.000,      97085,     109904,    536.462,    -32.657,       0.00,       0.00,     120.83,       0.00,       -348
-207,     425.35,      96797,     428.22,       0.00,     428.22,       4.23,       0.00,       0.00,     425.35,      352.5,      352.5,     -0.000,      0.038,      1.348,        0.0,     1793.9,        0.0,     55.853,      0.000,      97851,     109131,    536.462,    -32.774,       0.00,       0.00,     120.83,       0.00,       -348
-206,     426.54,      97571,     432.37,       0.00,     432.37,       4.16,       0.00,       0.00,     426.54,      352.8,      352.8,     -0.000,      0.038,      1.348,        0.0,     1774.3,        0.0,     55.266,      0.000,      98607,     108398,    536.462,    -32.888,       0.00,       0.00,     120.83,       0.00,       -348
-205,     427.68,      98337,     436.46,       0.00,     436.46,       4.09,       0.00,       0.00,     427.68,      353.0,      353.0,     -0.000,      0.038,      1.348,        0.0,     1754.1,        0.0,     54.654,      0.000,      99355,     107700,    536.462,    -32.998,       0.00,       0.00,     120.83,       0.00,       -348
-204,     428.78,      99095,     440.47,       0.00,     440.47,       4.01,       0.00,       0.00,     428.78,      353.3,      353.3,     -0.000,      0.038,      1.348,        0.0,     1732.8,        0.0,     54.015,      0.000,     100092,     107035,    536.462,    -33.105,       0.00,       0.00,     120.83,       0.00,       -348
-203,     429.84,      99842,     444.41,       0.00,     444.41,       3.93,       0.00,       0.00,     429.84,      353.6,      353.6,     -0.000,      0.039,      1.348,        0.0,     1711.6,        0.0,     53.349,      0.000,     100819,     106397,    536.462,    -33.208,       0.00,       0.00,     120.83,       0.00,       -348
-202,     430.85,     100581,     448.26,       0.00,     448.26,       3.85,       0.00,       0.00,     430.85,      353.8,      353.8,     -0.000,      0.039,      1.348,        0.0,     1689.9,        0.0,     52.655,      0.000,     101536,     105785,    536.462,    -33.308,       0.00,       0.00,     120.83,       0.00,       -347
-201,     431.82,     101309,     452.03,       0.00,     452.03,       3.77,       0.00,       0.00,     431.82,      354.1,      354.1,     -0.000,      0.039,      1.348,        0.0,     1667.9,        0.0,     51.933,      0.000,     102241,     105193,    536.462,    -33.403,       0.00,       0.00,     120.83,       0.00,       -347
-200,     432.74,     102026,     455.71,       0.00,     455.71,       3.68,       0.00,       0.00,     432.74,      354.4,      354.4,     -0.000,      0.039,      1.348,        0.0,     1645.9,        0.0,     51.183,      0.000,     102935,     104620,    536.462,    -33.495,       0.00,       0.00,     120.83,       0.00,       -347
-199,     433.61,     102733,     459.31,       0.00,     459.31,       3.60,       0.00,       0.00,     433.61,      354.6,      354.6,     -0.000,      0.039,      1.348,        0.0,     1624.3,        0.0,     50.405,      0.000,     103617,     104062,    536.462,    -33.583,       0.00,       0.00,     120.83,       0.00,       -347
-198,     434.44,     103429,     462.82,       0.00,     462.82,       3.51,       0.00,       0.00,     434.44,      354.9,      354.9,     -0.000,      0.040,      1.348,        0.0,     1602.9,        0.0,     49.599,      0.000,     104288,     103519,    536.462,    -33.666,       0.00,       0.00,     120.83,       0.00,       -347
-197,     435.23,     104114,     466.24,       0.00,     466.24,       3.42,       0.00,       0.00,     435.23,      355.2,      355.2,     -0.000,      0.040,      1.348,        0.0,     1581.4,        0.0,     48.767,      0.000,     104947,     102987,    536.462,    -33.746,       0.00,       0.00,     120.83,       0.00,       -347
-196,     435.97,     104789,     469.56,       0.00,     469.56,       3.32,       0.00,       0.00,     435.97,      355.4,      355.4,     -0.000,      0.040,      1.348,        0.0,     1558.0,        0.0,     47.909,      0.000,     105595,     102466,    536.462,    -33.821,       0.00,       0.00,     120.83,       0.00,       -347
-195,     436.67,     105451,     472.79,       0.00,     472.79,       3.23,       0.00,       0.00,     436.67,      355.7,      355.7,     -0.000,      0.040,      1.348,        0.0,     1533.6,        0.0,     47.052,      0.000,     106222,     101957,    536.462,    -33.892,       0.00,       0.00,     120.83,       0.00,       -347
-194,     437.32,     106102,     475.92,       0.00,     475.92,       3.13,       0.00,       0.00,     437.32,      355.9,      355.9,     -0.000,      0.040,      1.348,        0.0,     1509.2,        0.0,     46.169,      0.000,     106837,     101457,    536.462,    -33.959,       0.00,       0.00,     120.83,       0.00,       -347
-193,     437.93,     106741,     478.94,       0.00,     478.94,       3.03,       0.00,       0.00,     437.93,      356.2,      356.2,     -0.000,      0.040,      1.348,        0.0,     1483.4,        0.0,     45.273,      0.000,     107441,     100969,    536.462,    -34.022,       0.00,       0.00,     120.83,       0.00,       -347
-192,     438.49,     107368,     481.87,       0.00,     481.87,       2.93,       0.00,       0.00,     438.49,      356.4,      356.4,     -0.000,      0.040,      1.348,        0.0,     1457.5,        0.0,     44.365,      0.000,     108032,     100493,    536.462,    -34.079,       0.00,       0.00,     120.83,       0.00,       -347
-191,     439.01,     107982,     484.70,       0.00,     484.70,       2.83,       0.00,       0.00,     439.01,      356.7,      356.7,     -0.000,      0.040,      1.348,        0.0,     1431.6,        0.0,     43.443,      0.000,     108613,     100031,    536.462,    -34.133,       0.00,       0.00,     120.83,       0.00,       -347
-190,     439.48,     108584,     487.42,       0.00,     487.42,       2.73,       0.00,       0.00,     439.48,      356.9,      356.9,     -0.000,      0.041,      1.347,        0.0,     1406.5,        0.0,     42.511,      0.000,     109182,      99584,    536.462,    -34.182,       0.00,       0.00,     120.83,       0.00,       -347
-189,     439.91,     109176,     490.05,       0.00,     490.05,       2.63,       0.00,       0.00,     439.91,      357.2,      357.2,     -0.000,      0.041,      1.347,        0.0,     1381.3,        0.0,     41.571,      0.000,     109742,      99155,    536.462,    -34.226,       0.00,       0.00,     120.83,       0.00,       -347
-188,     440.29,     109756,     492.58,       0.00,     492.58,       2.53,       0.00,       0.00,     440.29,      357.4,      357.4,     -0.000,      0.041,      1.347,        0.0,     1355.9,        0.0,     40.620,      0.000,     110291,      98747,    536.462,    -34.265,       0.00,       0.00,     120.83,       0.00,       -347
-187,     440.63,     110326,     495.02,       0.00,     495.02,       2.43,       0.00,       0.00,     440.63,      357.7,      357.7,     -0.000,      0.041,      1.347,        0.0,     1329.9,        0.0,     39.669,      0.000,     110831,      98364,    536.462,    -34.300,       0.00,       0.00,     120.83,       0.00,       -347
-186,     440.92,     110886,     497.35,       0.00,     497.35,       2.34,       0.00,       0.00,     440.92,      357.9,      357.9,     -0.000,      0.041,      1.347,        0.0,     1304.0,        0.0,     38.723,      0.000,     111362,      98008,    536.462,    -34.330,       0.00,       0.00,     120.83,       0.00,       -347
-185,     441.17,     111437,     499.59,       0.00,     499.59,       2.24,       0.00,       0.00,     441.17,      358.2,      358.2,     -0.000,      0.041,      1.347,        0.0,     1278.1,        0.0,     37.772,      0.000,     111885,      97683,    536.462,    -34.355,       0.00,       0.00,     120.83,       0.00,       -347
-184,     441.37,     111978,     501.74,       0.00,     501.74,       2.15,       0.00,       0.00,     441.37,      358.4,      358.4,     -0.000,      0.041,      1.347,        0.0,     1252.1,        0.0,     36.822,      0.000,     112399,      97393,    536.462,    -34.375,       0.00,       0.00,     120.83,       0.00,       -347
-183,     441.53,     112511,     503.80,       0.00,     503.80,       2.06,       0.00,       0.00,     441.53,      358.7,      358.7,     -0.000,      0.041,      1.347,        0.0,     1226.2,        0.0,     35.922,      0.000,     112889,      97144,    536.462,    -34.390,       0.00,       0.00,     120.83,       0.00,       -347
-182,     441.64,     113036,     505.77,       0.00,     505.77,       1.97,       0.00,       0.00,     441.64,      359.0,      359.0,     -0.000,      0.041,      1.347,        0.0,     1200.2,        0.0,     35.014,      0.000,     113374,      96939,    536.462,    -34.401,       0.00,       0.00,     120.83,       0.00,       -347
-181,     441.71,     113555,     507.65,       0.00,     507.65,       1.88,       0.00,       0.00,     441.71,      359.2,      359.2,     -0.000,      0.041,      1.347,        0.0,     1174.3,        0.0,     34.107,      0.000,     113855,      96782,    536.462,    -34.406,       0.00,       0.00,     120.83,       0.00,       -347
-180,     441.73,     114068,     509.45,       0.00,     509.45,       1.80,       0.00,       0.00,     441.73,      359.5,      359.5,     -0.000,      0.041,      1.347,        0.0,     1148.3,        0.0,     33.203,      0.000,     114333,      96679,    536.462,    -34.406,       0.00,       0.00,     120.83,       0.00,       -347
-179,     441.71,     114576,     511.16,       0.00,     511.16,       1.72,       0.00,       0.00,     441.71,      359.8,      359.8,     -0.000,      0.041,      1.347,        0.0,     1123.1,        0.0,     32.300,      0.000,     114809,      96634,    536.462,    -34.401,       0.00,       0.00,     120.83,       0.00,       -347
-178,     441.64,     115078,     512.80,       0.00,     512.80,       1.63,       0.00,       0.00,     441.64,      360.1,      360.1,     -0.000,      0.041,      1.347,        0.0,     1098.0,        0.0,     31.396,      0.000,     115283,      96652,    536.462,    -34.390,       0.00,       0.00,     120.83,       0.00,       -347
-177,     441.53,     115577,     514.35,       0.00,     514.35,       1.56,       0.00,       0.00,     441.53,      360.3,      360.3,     -0.000,      0.041,      1.347,        0.0,     1072.7,        0.0,     30.498,      0.000,     115756,      96736,    536.462,    -34.375,       0.00,       0.00,     120.83,       0.00,       -346
-176,     441.37,     116072,     515.77,       0.00,     515.77,       1.42,       0.00,       0.00,     441.37,      360.6,      360.6,     -0.000,      0.041,      1.347,        0.0,     1046.7,        0.0,     32.053,      0.000,     116197,      96892,    536.462,    -34.354,       0.00,       0.00,     120.83,       0.00,       -346
-175,     441.17,     116550,     517.14,       0.00,     517.14,       1.37,       0.00,       0.00,     441.17,      360.9,      360.9,     -0.000,      0.041,      1.347,        0.0,     1020.8,        0.0,     31.477,      0.000,     116663,      97123,    536.462,    -34.328,       0.00,       0.00,     120.83,       0.00,       -346
-174,     440.92,     117031,     518.58,       0.00,     518.58,       1.44,       0.00,       0.00,     440.92,      361.2,      361.2,     -0.000,      0.041,      1.347,        0.0,      994.9,        0.0,     25.282,      0.000,     117220,      97433,    536.462,    -34.296,       0.00,       0.00,     120.83,       0.00,       -346
-173,     440.63,     117547,     519.80,       0.00,     519.80,       1.22,       0.00,       0.00,     440.63,      361.5,      361.5,     -0.000,      0.041,      1.347,        0.0,      968.9,        0.0,     28.919,      0.000,     117669,      97824,    536.462,    -34.259,       0.00,       0.00,     120.83,       0.00,       -346
-172,     440.29,     118026,     521.08,       0.00,     521.08,       1.28,       0.00,       0.00,     440.29,      361.8,      361.8,     -0.000,      0.041,      1.347,        0.0,      943.0,        0.0,     26.280,      0.000,     118198,      98300,    536.462,    -34.216,       0.00,       0.00,     120.83,       0.00,       -346
-171,     439.91,     118537,     522.31,       0.00,     522.31,       1.22,       0.00,       0.00,     439.91,      362.1,      362.1,     -0.000,      0.041,      1.347,        0.0,      918.4,        0.0,     24.960,      0.000,     118722,      98861,    536.462,    -34.169,       0.00,       0.00,     120.83,       0.00,       -346
-170,     439.48,     119050,     523.48,       0.00,     523.48,       1.17,       0.00,       0.00,     439.48,      362.5,      362.5,     -0.000,      0.041,      1.347,        0.0,      894.8,        0.0,     23.906,      0.000,     119250,      99509,    536.462,    -34.115,       0.00,       0.00,     120.83,       0.00,       -346
-169,     439.01,     119569,     524.61,       0.00,     524.61,       1.13,       0.00,       0.00,     439.01,      362.8,      362.8,     -0.000,      0.041,      1.347,        0.0,      871.2,        0.0,     22.908,      0.000,     119782,     100244,    536.462,    -34.056,       0.00,       0.00,     120.83,       0.00,       -346
-168,     438.49,     120094,     525.69,       0.00,     525.69,       1.08,       0.00,       0.00,     438.49,      363.1,      363.1,     -0.000,      0.041,      1.347,        0.0,      846.4,        0.0,     21.913,      0.000,     120320,     101063,    536.462,    -33.991,       0.00,       0.00,     120.83,       0.00,       -346
-167,     437.93,     120626,     526.73,       0.00,     526.73,       1.04,       0.00,       0.00,     437.93,      363.5,      363.5,     -0.000,      0.041,      1.347,        0.0,      820.5,        0.0,     20.916,      0.000,     120865,     101965,    536.462,    -33.921,       0.00,       0.00,     120.83,       0.00,       -346
-166,     437.32,     121165,     527.72,       0.00,     527.72,       0.99,       0.00,       0.00,     437.32,      363.9,      363.9,     -0.000,      0.041,      1.346,        0.0,      794.5,        0.0,     19.916,      0.000,     121414,     102947,    536.462,    -33.844,       0.00,       0.00,     120.83,       0.00,       -346
-165,     436.67,     121711,     528.67,       0.00,     528.67,       0.95,       0.00,       0.00,     436.67,      364.2,      364.2,     -0.000,      0.040,      1.346,        0.0,      769.2,        0.0,     18.915,      0.000,     121967,     104003,    536.462,    -33.762,       0.00,       0.00,     120.83,       0.00,       -346
-164,     435.97,     122264,     529.57,       0.00,     529.57,       0.90,       0.00,       0.00,     435.97,      364.6,      364.6,     -0.000,      0.040,      1.346,        0.0,      744.0,        0.0,     17.910,      0.000,     122525,     105128,    536.462,    -33.674,       0.00,       0.00,     120.83,       0.00,       -346
-163,     435.23,     122825,     530.42,       0.00,     530.42,       0.85,       0.00,       0.00,     435.23,      365.0,      365.0,     -0.000,      0.040,      1.346,        0.0,      718.8,        0.0,     16.901,      0.000,     123088,     106316,    536.462,    -33.580,       0.00,       0.00,     120.83,       0.00,       -346
-162,     434.44,     123392,     531.22,       0.00,     531.22,       0.80,       0.00,       0.00,     434.44,      365.4,      365.4,     -0.000,      0.040,      1.346,        0.0,      692.9,        0.0,     15.890,      0.000,     123656,     107559,    536.462,    -33.481,       0.00,       0.00,     120.83,       0.00,       -346
-161,     433.61,     123967,     531.98,       0.00,     531.98,       0.75,       0.00,       0.00,     433.61,      365.8,      365.8,     -0.000,      0.040,      1.346,        0.0,      667.0,        0.0,     14.874,      0.000,     124230,     108848,    536.462,    -33.375,       0.00,       0.00,     120.83,       0.00,       -346
-160,     432.74,     124550,     532.68,       0.00,     532.68,       0.71,       0.00,       0.00,     432.74,      366.2,      366.2,     -0.000,      0.040,      1.346,        0.0,      641.1,        0.0,     13.854,      0.000,     124808,     110174,    536.462,    -33.263,       0.00,       0.00,     120.83,       0.00,       -346
-159,     431.82,     125140,     533.34,       0.00,     533.34,       0.66,       0.00,       0.00,     431.82,      366.6,      366.6,     -0.000,      0.040,      1.346,        0.0,      615.1,        0.0,     12.831,      0.000,     125390,     111527,    536.462,    -33.145,       0.00,       0.00,     120.83,       0.00,       -346
-158,     430.85,     125738,     533.94,       0.00,     533.94,       0.60,       0.00,       0.00,     430.85,      367.1,      367.1,     -0.000,      0.039,      1.346,        0.0,      589.2,        0.0,     11.805,      0.000,     125976,     112896,    536.462,    -33.020,       0.00,       0.00,     120.83,       0.00,       -346
-157,     429.84,     126344,     534.50,       0.00,     534.50,       0.55,       0.00,       0.00,     429.84,      367.5,      367.5,     -0.000,      0.039,      1.346,        0.0,      563.5,        0.0,     10.774,      0.000,     126568,     114271,    536.462,    -32.890,       0.00,       0.00,     120.83,       0.00,       -346
-156,     428.78,     126958,     535.00,       0.00,     535.00,       0.50,       0.00,       0.00,     428.78,      368.0,      368.0,     -0.000,      0.039,      1.346,        0.0,      538.3,        0.0,      9.737,      0.000,     127164,     115640,    536.462,    -32.753,       0.00,       0.00,     120.83,       0.00,       -346
-155,     427.68,     127580,     535.45,       0.00,     535.45,       0.45,       0.00,       0.00,     427.68,      368.5,      368.5,     -0.000,      0.039,      1.346,        0.0,      513.2,        0.0,      8.693,      0.000,     127766,     116994,    536.462,    -32.610,       0.00,       0.00,     120.83,       0.00,       -346
-154,     426.54,     128210,     535.85,       0.00,     535.85,       0.40,       0.00,       0.00,     426.54,      368.9,      368.9,     -0.000,      0.039,      1.346,        0.0,      488.0,        0.0,      7.641,      0.000,     128373,     118324,    536.462,    -32.460,       0.00,       0.00,     120.83,       0.00,       -346
-153,     425.35,     128848,     536.19,       0.00,     536.19,       0.34,       0.00,       0.00,     425.35,      369.4,      369.4,     -0.000,      0.039,      1.346,        0.0,      462.9,        0.0,      6.580,      0.000,     128986,     119621,    536.462,    -32.304,       0.00,       0.00,     120.83,       0.00,       -346
-152,     424.11,     129495,     536.48,       0.00,     536.48,       0.29,       0.00,       0.00,     424.11,      369.9,      369.9,     -0.000,      0.038,      1.346,        0.0,      437.7,        0.0,      5.507,      0.000,     129606,     120879,    536.462,    -32.141,       0.00,       0.00,     120.83,       0.00,       -345
-151,     422.84,     130151,     536.71,       0.00,     536.71,       0.23,       0.00,       0.00,     422.84,      370.4,      370.4,     -0.000,      0.038,      1.346,        0.0,      412.6,        0.0,      4.422,      0.000,     130232,     122093,    536.462,    -31.972,       0.00,       0.00,     120.83,       0.00,       -345
-150,     421.51,     130815,     536.88,       0.00,     536.88,       0.17,       0.00,       0.00,     421.51,      370.9,      370.9,     -0.000,      0.038,      1.345,        0.0,      387.4,        0.0,      3.321,      0.000,     130868,     123257,    536.462,    -31.796,       0.00,       0.00,     120.83,       0.00,       -345
-149,     420.15,     131487,     537.00,       0.00,     537.00,       0.12,       0.00,       0.00,     420.15,      371.5,      371.5,     -0.000,      0.038,      1.345,        0.0,      362.2,        0.0,      2.199,      0.000,     131514,     124370,    536.462,    -31.613,       0.00,       0.00,     120.83,       0.00,       -345
-148,     418.73,     132168,     537.06,       0.00,     537.06,       0.06,       0.00,       0.00,     418.73,      372.0,      372.0,     -0.000,      0.037,      1.345,        0.0,      337.1,        0.0,      1.048,      0.000,     132175,     125429,    536.462,    -31.424,       0.00,       0.00,     120.83,       0.00,       -345
-147,     417.28,     132856,     537.06,       0.00,     537.06,      -0.00,       0.00,       0.00,     417.28,      372.6,      372.6,     -0.000,      0.037,      1.345,        0.0,      311.9,        0.0,      0.000,      0.000,     132858,     126433,    536.462,    -31.227,       0.00,       0.00,     120.83,       0.00,       -345
-146,     415.78,     133555,     536.99,       0.00,     536.99,      -0.07,       0.00,       0.00,     415.78,      373.1,      373.1,     -0.000,      0.037,      1.345,        0.0,      287.4,        0.0,     -1.400,      0.000,     133541,     127384,    536.462,    -31.024,       0.00,       0.00,     120.83,       0.00,       -345
-145,     414.23,     134257,     536.87,       0.00,     536.87,      -0.12,       0.00,       0.00,     414.23,      373.7,      373.7,     -0.000,      0.037,      1.345,        0.0,      265.4,        0.0,     -2.585,      0.000,     134196,     128281,    536.462,    -30.814,       0.00,       0.00,     120.83,       0.00,       -345
-144,     412.64,     134965,     536.69,       0.00,     536.69,      -0.17,       0.00,       0.00,     412.64,      374.3,      374.3,     -0.000,      0.036,      1.345,        0.0,      243.4,        0.0,     -3.654,      0.000,     134813,     129126,    536.462,    -30.596,       0.00,       0.00,     120.83,       0.00,       -345
-143,     411.01,     135682,     536.47,       0.00,     536.47,      -0.22,       0.00,       0.00,     411.01,      374.9,      374.9,     -0.000,      0.036,      1.345,        0.0,      223.0,        0.0,     -4.614,      0.000,     135378,     129921,    536.462,    -30.372,       0.00,       0.00,     120.83,       0.00,       -345
-142,     409.33,     136409,     536.21,       0.00,     536.21,      -0.26,       0.00,       0.00,     409.33,      375.4,      375.4,     -0.000,      0.036,      1.345,        0.0,      205.2,        0.0,     -5.461,      0.000,     135883,     130670,    536.462,    -30.140,       0.00,       0.00,     120.83,       0.00,       -345
-141,     407.61,     137149,     535.92,       0.00,     535.92,      -0.29,       0.00,       0.00,     407.61,      376.0,      376.0,     -0.000,      0.035,      1.345,        0.0,      187.3,        0.0,     -6.161,      0.000,     136311,     131374,    536.462,    -29.901,       0.00,       0.00,     120.83,       0.00,       -345
-140,     405.85,     137904,     535.60,       0.00,     535.60,      -0.32,       0.00,       0.00,     405.85,      376.6,      376.6,     -0.000,      0.035,      1.345,        0.0,      169.9,        0.0,     -6.695,      0.000,     136650,     132037,    536.462,    -29.655,       0.00,       0.00,     120.83,       0.00,       -345
-139,     404.04,     138677,     535.26,       0.00,     535.26,      -0.34,       0.00,       0.00,     404.04,      377.2,      377.2,     -0.000,      0.035,      1.345,        0.0,      153.4,        0.0,     -7.061,      0.000,     136898,     132663,    536.462,    -29.401,       0.00,       0.00,     120.83,       0.00,       -345
-138,     402.19,     139473,     534.92,       0.00,     534.92,      -0.35,       0.00,       0.00,     402.19,      377.8,      377.8,     -0.000,      0.034,      1.344,        0.0,      136.9,        0.0,     -7.229,      0.000,     137041,     133254,    536.462,    -29.140,       0.00,       0.00,     120.83,       0.00,       -345
-137,     400.30,     140295,     534.57,       0.00,     534.57,      -0.35,       0.00,       0.00,     400.30,      378.5,      378.5,     -0.000,      0.034,      1.344,        0.0,      122.5,        0.0,     -7.277,      0.000,     137117,     133813,    536.462,    -28.871,       0.00,       0.00,     120.83,       0.00,       -345
-136,     398.36,     141146,     534.23,       0.00,     534.23,      -0.34,       0.00,       0.00,     398.36,      379.1,      379.1,     -0.000,      0.034,      1.344,        0.0,      109.9,        0.0,     -7.229,      0.000,     137140,     134344,    536.462,    -28.595,       0.00,       0.00,     120.83,       0.00,       -345
-135,     396.38,     142027,     533.89,       0.00,     533.89,      -0.33,       0.00,       0.00,     396.38,      379.8,      379.8,     -0.000,      0.033,      1.344,        0.0,       97.4,        0.0,     -7.021,      0.000,     137078,     134849,    536.462,    -28.310,       0.00,       0.00,     120.83,       0.00,       -345
-134,     394.36,     142944,     533.57,       0.00,     533.57,      -0.32,       0.00,       0.00,     394.36,      380.5,      380.5,     -0.000,      0.033,      1.344,        0.0,       87.2,        0.0,     -6.810,      0.000,     137013,     135331,    536.462,    -28.018,       0.00,       0.00,     120.83,       0.00,       -345
-133,     392.29,     143896,     533.26,       0.00,     533.26,      -0.31,       0.00,       0.00,     392.29,      381.2,      381.2,     -0.000,      0.033,      1.344,        0.0,       77.7,        0.0,     -6.528,      0.000,     136910,     135794,    536.462,    -27.718,       0.00,       0.00,     120.83,       0.00,       -345
-132,     390.18,     144886,     532.97,       0.00,     532.97,      -0.29,       0.00,       0.00,     390.18,      381.9,      381.9,     -0.000,      0.032,      1.344,        0.0,       68.3,        0.0,     -6.133,      0.000,     136752,     136238,    536.462,    -27.410,       0.00,       0.00,     120.83,       0.00,       -345
-131,     388.03,     145916,     532.70,       0.00,     532.70,      -0.28,       0.00,       0.00,     388.03,      382.7,      382.7,     -0.000,      0.032,      1.344,        0.0,       61.9,        0.0,     -5.892,      0.000,     136672,     136667,    536.462,    -27.093,       0.00,       0.00,     120.83,       0.00,       -345
-130,     385.84,     146986,     532.43,       0.00,     532.43,      -0.26,       0.00,       0.00,     385.84,      383.4,      383.4,     -0.000,      0.031,      1.344,        0.0,       55.6,        0.0,     -5.589,      0.000,     136565,     137082,    536.462,    -26.768,       0.00,       0.00,     120.83,       0.00,       -345
-129,     383.61,     148097,     532.19,       0.00,     532.19,      -0.25,       0.00,       0.00,     383.61,      384.2,      384.2,     -0.000,      0.031,      1.343,        0.0,       49.7,        0.0,     -5.259,      0.000,     136451,     137485,    536.462,    -26.434,       0.00,       0.00,     120.83,       0.00,       -345
-128,     381.34,     149250,     531.95,       0.00,     531.95,      -0.24,       0.00,       0.00,     381.34,      385.0,      385.0,     -0.000,      0.031,      1.343,        0.0,       45.8,        0.0,     -5.070,      0.000,     136413,     137876,    536.462,    -26.092,       0.00,       0.00,     120.83,       0.00,       -345
-127,     379.02,     150445,     531.73,       0.00,     531.73,      -0.23,       0.00,       0.00,     379.02,      385.9,      385.9,     -0.000,      0.030,      1.343,        0.0,       41.9,        0.0,     -4.840,      0.000,     136362,     138258,    536.462,    -25.740,       0.00,       0.00,     120.83,       0.00,       -345
-126,     376.67,     151684,     531.51,       0.00,     531.51,      -0.22,       0.00,       0.00,     376.67,      386.8,      386.8,     -0.000,      0.030,      1.343,        0.0,       38.6,        0.0,     -4.642,      0.000,     136337,     138629,    536.462,    -25.380,       0.00,       0.00,     120.83,       0.00,       -345
-125,     374.27,     152966,     531.30,       0.00,     531.30,      -0.21,       0.00,       0.00,     374.27,      387.6,      387.6,     -0.000,      0.029,      1.343,        0.0,       36.2,        0.0,     -4.527,      0.000,     136361,     138992,    536.462,    -25.010,       0.00,       0.00,     120.83,       0.00,       -345
-124,     371.83,     154292,     531.10,       0.00,     531.10,      -0.20,       0.00,       0.00,     371.83,      388.5,      388.5,     -0.000,      0.029,      1.343,        0.0,       33.8,        0.0,     -4.389,      0.000,     136382,     139346,    536.462,    -24.631,       0.00,       0.00,     120.83,       0.00,       -345
-123,     369.36,     155663,     530.90,       0.00,     530.90,      -0.19,       0.00,       0.00,     369.36,      389.5,      389.5,     -0.000,      0.028,      1.343,        0.0,       31.5,        0.0,     -4.229,      0.000,     136403,     139691,    536.462,    -24.243,       0.00,       0.00,     120.83,       0.00,       -345
-122,     366.84,     157082,     530.72,       0.00,     530.72,      -0.19,       0.00,       0.00,     366.84,      390.4,      390.4,     -0.000,      0.028,      1.343,        0.0,       29.1,        0.0,     -4.047,      0.000,     136420,     140028,    536.462,    -23.845,       0.00,       0.00,     120.83,       0.00,       -344
-121,     364.29,     158550,     530.54,       0.00,     530.54,      -0.18,       0.00,       0.00,     364.29,      391.4,      391.4,     -0.000,      0.027,      1.342,        0.0,       26.8,        0.0,     -3.844,      0.000,     136435,     140354,    536.462,    -23.436,       0.00,       0.00,     120.83,       0.00,       -344
-120,     361.69,     160068,     530.38,       0.00,     530.38,      -0.17,       0.00,       0.00,     361.69,      392.4,      392.4,     -0.000,      0.027,      1.342,        0.0,       24.4,        0.0,     -3.619,      0.000,     136445,     140670,    536.462,    -23.018,       0.00,       0.00,     120.83,       0.00,       -344
-119,     359.06,     161639,     530.22,       0.00,     530.22,      -0.15,       0.00,       0.00,     359.06,      393.4,      393.4,     -0.000,      0.026,      1.342,        0.0,       22.1,        0.0,     -3.373,      0.000,     136450,     140975,    536.462,    -22.590,       0.00,       0.00,     120.83,       0.00,       -344
-118,     356.39,     163266,     530.08,       0.00,     530.08,      -0.14,       0.00,       0.00,     356.39,      394.5,      394.5,     -0.000,      0.026,      1.342,        0.0,       19.7,        0.0,     -3.108,      0.000,     136449,     141268,    536.462,    -22.151,       0.00,       0.00,     120.83,       0.00,       -344
-117,     353.69,     164949,     529.95,       0.00,     529.95,      -0.13,       0.00,       0.00,     353.69,      395.6,      395.6,     -0.000,      0.025,      1.342,        0.0,       17.3,        0.0,     -2.830,      0.000,     136445,     141546,    536.462,    -21.701,       0.00,       0.00,     120.83,       0.00,       -344
-116,     350.94,     166691,     529.84,       0.00,     529.84,      -0.11,       0.00,       0.00,     350.94,      396.7,      396.7,     -0.000,      0.025,      1.342,        0.0,       15.0,        0.0,     -2.528,      0.000,     136429,     141808,    536.462,    -21.241,       0.00,       0.00,     120.83,       0.00,       -344
-115,     348.16,     168495,     529.74,       0.00,     529.74,      -0.10,       0.00,       0.00,     348.16,      397.8,      397.8,     -0.000,      0.024,      1.341,        0.0,       12.8,        0.0,     -2.239,      0.000,     136419,     142054,    536.462,    -20.769,       0.00,       0.00,     120.83,       0.00,       -344
-114,     345.35,     170363,     529.64,       0.00,     529.64,      -0.09,       0.00,       0.00,     345.35,      399.0,      399.0,     -0.000,      0.024,      1.341,        0.0,       11.4,        0.0,     -2.055,      0.000,     136457,     142279,    536.462,    -20.287,       0.00,       0.00,     120.83,       0.00,       -344
-113,     342.49,     172293,     529.56,       0.00,     529.56,      -0.08,       0.00,       0.00,     342.49,      400.2,      400.2,     -0.000,      0.023,      1.341,        0.0,       10.0,        0.0,     -1.856,      0.000,     136483,     142483,    536.462,    -19.792,       0.00,       0.00,     120.83,       0.00,       -344
-112,     339.61,     174289,     529.49,       0.00,     529.49,      -0.07,       0.00,       0.00,     339.61,      401.4,      401.4,     -0.000,      0.022,      1.341,        0.0,        8.5,        0.0,     -1.637,      0.000,     136495,     142664,    536.462,    -19.286,       0.00,       0.00,     120.83,       0.00,       -344
-111,     336.69,     176354,     529.43,       0.00,     529.43,      -0.06,       0.00,       0.00,     336.69,      402.6,      402.6,     -0.000,      0.022,      1.341,        0.0,        7.0,        0.0,     -1.379,      0.000,     136477,     142818,    536.462,    -18.768,       0.00,       0.00,     120.83,       0.00,       -344
-110,     333.73,     178490,     529.38,       0.00,     529.38,      -0.05,       0.00,       0.00,     333.73,      403.9,      403.9,     -0.000,      0.021,      1.341,        0.0,        5.4,        0.0,     -1.102,      0.000,     136439,     142943,    536.462,    -18.238,       0.00,       0.00,     120.83,       0.00,       -344
-109,     330.75,     180700,     529.34,       0.00,     529.34,      -0.04,       0.00,       0.00,     330.75,      405.2,      405.2,     -0.000,      0.020,      1.340,        0.0,        4.1,        0.0,     -0.867,      0.000,     136405,     143037,    536.462,    -17.695,       0.00,       0.00,     120.83,       0.00,       -344
-108,     327.73,     182987,     529.31,       0.00,     529.31,      -0.03,       0.00,       0.00,     327.73,      406.6,      406.6,     -0.000,      0.020,      1.340,        0.0,        3.3,        0.0,     -0.723,      0.000,     136398,     143097,    536.462,    -17.140,       0.00,       0.00,     120.83,       0.00,       -344
-107,     324.67,     185350,     529.28,       0.00,     529.28,      -0.03,       0.00,       0.00,     324.67,      407.9,      407.9,     -0.000,      0.019,      1.340,        0.0,        2.5,        0.0,     -0.570,      0.000,     136365,     143120,    536.462,    -16.571,       0.00,       0.00,     120.83,       0.00,       -344
-106,     321.59,     187793,     529.26,       0.00,     529.26,      -0.02,       0.00,       0.00,     321.59,      409.3,      409.3,     -0.000,      0.018,      1.340,        0.0,        1.7,        0.0,     -0.405,      0.000,     136305,     143105,    536.462,    -15.989,       0.00,       0.00,     120.83,       0.00,       -344
-105,     318.48,     190319,     529.25,       0.00,     529.25,      -0.01,       0.00,       0.00,     318.48,      410.7,      410.7,     -0.000,      0.017,      1.340,        0.0,        1.0,        0.0,     -0.229,      0.000,     136214,     143048,    536.462,    -15.394,       0.00,       0.00,     120.83,       0.00,       -344
-104,     315.33,     192931,     529.25,       0.00,     529.25,      -0.00,       0.00,       0.00,     315.33,      412.2,      412.2,     -0.000,      0.017,      1.339,        0.0,        0.2,        0.0,     -0.041,      0.000,     136087,     142947,    536.462,    -14.785,       0.00,       0.00,     120.83,       0.00,       -344
-103,     312.16,     195633,     529.25,       0.00,     529.25,      -0.00,       0.00,       0.00,     312.16,      413.7,      413.7,     -0.000,      0.016,      1.339,        0.0,        0.0,        0.0,      0.000,      0.000,     136000,     142800,    536.462,    -14.161,       0.00,       0.00,     120.83,       0.00,       -344
-102,     308.96,     198424,     529.25,       0.00,     529.25,      -0.00,       0.00,       0.00,     308.96,      415.2,      415.2,     -0.000,      0.015,      1.339,        0.0,        0.0,        0.0,      0.000,      0.000,     135898,     142605,    536.462,    -13.523,       0.00,       0.00,     120.83,       0.00,       -344
-101,     305.73,     100436,     415.30,     415.30,     415.30,       0.00,       0.00,       0.00,     305.73,      273.1,      273.1,     -0.000,      0.028,      1.356,        1.0,        0.0,        0.0,      0.000,      0.000,      99000,     121025,     -0.326,      0.000,       0.00,       0.00,     120.83,       0.00,          0
-100,     302.48,     101930,     415.30,     415.30,     415.30,       0.00,       0.00,       0.00,     302.48,      273.1,      273.1,     -0.000,      0.028,      1.359,        1.0,        0.0,        0.0,      0.000,      0.000,      99000,     121025,     -0.659,      0.000,       0.00,       0.00,     120.83,       0.00,          0
-99,     299.20,     103477,     415.30,     415.30,     415.30,       0.00,       0.00,       0.00,     299.20,      273.1,      273.1,     -0.000,      0.029,      1.359,        1.0,        0.0,        0.0,      0.000,      0.000,      99000,     121025,     -0.999,      0.000,       0.00,       0.00,     120.83,       0.00,          0
-98,     295.89,     105076,     415.30,     415.30,     415.30,       0.00,       0.00,       0.00,     295.89,      273.1,      273.1,     -0.000,      0.029,      1.359,        1.0,        0.0,        0.0,      0.000,      0.000,      99000,     121025,     -1.348,      0.000,       0.00,       0.00,     120.83,       0.00,          0
-97,     292.56,     106728,     415.30,     415.30,     415.30,       0.00,       0.00,       0.00,     292.56,      273.8,      273.8,     -0.000,      0.029,      1.359,        1.0,        0.0,        0.0,      0.000,      0.000,      99000,     121025,     -1.705,      0.000,       0.00,       0.00,     120.83,       0.00,          0
-96,     289.21,     108436,     415.30,     415.30,     415.30,       0.00,       0.00,       0.00,     289.21,      275.0,      275.0,     -0.000,      0.029,      1.359,        1.0,        0.0,        0.0,      0.000,      0.000,      99000,     121025,     -2.069,      0.000,       0.00,       0.00,     120.83,       0.00,          0
-95,     285.83,     110202,     415.30,     415.30,     415.30,       0.00,       0.00,       0.00,     285.83,      276.2,      276.2,     -0.000,      0.028,      1.359,        1.0,        0.0,        0.0,      0.000,      0.000,      99000,     121025,     -2.443,      0.000,       0.00,       0.00,     120.83,       0.00,          0
-94,     282.44,     112027,     415.30,     415.30,     415.30,       0.00,       0.00,       0.00,     282.44,      277.5,      277.5,     -0.000,      0.028,      1.359,        1.0,        0.0,        0.0,      0.000,      0.000,      99000,     121025,     -2.824,      0.000,       0.00,       0.00,     120.83,       0.00,          0
-93,     279.02,     113914,     415.30,     415.30,     415.30,       0.00,       0.00,       0.00,     279.02,      278.7,      278.7,     -0.000,      0.028,      1.358,        1.0,        0.0,        0.0,      0.000,      0.000,      99000,     121025,     -3.215,      0.000,       0.00,       0.00,     120.83,       0.00,          0
-92,     275.58,     115866,     415.30,     415.30,     415.30,       0.00,       0.00,       0.00,     275.58,      280.0,      280.0,     -0.000,      0.028,      1.358,        1.0,        0.0,        0.0,      0.000,      0.000,      99000,     121025,     -3.614,      0.000,       0.00,       0.00,     120.83,       0.00,          0
-91,     272.13,     117885,     415.30,     415.30,     415.30,       0.00,       0.00,       0.00,     272.13,      281.3,      281.3,     -0.000,      0.028,      1.358,        1.0,        0.0,        0.0,      0.000,      0.000,      99000,     121025,     -4.022,      0.000,       0.00,       0.00,     120.83,       0.00,          0
-90,     268.66,     119974,     415.30,     415.30,     415.30,       0.00,       0.00,       0.00,     268.66,      282.7,      282.7,     -0.000,      0.028,      1.358,        1.0,        0.0,        0.0,      0.000,      0.000,      99000,     121025,     -4.440,      0.000,       0.00,       0.00,     120.83,       0.00,          0
-89,     265.17,     122135,     415.30,     415.30,     415.30,       0.00,       0.00,       0.00,     265.17,      284.0,      284.0,     -0.000,      0.028,      1.358,        1.0,        0.0,        0.0,      0.000,      0.000,      99000,     121025,     -4.867,      0.000,       0.00,       0.00,     120.83,       0.00,          0
-88,     261.66,     124372,     415.30,     415.30,     415.30,       0.00,       0.00,       0.00,     261.66,      285.4,      285.4,     -0.000,      0.028,      1.358,        1.0,        0.0,        0.0,      0.000,      0.000,      99000,     121025,     -5.303,      0.000,       0.00,       0.00,     120.83,       0.00,          0
-87,     258.15,     126688,     415.30,     415.30,     415.30,       0.00,       0.00,       0.00,     258.15,      286.8,      286.8,     -0.000,      0.027,      1.357,        1.0,        0.0,        0.0,      0.000,      0.000,      99000,     121025,     -5.750,      0.000,       0.00,       0.00,     120.83,       0.00,          0
-86,     254.62,     129085,     415.30,     415.30,     415.30,       0.00,       0.00,       0.00,     254.62,      288.2,      288.2,     -0.000,      0.027,      1.357,        1.0,        0.0,        0.0,      0.000,      0.000,      99000,     121025,     -6.207,      0.000,       0.00,       0.00,     120.83,       0.00,          0
-85,     251.07,     131568,     415.30,     415.30,     415.30,       0.00,       0.00,       0.00,     251.07,      289.7,      289.7,     -0.000,      0.027,      1.357,        1.0,        0.0,        0.0,      0.000,      0.000,      99000,     121025,     -6.674,      0.000,       0.00,       0.00,     120.83,       0.00,          0
-84,     247.52,     134140,     415.30,     415.30,     415.30,       0.00,       0.00,       0.00,     247.52,      291.2,      291.2,     -0.000,      0.027,      1.357,        1.0,        0.0,        0.0,      0.000,      0.000,      99000,     121025,     -7.151,      0.000,       0.00,       0.00,     120.83,       0.00,          1
-83,     243.96,     136805,     415.30,     415.30,     415.30,       0.00,       0.00,       0.00,     243.96,      292.7,      292.7,     -0.000,      0.027,      1.357,        1.0,        0.0,        0.0,      0.000,      0.000,      99000,     121025,     -7.639,      0.000,       0.00,       0.00,     120.83,       0.00,          1
-82,     240.38,     139567,     415.30,     415.30,     415.30,       0.00,       0.00,       0.00,     240.38,      294.2,      294.2,     -0.000,      0.027,      1.356,        1.0,        0.0,        0.0,      0.000,      0.000,      99000,     121025,     -8.138,      0.000,       0.00,       0.00,     120.83,       0.00,          1
-81,     236.81,     142429,     415.30,     415.30,     415.30,       0.00,       0.00,       0.00,     236.81,      295.8,      295.8,     -0.000,      0.027,      1.356,        1.0,        0.0,        0.0,      0.000,      0.000,      99000,     121025,     -8.648,      0.000,       0.00,       0.00,     120.83,       0.00,          1
-80,     233.22,     145397,     415.30,     415.30,     415.30,       0.00,       0.00,       0.00,     233.22,      297.4,      297.4,     -0.000,      0.026,      1.356,        1.0,        0.0,        0.0,      0.000,      0.000,      99000,     121025,     -9.170,      0.000,       0.00,       0.00,     120.83,       0.00,          1
-79,     229.63,     148474,     415.30,     415.30,     415.30,       0.00,       0.00,       0.00,     229.63,      299.0,      299.0,     -0.000,      0.026,      1.356,        1.0,        0.0,        0.0,      0.000,      0.000,      99000,     121025,     -9.703,      0.000,       0.00,       0.00,     120.83,       0.00,          1
-78,     226.04,     151666,     415.30,     415.30,     415.30,       0.00,       0.00,       0.00,     226.04,      300.6,      300.6,     -0.000,      0.026,      1.356,        1.0,        0.0,        0.0,      0.000,      0.000,      99000,     121025,    -10.248,      0.000,       0.00,       0.00,     120.83,       0.00,          1
-77,     222.44,     154978,     415.30,     415.30,     415.30,       0.00,       0.00,       0.00,     222.44,      302.3,      302.3,     -0.000,      0.026,      1.355,        1.0,        0.0,        0.0,      0.000,      0.000,      99000,     121025,    -10.806,      0.000,       0.00,       0.00,     120.83,       0.00,          1
-76,     218.85,     158415,     415.30,     415.30,     415.30,       0.00,       0.00,       0.00,     218.85,      304.0,      304.0,     -0.000,      0.026,      1.355,        1.0,        0.0,        0.0,      0.000,      0.000,      99000,     121025,    -11.375,      0.000,       0.00,       0.00,     120.83,       0.00,          1
-75,     215.25,     161982,     415.30,     415.30,     415.30,       0.00,       0.00,       0.00,     215.25,      305.8,      305.8,     -0.000,      0.026,      1.355,        1.0,        0.0,        0.0,      0.000,      0.000,      99000,     121025,    -11.958,      0.000,       0.00,       0.00,     120.83,       0.00,          1
-74,     211.65,     165685,     415.30,     415.30,     415.30,       0.00,       0.00,       0.00,     211.65,      307.5,      307.5,     -0.000,      0.025,      1.355,        1.0,        0.0,        0.0,      0.000,      0.000,      99000,     121025,    -12.553,      0.000,       0.00,       0.00,     120.83,       0.00,          1
-73,     208.06,     169531,     415.30,     415.30,     415.30,       0.00,       0.00,       0.00,     208.06,      309.3,      309.3,     -0.000,      0.025,      1.354,        1.0,        0.0,        0.0,      0.000,      0.000,      99000,     121025,    -13.162,      0.000,       0.00,       0.00,     120.83,       0.00,          1
-72,     204.48,     173526,     415.30,     415.30,     415.30,       0.00,       0.00,       0.00,     204.48,      311.2,      311.2,     -0.000,      0.025,      1.354,        1.0,        0.0,        0.0,      0.000,      0.000,      99000,     121025,    -13.784,      0.000,       0.00,       0.00,     120.83,       0.00,          1
-71,     200.90,     177676,     415.30,     415.30,     415.30,       0.00,       0.00,       0.00,     200.90,      313.0,      313.0,     -0.000,      0.025,      1.354,        1.0,        0.0,        0.0,      0.000,      0.000,      99000,     121025,    -14.419,      0.000,       0.00,       0.00,     120.83,       0.00,          1
-70,     197.32,     181989,     415.30,     415.30,     415.30,       0.00,       0.00,       0.00,     197.32,      314.9,      314.9,     -0.000,      0.025,      1.354,        1.0,        0.0,        0.0,      0.000,      0.000,      99000,     121025,    -15.069,      0.000,       0.00,       0.00,     120.83,       0.00,          1
-69,     193.76,     186473,     415.30,     415.30,     415.30,       0.00,       0.00,       0.00,     193.76,      316.8,      316.8,     -0.000,      0.025,      1.353,        1.0,        0.0,        0.0,      0.000,      0.000,      99000,     121025,    -15.733,      0.000,       0.00,       0.00,     120.83,       0.00,          1
-68,     190.20,     191134,     415.30,     415.30,     415.30,       0.00,       0.00,       0.00,     190.20,      318.8,      318.8,     -0.000,      0.024,      1.353,        1.0,        0.0,        0.0,      0.000,      0.000,      99000,     121025,    -16.412,      0.000,       0.00,       0.00,     120.83,       0.00,          1
-67,     186.65,     195982,     415.30,     415.30,     415.30,       0.00,       0.00,       0.00,     186.65,      320.8,      320.8,     -0.000,      0.024,      1.353,        1.0,        0.0,        0.0,      0.000,      0.000,      99000,     121025,    -17.105,      0.000,       0.00,       0.00,     120.83,       0.00,          1
-66,     183.12,     201024,     415.30,     415.30,     415.30,       0.00,       0.00,       0.00,     183.12,      322.8,      322.8,     -0.000,      0.024,      1.353,        1.0,        0.0,        0.0,      0.000,      0.000,      99000,     121025,    -17.814,      0.000,       0.00,       0.00,     120.83,       0.00,          1
-65,     179.60,     206271,     415.30,     415.30,     415.30,       0.00,       0.00,       0.00,     179.60,      324.9,      324.9,     -0.000,      0.024,      1.352,        1.0,        0.0,        0.0,      0.000,      0.000,      99000,     121025,    -18.538,      0.000,       0.00,       0.00,     120.83,       0.00,          1
-64,     176.10,     211731,     415.30,     415.30,     415.30,       0.00,       0.00,       0.00,     176.10,      327.0,      327.0,     -0.000,      0.024,      1.352,        1.0,        0.0,        0.0,      0.000,      0.000,      99000,     121025,    -19.278,      0.000,       0.00,       0.00,     120.83,       0.00,          1
-63,     172.62,     217414,     415.30,     415.30,     415.30,       0.00,       0.00,       0.00,     172.62,      329.1,      329.1,     -0.000,      0.023,      1.352,        1.0,        0.0,        0.0,      0.000,      0.000,      99000,     121025,    -20.034,      0.000,       0.00,       0.00,     120.83,       0.00,          1
-62,     169.15,     223331,     415.30,     415.30,     415.30,       0.00,       0.00,       0.00,     169.15,      331.3,      331.3,     -0.000,      0.023,      1.351,        1.0,        0.0,        0.0,      0.000,      0.000,      99000,     121025,    -20.806,      0.000,       0.00,       0.00,     120.83,       0.00,          1
-61,     165.70,     229494,     415.30,     415.30,     415.30,       0.00,       0.00,       0.00,     165.70,      333.5,      333.5,     -0.000,      0.023,      1.351,        1.0,        0.0,        0.0,      0.000,      0.000,      99000,     121025,    -21.595,      0.000,       0.00,       0.00,     120.83,       0.00,          1
-60,     162.27,     235912,     415.30,     415.30,     415.30,       0.00,       0.00,       0.00,     162.27,      335.7,      335.7,     -0.000,      0.023,      1.351,        1.0,        0.0,        0.0,      0.000,      0.000,      99000,     121025,    -22.401,      0.000,       0.00,       0.00,     120.83,       0.00,          1
-59,     158.87,     242599,     415.30,     415.30,     415.30,       0.00,       0.00,       0.00,     158.87,      338.0,      338.0,     -0.000,      0.022,      1.351,        1.0,        0.0,        0.0,      0.000,      0.000,      99000,     121025,    -23.224,      0.000,       0.00,       0.00,     120.83,       0.00,          1
-58,     155.49,     249567,     415.30,     415.30,     415.30,       0.00,       0.00,       0.00,     155.49,      340.3,      340.3,     -0.000,      0.022,      1.350,        1.0,        0.0,        0.0,      0.000,      0.000,      99000,     121025,    -24.065,      0.000,       0.00,       0.00,     120.83,       0.00,          1
-57,     152.13,     256830,     415.30,     415.30,     415.30,       0.00,       0.00,       0.00,     152.13,      342.6,      342.6,     -0.000,      0.022,      1.350,        1.0,        0.0,        0.0,      0.000,      0.000,      99000,     121025,    -24.923,      0.000,       0.00,       0.00,     120.83,       0.00,          1
-56,     148.80,     264400,     415.30,     415.30,     415.30,       0.00,       0.00,       0.00,     148.80,      345.0,      345.0,     -0.000,      0.022,      1.350,        1.0,        0.0,        0.0,      0.000,      0.000,      99000,     121025,    -25.800,      0.000,       0.00,       0.00,     120.83,       0.00,          1
-55,     145.50,     272293,     415.30,     415.30,     415.30,       0.00,       0.00,       0.00,     145.50,      347.4,      347.4,     -0.000,      0.021,      1.349,        1.0,        0.0,        0.0,      0.000,      0.000,      99000,     121025,    -26.694,      0.000,       0.00,       0.00,     120.83,       0.00,          1
-54,     142.23,     280523,     415.30,     415.30,     415.30,       0.00,       0.00,       0.00,     142.23,      349.9,      349.9,     -0.000,      0.021,      1.349,        1.0,        0.0,        0.0,      0.000,      0.000,      99000,     121025,    -27.608,      0.000,       0.00,       0.00,     120.83,       0.00,          1
-53,     138.99,     289106,     415.30,     415.30,     415.30,       0.00,       0.00,       0.00,     138.99,      352.4,      352.4,     -0.000,      0.021,      1.348,        1.0,        0.0,        0.0,      0.000,      0.000,      99000,     121025,    -28.540,      0.000,       0.00,       0.00,     120.83,       0.00,          1
-52,     135.79,     298059,     415.30,     415.30,     415.30,       0.00,       0.00,       0.00,     135.79,      354.9,      354.9,     -0.000,      0.020,      1.348,        1.0,        0.0,        0.0,      0.000,      0.000,      99000,     121025,    -29.491,      0.000,       0.00,       0.00,     120.83,       0.00,          1
-51,     132.61,     307398,     415.30,     415.30,     415.30,       0.00,       0.00,       0.00,     132.61,      357.5,      357.5,     -0.000,      0.020,      1.348,        1.0,        0.0,        0.0,      0.000,      0.000,      99000,     121025,    -30.461,      0.000,       0.00,       0.00,     120.83,       0.00,          1
-50,     129.47,     317141,     415.30,     415.30,     415.30,       0.00,       0.00,       0.00,     129.47,      360.1,      360.1,     -0.000,      0.020,      1.347,        1.0,        0.0,        0.0,      0.000,      0.000,      99000,     121025,    -31.450,      0.000,       0.00,       0.00,     120.83,       0.00,          1
-49,     126.37,     327306,     415.30,     415.30,     415.30,       0.00,       0.00,       0.00,     126.37,      362.7,      362.7,     -0.000,      0.019,      1.347,        1.0,        0.0,        0.0,      0.000,      0.000,      99000,     121025,    -32.460,      0.000,       0.00,       0.00,     120.83,       0.00,          1
-48,     123.31,     337911,     415.30,     415.30,     415.30,       0.00,       0.00,       0.00,     123.31,      365.4,      365.4,     -0.000,      0.019,      1.347,        1.0,        0.0,        0.0,      0.000,      0.000,      99000,     121025,    -33.488,      0.000,       0.00,       0.00,     120.83,       0.00,          1
-47,     120.28,     348976,     415.30,     415.30,     415.30,       0.00,       0.00,       0.00,     120.28,      368.1,      368.1,     -0.000,      0.019,      1.346,        1.0,        0.0,        0.0,      0.000,      0.000,      99000,     121025,    -34.537,      0.000,       0.00,       0.00,     120.83,       0.00,          1
-46,     117.30,     360521,     415.30,     415.30,     415.30,       0.00,       0.00,       0.00,     117.30,      370.9,      370.9,     -0.000,      0.018,      1.346,        1.0,        0.0,        0.0,      0.000,      0.000,      99000,     121025,    -35.605,      0.000,       0.00,       0.00,     120.83,       0.00,          1
-45,     114.36,     372567,     415.30,     415.30,     415.30,       0.00,       0.00,       0.00,     114.36,      373.6,      373.6,     -0.000,      0.018,      1.345,        1.0,        0.0,        0.0,      0.000,      0.000,      99000,     121025,    -36.694,      0.000,       0.00,       0.00,     120.83,       0.00,          1
-44,     111.46,     385132,     415.30,     415.30,     415.30,       0.00,       0.00,       0.00,     111.46,      376.4,      376.4,     -0.000,      0.017,      1.345,        1.0,        0.0,        0.0,      0.000,      0.000,      99000,     121025,    -37.802,      0.000,       0.00,       0.00,     120.83,       0.00,          1
-43,     108.60,     398239,     415.30,     415.30,     415.30,       0.00,       0.00,       0.00,     108.60,      379.3,      379.3,     -0.000,      0.017,      1.345,        1.0,        0.0,        0.0,      0.000,      0.000,      99000,     121025,    -38.930,      0.000,       0.00,       0.00,     120.83,       0.00,          1
-42,     105.79,     411909,     415.30,     415.30,     415.30,       0.00,       0.00,       0.00,     105.79,      382.2,      382.2,     -0.000,      0.016,      1.344,        1.0,        0.0,        0.0,      0.000,      0.000,      99000,     121025,    -40.077,      0.000,       0.00,       0.00,     120.83,       0.00,          1
-41,     103.03,     426162,     415.30,     415.30,     415.30,       0.00,       0.00,       0.00,     103.03,      385.1,      385.1,     -0.000,      0.016,      1.344,        1.0,        0.0,        0.0,      0.000,      0.000,      99000,     121025,    -41.244,      0.000,       0.00,       0.00,     120.83,       0.00,          1
-40,     100.32,     441021,     415.30,     415.30,     415.30,       0.00,       0.00,       0.00,     100.32,      388.0,      388.0,     -0.000,      0.015,      1.343,        1.0,        0.0,        0.0,      0.000,      0.000,      99000,     121025,    -42.429,      0.000,       0.00,       0.00,     120.83,       0.00,          1
-39,      97.65,     456504,     415.30,     415.30,     415.30,       0.00,       0.00,       0.00,      97.65,      390.9,      390.9,     -0.000,      0.015,      1.343,        1.0,        0.0,        0.0,      0.000,      0.000,      99000,     121025,    -43.634,      0.000,       0.00,       0.00,     120.83,       0.00,          2
-38,      95.04,     472632,     415.30,     415.30,     415.30,       0.00,       0.00,       0.00,      95.04,      393.9,      393.9,     -0.000,      0.014,      1.342,        1.0,        0.0,        0.0,      0.000,      0.000,      99000,     121025,    -44.857,      0.000,       0.00,       0.00,     120.83,       0.00,          2
-37,      92.48,     489425,     415.30,     415.30,     415.30,       0.00,       0.00,       0.00,      92.48,      396.9,      396.9,     -0.000,      0.014,      1.342,        1.0,        0.0,        0.0,      0.000,      0.000,      99000,     121025,    -46.097,      0.000,       0.00,       0.00,     120.83,       0.00,          2
-36,      89.97,     506901,     415.30,     415.30,     415.30,       0.00,       0.00,       0.00,      89.97,      400.0,      400.0,     -0.000,      0.013,      1.342,        1.0,        0.0,        0.0,      0.000,      0.000,      99000,     121025,    -47.355,      0.000,       0.00,       0.00,     120.83,       0.00,          2
-35,      87.52,     525075,     415.30,     415.30,     415.30,       0.00,       0.00,       0.00,      87.52,      403.0,      403.0,     -0.000,      0.013,      1.341,        1.0,        0.0,        0.0,      0.000,      0.000,      99000,     121025,    -48.628,      0.000,       0.00,       0.00,     120.83,       0.00,          2
-34,      85.12,     543963,     415.30,     415.30,     415.30,       0.00,       0.00,       0.00,      85.12,      406.1,      406.1,     -0.000,      0.012,      1.341,        1.0,        0.0,        0.0,      0.000,      0.000,      99000,     121025,    -49.918,      0.000,       0.00,       0.00,     120.83,       0.00,          2
-33,      82.78,     563577,     415.30,     415.30,     415.30,       0.00,       0.00,       0.00,      82.78,      409.1,      409.1,     -0.000,      0.011,      1.340,        1.0,        0.0,        0.0,      0.000,      0.000,      99000,     121025,    -51.221,      0.000,       0.00,       0.00,     120.83,       0.00,          2
-32,      80.50,     583925,     415.30,     415.30,     415.30,       0.00,       0.00,       0.00,      80.50,      412.2,      412.2,     -0.000,      0.011,      1.340,        1.0,        0.0,        0.0,      0.000,      0.000,      99000,     121025,    -52.537,      0.000,       0.00,       0.00,     120.83,       0.00,          2
-31,      78.27,     605013,     415.30,     415.30,     415.30,       0.00,       0.00,       0.00,      78.27,      415.3,      415.3,     -0.000,      0.010,      1.339,        1.0,        0.0,        0.0,      0.000,      0.000,      99000,     121025,    -53.866,      0.000,       0.00,       0.00,     120.83,       0.00,          2
-30,      76.11,     626843,     415.30,     415.30,     415.30,       0.00,       0.00,       0.00,      76.11,      418.4,      418.4,     -0.000,      0.009,      1.339,        1.0,        0.0,        0.0,      0.000,      0.000,      99000,     121025,    -55.204,      0.000,       0.00,       0.00,     120.83,       0.00,          2
-29,      74.00,     649409,     415.30,     415.30,     415.30,       0.00,       0.00,       0.00,      74.00,      421.4,      421.4,     -0.000,      0.008,      1.338,        1.0,        0.0,        0.0,      0.000,      0.000,      99000,     121025,    -56.551,      0.000,       0.00,       0.00,     120.83,       0.00,          2
-28,      71.96,     672703,     415.30,     415.30,     415.30,       0.00,       0.00,       0.00,      71.96,      424.5,      424.5,     -0.000,      0.008,      1.338,        1.0,        0.0,        0.0,      0.000,      0.000,      99000,     121025,    -57.904,      0.000,       0.00,       0.00,     120.83,       0.00,          2
-27,      69.98,     696708,     415.30,     415.30,     415.30,       0.00,       0.00,       0.00,      69.98,      427.6,      427.6,     -0.000,      0.007,      1.337,        1.0,        0.0,        0.0,      0.000,      0.000,      99000,     121025,    -59.261,      0.000,       0.00,       0.00,     120.83,       0.00,          2
-26,      68.06,     721400,     415.30,     415.30,     415.30,       0.00,       0.00,       0.00,      68.06,      430.6,      430.6,     -0.000,      0.006,      1.337,        1.0,        0.0,        0.0,      0.000,      0.000,      99000,     121025,    -60.621,      0.000,       0.00,       0.00,     120.83,       0.00,          2
-25,      66.21,     752729,     415.30,     415.30,     415.30,       0.00,       0.00,       0.00,      66.21,      436.8,      436.8,      0.000,      0.004,      1.337,        1.0,        0.0,        0.0,      0.000,      0.000,      99000,     121025,    -61.990,      0.000,       0.00,       0.00,     120.83,       0.00,          2
-24,      64.42,     797310,     415.30,     415.30,     415.30,       0.00,       0.00,       0.00,      64.42,      450.2,      450.2,      0.000,     -0.001,      1.336,        1.0,        0.0,        0.0,      0.000,      0.000,      99000,     121025,    -63.388,      0.000,       0.00,       0.00,     120.83,       0.00,          2
-23,      62.70,     856031,     415.30,     415.30,     415.30,       0.00,       0.00,       0.00,      62.70,      470.4,      470.4,     -0.000,     -0.008,      1.334,        1.0,        0.0,        0.0,      0.000,      0.000,      99000,     121025,    -64.832,      0.000,       0.00,       0.00,     120.83,       0.00,          2
-22,      61.05,     929595,     415.30,     415.30,     415.30,       0.00,       0.00,       0.00,      61.05,      497.4,      497.4,     -0.000,     -0.018,      1.331,        1.0,        0.0,        0.0,      0.000,      0.000,      99000,     121025,    -66.338,      0.000,       0.00,       0.00,     120.83,       0.00,          2
-21,      59.46,    1018510,     415.30,     415.30,     415.30,       0.00,       0.00,       0.00,      59.46,      530.7,      530.7,     -0.000,     -0.033,      1.327,        1.0,        0.0,        0.0,      0.000,      0.000,      99000,     121025,    -67.917,      0.000,       0.00,       0.00,     120.83,       0.00,          2
-20,      57.95,    1123074,     415.30,     415.30,     415.30,       0.00,       0.00,       0.00,      57.95,      570.0,      570.0,     -0.000,     -0.052,      1.322,        1.0,        0.0,        0.0,      0.000,      0.000,      99000,     121025,    -69.582,      0.000,       0.00,       0.00,     120.83,       0.00,          2
-19,      56.50,    1243366,     415.30,     415.30,     415.30,       0.00,       0.00,       0.00,      56.50,      615.0,      615.0,     -0.000,     -0.076,      1.316,        1.0,        0.0,        0.0,      0.000,      0.000,      99000,     121025,    -71.338,      0.000,       0.00,       0.00,     120.83,       0.00,          1
-18,      55.12,    1379221,     415.30,     415.30,     415.30,       0.00,       0.00,       0.00,      55.12,      665.2,      665.2,     -0.000,     -0.105,      1.310,        1.0,        0.0,        0.0,      0.000,      0.000,      99000,     121025,    -73.189,      0.000,       0.00,       0.00,     120.83,       0.00,          1
-17,      53.82,    1530247,     415.30,     415.30,     415.30,       0.00,       0.00,       0.00,      53.82,      720.0,      720.0,     -0.000,     -0.142,      1.304,        1.0,        0.0,        0.0,      0.000,      0.000,      99000,     121025,    -75.134,      0.000,       0.00,       0.00,     120.83,       0.00,          1
-16,      52.58,    1695853,     415.30,     415.30,     415.30,       0.00,       0.00,       0.00,      52.58,      779.0,      779.0,     -0.000,     -0.186,      1.297,        1.0,        0.0,        0.0,      0.000,      0.000,      99000,     121025,    -77.168,      0.000,       0.00,       0.00,     120.83,       0.00,          1
-15,      51.42,    1875286,     415.30,     415.30,     415.30,       0.00,       0.00,       0.00,      51.42,      841.6,      841.6,     -0.000,     -0.239,      1.290,        1.0,        0.0,        0.0,      0.000,      0.000,      99000,     121025,    -79.282,      0.000,       0.00,       0.00,     120.83,       0.00,          1
-14,      50.33,    2067670,     415.30,     415.30,     415.30,       0.00,       0.00,       0.00,      50.33,      907.4,      907.4,     -0.000,     -0.301,      1.284,        1.0,        0.0,        0.0,      0.000,      0.000,      99000,     121025,    -81.463,      0.000,       0.00,       0.00,     120.83,       0.00,          0
-13,      49.31,    2272038,     415.30,     415.30,     415.30,       0.00,       0.00,       0.00,      49.31,      975.9,      975.9,     -0.000,     -0.374,      1.278,        1.0,        0.0,        0.0,      0.000,      0.000,      99000,     121025,    -83.693,      0.000,       0.00,       0.00,     120.83,       0.00,          0
-12,      48.36,    2487361,     415.30,     415.30,     415.30,       0.00,       0.00,       0.00,      48.36,     1046.8,     1046.8,     -0.000,     -0.457,      1.272,        1.0,        0.0,        0.0,      0.000,      0.000,      99000,     121025,    -85.951,      0.000,       0.00,       0.00,     120.83,       0.00,         -0
-11,      47.49,    2712570,     415.30,     415.30,     415.30,       0.00,       0.00,       0.00,      47.49,     1119.7,     1119.7,     -0.000,     -0.552,      1.268,        1.0,        0.0,        0.0,      0.000,      0.000,      99000,     121025,    -88.212,      0.000,       0.00,       0.00,     120.83,       0.00,         -1
-10,      46.70,    2946564,     415.30,     415.30,     415.30,       0.00,       0.00,       0.00,      46.70,     1194.4,     1194.4,     -0.000,     -0.659,      1.264,        1.0,        0.0,        0.0,      0.000,      0.000,      99000,     121025,    -90.449,      0.000,       0.00,       0.00,     120.83,       0.00,         -2
-9,      45.98,    3187946,     415.30,     415.30,     415.30,       0.00,       0.00,       0.00,      45.98,     1270.6,     1270.6,     -0.000,     -0.780,      1.260,        1.0,        0.0,        0.0,      0.000,      0.000,      99000,     121025,    -92.631,      0.000,       0.00,       0.00,     120.83,       0.00,         -2
-8,      45.33,    3435126,     415.30,     415.30,     415.30,       0.00,       0.00,       0.00,      45.33,     1348.1,     1348.1,     -0.000,     -0.913,      1.257,        1.0,        0.0,        0.0,      0.000,      0.000,      99000,     121025,    -94.723,      0.000,       0.00,       0.00,     120.83,       0.00,         -3
-7,      44.76,    3686373,     415.30,     415.30,     415.30,       0.00,       0.00,       0.00,      44.76,     1426.4,     1426.4,     -0.000,     -1.059,      1.255,        1.0,        0.0,        0.0,      0.000,      0.000,      99000,     121025,    -96.690,      0.000,       0.00,       0.00,     120.83,       0.00,         -4
-6,      44.26,    3939820,     415.30,     415.30,     415.30,       0.00,       0.00,       0.00,      44.26,     1505.4,     1505.4,     -0.000,     -1.218,      1.252,        1.0,        0.0,        0.0,      0.000,      0.000,      99000,     121025,    -98.494,      0.000,       0.00,       0.00,     120.83,       0.00,         -6
-5,      43.84,    4193485,     415.30,     415.30,     415.30,       0.00,       0.00,       0.00,      43.84,     1584.8,     1584.8,     -0.000,     -1.390,      1.250,        1.0,        0.0,        0.0,      0.000,      0.000,      99000,     121025,   -100.095,      0.000,       0.00,       0.00,     120.83,       0.00,         -7
-4,      43.50,    4445291,     415.30,     415.30,     415.30,       0.00,       0.00,       0.00,      43.50,     1664.2,     1664.2,     -0.000,     -1.572,      1.249,        1.0,        0.0,        0.0,      0.000,      0.000,      99000,     121025,   -101.454,      0.000,       0.00,       0.00,     120.83,       0.00,         -8
-3,      43.23,    4693095,     415.30,     415.30,     415.30,       0.00,       0.00,       0.00,      43.23,     1743.4,     1743.4,     -0.000,     -1.765,      1.248,        1.0,        0.0,        0.0,      0.000,      0.000,      99000,     121025,   -102.530,      0.000,       0.00,       0.00,     120.83,       0.00,        -10
-2,      43.04,    4934720,     415.30,     415.30,     415.30,       0.00,       0.00,       0.00,      43.04,     1822.2,     1822.2,     -0.000,     -1.966,      1.247,        1.0,        0.0,        0.0,      0.000,      0.000,      99000,     121025,   -103.285,      0.000,       0.00,       0.00,     120.83,       0.00,        -12
-1,      42.92,    5167995,     415.30,     415.30,     415.30,       0.00,       0.00,       0.00,      42.92,     1900.1,     1900.1,     -0.000,     -2.173,      1.246,        1.0,        0.0,        0.0,      0.000,      0.000,      99000,     121025,   -103.681,      0.000,       0.00,       0.00,     120.83,       0.00,        -14
0,      42.89,    5390795,     415.30,     415.30,     415.30,       0.00,       0.00,       0.00,      42.89,     1977.1,     1977.1,     -0.000,     -2.385,      1.246,        1.0,        0.0,        0.0,      0.000,      0.000,      99000,     121025,   -103.681,      0.000,       0.00,       0.00,     120.83,       0.00,        -17
1,      42.92,    5601081,     415.30,     415.30,     415.30,       0.00,       0.00,       0.00,      42.92,     2052.6,     2052.6,     -0.000,     -2.598,      1.245,        1.0,        0.0,        0.0,      0.000,      0.000,      99000,     121025,   -103.252,      0.000,       0.00,       0.00,     120.83,       0.00,        -19
2,      43.04,    5796944,     415.30,     415.30,     415.30,       0.00,       0.00,       0.00,      43.04,     2126.6,     2126.6,     -0.000,     -2.811,      1.245,        1.0,        0.0,        0.0,      0.000,      0.000,      99000,     121025,   -102.365,      0.000,       0.00,       0.00,     120.83,       0.00,        -22
3,      43.23,    5976644,     415.30,     415.30,     415.30,       0.00,       0.00,       0.00,      43.23,     2198.6,     2198.6,     -0.000,     -3.020,      1.245,        1.0,        0.0,        0.0,      0.000,      0.000,      99000,     121025,   -100.994,      0.000,       0.00,       0.00,     120.83,       0.00,        -25
4,      43.50,    6138645,     415.30,     415.30,     415.30,       0.00,       0.00,       0.00,      43.50,     2268.5,     2268.5,     -0.000,     -3.222,      1.245,        1.0,        0.0,        0.0,      0.000,      0.000,      99000,     121025,    -99.118,      0.000,       0.00,       0.00,     120.83,       0.00,        -28
5,      43.84,    6281643,     415.30,     415.30,     415.30,       0.00,       0.00,       0.00,      43.84,     2335.8,     2335.8,     -0.000,     -3.415,      1.245,        1.0,        0.0,        0.0,      0.000,      0.000,      99000,     121025,    -96.719,      0.000,       0.00,       0.00,     120.83,       0.00,        -32
6,      44.26,    6404597,     415.30,     415.30,     415.30,       0.00,       0.00,       0.00,      44.26,     2400.5,     2400.5,     -0.000,     -3.595,      1.245,        1.0,        0.0,        0.0,      0.000,      0.000,      99000,     121025,    -93.787,      0.000,       0.00,       0.00,     120.83,       0.00,        -35
7,      44.76,    6506733,     415.30,     415.30,     415.30,       0.00,       0.00,       0.00,      44.76,     2462.1,     2462.1,     -0.000,     -3.762,      1.246,        1.0,        0.0,        0.0,      0.000,      0.000,      99000,     121025,    -90.315,      0.000,       0.00,       0.00,     120.83,       0.00,        -39
8,      45.33,    6587563,     415.30,     415.30,     415.30,       0.00,       0.00,       0.00,      45.33,     2520.6,     2520.6,     -0.000,     -3.912,      1.246,        1.0,        0.0,        0.0,      0.000,      0.000,      99000,     121025,    -86.303,      0.000,       0.00,       0.00,     120.83,       0.00,        -43
9,      45.98,    6646875,     415.30,     415.30,     415.30,       0.00,       0.00,       0.00,      45.98,     2575.6,     2575.6,     -0.000,     -4.043,      1.246,        1.0,        0.0,        0.0,      0.000,      0.000,      99000,     121025,    -81.754,      0.000,       0.00,       0.00,     120.83,       0.00,        -47
10,      46.70,    6684733,     415.30,     415.30,     415.30,       0.00,       0.00,       0.00,      46.70,     2627.0,     2627.0,     -0.000,     -4.155,      1.246,        1.0,        0.0,        0.0,      0.000,      0.000,      99000,     121025,    -76.680,      0.000,       0.00,       0.00,     120.83,       0.00,        -51
11,      47.49,    6701453,     415.30,     415.30,     415.30,       0.00,       0.00,       0.00,      47.49,     2674.6,     2674.6,     -0.000,     -4.245,      1.246,        1.0,        0.0,        0.0,      0.000,      0.000,      99000,     121025,    -71.093,      0.000,       0.00,       0.00,     120.83,       0.00,        -56
12,      48.36,    6697587,     415.30,     415.30,     415.30,       0.00,       0.00,       0.00,      48.36,     2718.2,     2718.2,     -0.000,     -4.314,      1.246,        1.0,        0.0,        0.0,      0.000,      0.000,      99000,     121025,    -65.013,      0.000,       0.00,       0.00,     120.83,       0.00,        -60
13,      49.31,    6673895,     415.30,     415.30,     415.30,       0.00,       0.00,       0.00,      49.31,     2757.7,     2757.7,     -0.000,     -4.361,      1.246,        1.0,        0.0,        0.0,      0.000,      0.000,      99000,     121025,    -58.463,      0.000,       0.00,       0.00,     120.83,       0.00,        -64
14,      50.33,    6631316,     415.30,     415.30,     415.30,       0.00,       0.00,       0.00,      50.33,     2793.0,     2793.0,     -0.000,     -4.386,      1.246,        1.0,        0.0,        0.0,      0.000,      0.000,      99000,     121025,    -51.469,      0.000,       0.00,       0.00,     120.83,       0.00,        -69
15,      51.42,    6570932,     415.30,     415.30,     415.30,       0.00,       0.00,       0.00,      51.42,     2824.0,     2824.0,     -0.000,     -4.390,      1.245,        1.0,        0.0,        0.0,      0.000,      0.000,      99000,     121025,    -44.062,      0.000,       0.00,       0.00,     120.83,       0.00,        -73
16,      52.58,    6493942,     415.30,     415.30,     415.30,       0.00,       0.00,       0.00,      52.58,     2850.7,     2850.7,     -0.000,     -4.374,      1.245,        1.0,        0.0,        0.0,      0.000,      0.000,      99000,     121025,    -36.272,      0.000,       0.00,       0.00,     120.83,       0.00,        -77
17,      53.82,    6401626,     415.30,     415.30,     415.30,       0.00,       0.00,       0.00,      53.82,     2873.0,     2873.0,     -0.000,     -4.338,      1.245,        1.0,        0.0,        0.0,      0.000,      0.000,      99000,     121025,    -28.135,      0.000,       0.00,       0.00,     120.83,       0.00,        -82
18,      55.12,    6295314,     415.30,     415.30,     415.30,       0.00,       0.00,       0.00,      55.12,     2890.8,     2890.8,     -0.000,     -4.285,      1.245,        1.0,        0.0,        0.0,      0.000,      0.000,      99000,     121025,    -19.686,      0.000,       0.00,       0.00,     120.83,       0.00,        -86
19,      56.50,    6176361,     415.30,     415.30,     415.30,       0.00,       0.00,       0.00,      56.50,     2904.2,     2904.2,     -0.000,     -4.214,      1.244,        1.0,        0.0,        0.0,      0.000,      0.000,      99000,     121025,    -10.962,      0.000,       0.00,       0.00,     120.83,       0.00,        -90
20,      57.95,    6046120,     415.30,     415.30,     415.30,       0.00,       0.00,       0.00,      57.95,     2913.1,     2913.1,     -0.000,     -4.129,      1.244,        1.0,        0.0,        0.0,      0.000,      0.000,      99000,     121025,     -2.001,      0.000,       0.00,       0.00,     120.83,       0.00,        -94
21,      59.46,    5905920,     415.30,     415.30,     415.30,       0.00,       0.00,       0.00,      59.46,     2917.6,     2917.6,     -0.000,     -4.030,      1.244,        1.0,        0.0,        0.0,      0.000,      0.000,      99000,     121025,      7.159,      0.000,       0.00,       0.00,     120.83,       0.00,        -98
22,      61.05,    5757050,     415.30,     415.30,     415.30,       0.00,       0.00,       0.00,      61.05,     2917.7,     2917.7,     -0.000,     -3.919,      1.243,        1.0,        0.0,        0.0,      0.000,      0.000,      99000,     121025,     16.482,      0.000,       0.00,       0.00,     120.83,       0.00,       -102
23,      62.70,    5600745,     415.30,     415.30,     415.30,       0.00,       0.00,       0.00,      62.70,     2913.4,     2913.4,     -0.000,     -3.798,      1.243,        1.0,        0.0,        0.0,      0.000,      0.000,      99000,     121025,     25.929,      0.000,       0.00,       0.00,     120.83,       0.00,       -106
24,      64.42,    5438173,     415.30,     415.30,     415.30,       0.00,       0.00,       0.00,      64.42,     2904.8,     2904.8,     -0.000,     -3.668,      1.243,        1.0,        0.0,        0.0,      0.000,      0.000,      99000,     121025,     35.465,      0.000,       0.00,       0.00,     120.83,       0.00,       -110
25,      66.21,    5270430,     415.30,     415.30,     415.30,       0.00,       0.00,       0.00,      66.21,     2891.8,     2891.8,     -0.000,     -3.531,      1.243,        1.0,        0.0,        0.0,      0.000,      0.000,      99000,     121025,     45.053,      0.000,       0.00,       0.00,     120.83,       0.00,       -113
26,      68.06,    5098534,     415.30,     415.30,     415.30,       0.00,       0.00,       0.00,      68.06,     2874.5,     2874.5,     -0.000,     -3.388,      1.243,        1.0,        0.0,        0.0,      0.000,      0.000,      99000,     121025,     54.660,      0.000,       0.00,       0.00,     120.83,       0.00,       -117
27,      69.98,    4923426,     415.30,     415.30,     415.30,       0.00,       0.00,       0.00,      69.98,     2853.5,     2853.5,     -0.000,     -3.241,      1.243,        1.0,        0.0,        0.0,      0.000,      0.000,      99000,     121025,     64.253,      0.000,       0.00,       0.00,     120.83,       0.00,       -120
28,      71.96,    4745959,     415.30,     415.30,     415.30,       0.00,       0.00,       0.00,      71.96,     2828.5,     2828.5,     -0.000,     -3.091,      1.243,        1.0,        0.0,        0.0,      0.000,      0.000,      99000,     121025,     73.800,      0.000,       0.00,       0.00,     120.83,       0.00,       -123
29,      74.00,    4566916,     415.30,     415.30,     415.30,       0.00,       0.00,       0.00,      74.00,     2799.0,     2799.0,     -0.000,     -2.939,      1.243,        1.0,        0.0,        0.0,      0.000,      0.000,      99000,     121025,     83.271,      0.000,       0.00,       0.00,     120.83,       0.00,       -126
30,      76.11,    4390986,     415.30,     415.30,     415.30,       0.00,       0.00,      76.11,       0.00,     2766.2,     2766.2,     -2.790,     -0.000,      1.243,        1.0,        0.0,        0.0,      0.000,      0.000,      99000,     121025,     92.646,      0.000,       0.00,       0.00,     120.83,       0.00,       -129
31,      78.27,    4222321,     415.30,     415.30,     415.30,       0.00,       0.00,      78.27,       0.00,     2735.6,     2735.6,     -2.651,     -0.000,      1.244,        1.0,        0.0,        0.0,      0.000,      0.000,      99000,     121025,    101.915,      0.000,       0.00,       0.00,     120.83,       0.00,       -131
32,      80.50,    4060738,     415.30,     415.30,     415.30,       0.00,       0.00,      80.50,       0.00,     2705.7,     2705.7,     -2.521,     -0.000,      1.244,        1.0,        0.0,        0.0,      0.000,      0.000,      99000,     121025,    111.070,      0.000,       0.00,       0.00,     120.83,       0.00,       -134
33,      82.78,    3906063,     415.30,     415.30,     415.30,       0.00,       0.00,      82.78,       0.00,     2676.5,     2676.5,     -2.399,     -0.000,      1.244,        1.0,        0.0,        0.0,      0.000,      0.000,      99000,     121025,    120.104,      0.000,       0.00,       0.00,     120.83,       0.00,       -136
34,      85.12,    3758102,     415.30,     415.30,     415.30,       0.00,       0.00,      85.12,       0.00,     2647.9,     2647.9,     -2.284,     -0.000,      1.244,        1.0,        0.0,        0.0,      0.000,      0.000,      99000,     121025,    129.011,      0.000,       0.00,       0.00,     120.83,       0.00,       -139
35,      87.52,    3616645,     415.30,     415.30,     415.30,       0.00,       0.00,      87.52,       0.00,     2620.1,     2620.1,     -2.177,     -0.000,      1.245,        1.0,        0.0,        0.0,      0.000,      0.000,      99000,     121025,    137.784,      0.000,       0.00,       0.00,     120.83,       0.00,       -141
36,      89.97,    3481473,     415.30,     415.30,     415.30,       0.00,       0.00,      89.97,       0.00,     2592.8,     2592.8,     -2.077,     -0.000,      1.245,        1.0,        0.0,        0.0,      0.000,      0.000,      99000,     121025,    146.421,      0.000,       0.00,       0.00,     120.83,       0.00,       -143
37,      92.48,    3352358,     415.30,     415.30,     415.30,       0.00,       0.00,      92.48,       0.00,     2566.3,     2566.3,     -1.983,     -0.000,      1.245,        1.0,        0.0,        0.0,      0.000,      0.000,      99000,     121025,    154.918,      0.000,       0.00,       0.00,     120.83,       0.00,       -145
38,      95.04,    3229069,     415.30,     415.30,     415.30,       0.00,       0.00,      95.04,       0.00,     2540.3,     2540.3,     -1.895,     -0.000,      1.246,        1.0,        0.0,        0.0,      0.000,      0.000,      99000,     121025,    163.272,      0.000,       0.00,       0.00,     120.83,       0.00,       -147
39,      97.65,    3111373,     415.30,     415.30,     415.30,       0.00,       0.00,      97.65,       0.00,     2515.0,     2515.0,     -1.812,     -0.000,      1.246,        1.0,        0.0,        0.0,      0.000,      0.000,      99000,     121025,    171.481,      0.000,       0.00,       0.00,     120.83,       0.00,       -149
40,     100.32,    2999038,     415.30,     415.30,     415.30,       0.00,       0.00,     100.32,       0.00,     2490.4,     2490.4,     -1.735,     -0.000,      1.246,        1.0,        0.0,        0.0,      0.000,      0.000,      99000,     121025,    179.545,      0.000,       0.00,       0.00,     120.83,       0.00,       -150
41,     103.03,    2891836,     415.30,     415.30,     415.30,       0.00,       0.00,     103.03,       0.00,     2466.3,     2466.3,     -1.662,     -0.000,      1.246,        1.0,        0.0,        0.0,      0.000,      0.000,      99000,     121025,    187.462,      0.000,       0.00,       0.00,     120.83,       0.00,       -152
42,     105.79,    2789539,     415.30,     415.30,     415.30,       0.00,       0.00,     105.79,       0.00,     2442.8,     2442.8,     -1.594,     -0.000,      1.247,        1.0,        0.0,        0.0,      0.000,      0.000,      99000,     121025,    195.232,      0.000,       0.00,       0.00,     120.83,       0.00,       -154
43,     108.60,    2691928,     415.30,     415.30,     415.30,       0.00,       0.00,     108.60,       0.00,     2419.9,     2419.9,     -1.530,     -0.000,      1.247,        1.0,        0.0,        0.0,      0.000,      0.000,      99000,     121025,    202.855,      0.000,       0.00,       0.00,     120.83,       0.00,       -155
44,     111.46,    2598786,     415.30,     415.30,     415.30,       0.00,       0.00,     111.46,       0.00,     2397.6,     2397.6,     -1.470,     -0.000,      1.247,        1.0,        0.0,        0.0,      0.000,      0.000,      99000,     121025,    210.332,      0.000,       0.00,       0.00,     120.83,       0.00,       -157
45,     114.36,    2509906,     415.30,     415.30,     415.30,       0.00,       0.00,     114.36,       0.00,     2375.8,     2375.8,     -1.413,     -0.000,      1.248,        1.0,        0.0,        0.0,      0.000,      0.000,      99000,     121025,    217.663,      0.000,       0.00,       0.00,     120.83,       0.00,       -158
46,     117.30,    2425087,     415.30,     415.30,     415.30,       0.00,       0.00,     117.30,       0.00,     2354.6,     2354.6,     -1.360,     -0.000,      1.248,        1.0,        0.0,        0.0,      0.000,      0.000,      99000,     121025,    224.850,      0.000,       0.00,       0.00,     120.83,       0.00,       -159
47,     120.28,    2344133,     415.30,     415.30,     415.30,       0.00,       0.00,     120.28,       0.00,     2333.9,     2333.9,     -1.310,     -0.000,      1.248,        1.0,        0.0,        0.0,      0.000,      0.000,      99000,     121025,    231.894,      0.000,       0.00,       0.00,     120.83,       0.00,       -161
48,     123.31,    2266858,     415.30,     415.30,     415.30,       0.00,       0.00,     123.31,       0.00,     2313.7,     2313.7,     -1.263,     -0.000,      1.248,        1.0,        0.0,        0.0,      0.000,      0.000,      99000,     121025,    238.796,      0.000,       0.00,       0.00,     120.83,       0.00,       -162
49,     126.37,    2193083,     415.30,     415.30,     415.30,       0.00,       0.00,     126.37,       0.00,     2294.1,     2294.1,     -1.219,     -0.000,      1.249,        1.0,        0.0,        0.0,      0.000,      0.000,      99000,     121025,    245.557,      0.000,       0.00,       0.00,     120.83,       0.00,       -163
50,     129.47,    2122637,     415.30,     415.30,     415.30,       0.00,       0.00,     129.47,       0.00,     2274.9,     2274.9,     -1.177,     -0.000,      1.249,        1.0,        0.0,        0.0,      0.000,      0.000,      99000,     121025,    252.181,      0.000,       0.00,       0.00,     120.83,       0.00,       -164
51,     132.61,    2055356,     415.30,     415.30,     415.30,       0.00,       0.00,     132.61,       0.00,     2256.2,     2256.2,     -1.137,     -0.000,      1.249,        1.0,        0.0,        0.0,      0.000,      0.000,      99000,     121025,    258.668,      0.000,       0.00,       0.00,     120.83,       0.00,       -165
52,     135.79,    1991083,     415.30,     415.30,     415.30,       0.00,       0.00,     135.79,       0.00,     2237.9,     2237.9,     -1.100,     -0.000,      1.249,        1.0,        0.0,        0.0,      0.000,      0.000,      99000,     121025,    265.022,      0.000,       0.00,       0.00,     120.83,       0.00,       -167
53,     138.99,    1929670,     415.30,     415.30,     415.30,       0.00,       0.00,     138.99,       0.00,     2220.1,     2220.1,     -1.065,     -0.000,      1.250,        1.0,        0.0,        0.0,      0.000,      0.000,      99000,     121025,    271.243,      0.000,       0.00,       0.00,     120.83,       0.00,       -168
54,     142.23,    1870975,     415.30,     415.30,     415.30,       0.00,       0.00,     142.23,       0.00,     2202.8,     2202.8,     -1.032,     -0.000,      1.250,        1.0,        0.0,        0.0,      0.000,      0.000,      99000,     121025,    277.334,      0.000,       0.00,       0.00,     120.83,       0.00,       -169
55,     145.50,    1814863,     415.30,     415.30,     415.30,       0.00,       0.00,     145.50,       0.00,     2185.8,     2185.8,     -1.000,     -0.000,      1.250,        1.0,        0.0,        0.0,      0.000,      0.000,      99000,     121025,    283.297,      0.000,       0.00,       0.00,     120.83,       0.00,       -170
56,     148.80,    1761205,     415.30,     415.30,     415.30,       0.00,       0.00,     148.80,       0.00,     2169.3,     2169.3,     -0.970,     -0.000,      1.251,        1.0,        0.0,        0.0,      0.000,      0.000,      99000,     121025,    289.135,      0.000,       0.00,       0.00,     120.83,       0.00,       -171
57,     152.13,    1709881,     415.30,     415.30,     415.30,       0.00,       0.00,     152.13,       0.00,     2153.2,     2153.2,     -0.942,     -0.000,      1.251,        1.0,        0.0,        0.0,      0.000,      0.000,      99000,     121025,    294.849,      0.000,       0.00,       0.00,     120.83,       0.00,       -172
58,     155.49,    1660774,     415.30,     415.30,     415.30,       0.00,       0.00,     155.49,       0.00,     2137.5,     2137.5,     -0.916,     -0.000,      1.251,        1.0,        0.0,        0.0,      0.000,      0.000,      99000,     121025,    300.443,      0.000,       0.00,       0.00,     120.83,       0.00,       -172
59,     158.87,    1613776,     415.30,     415.30,     415.30,       0.00,       0.00,     158.87,       0.00,     2122.2,     2122.2,     -0.890,     -0.000,      1.251,        1.0,        0.0,        0.0,      0.000,      0.000,      99000,     121025,    305.918,      0.000,       0.00,       0.00,     120.83,       0.00,       -173
60,     162.27,    1568781,     415.30,     415.30,     415.30,       0.00,       0.00,     162.27,       0.00,     2107.2,     2107.2,     -0.866,     -0.000,      1.252,        1.0,        0.0,        0.0,      0.000,      0.000,      99000,     121025,    311.277,      0.000,       0.00,       0.00,     120.83,       0.00,       -174
61,     165.70,    1525692,     415.30,     415.30,     415.30,       0.00,       0.00,     165.70,       0.00,     2092.6,     2092.6,     -0.843,     -0.000,      1.252,        1.0,        0.0,        0.0,      0.000,      0.000,      99000,     121025,    316.522,      0.000,       0.00,       0.00,     120.83,       0.00,       -175
62,     169.15,    1484416,     415.30,     415.30,     415.30,       0.00,       0.00,     169.15,       0.00,     2078.4,     2078.4,     -0.822,     -0.000,      1.252,        1.0,        0.0,        0.0,      0.000,      0.000,      99000,     121025,    321.655,      0.000,       0.00,       0.00,     120.83,       0.00,       -176
63,     172.62,    1444863,     415.30,     415.30,     415.30,       0.00,       0.00,     172.62,       0.00,     2064.5,     2064.5,     -0.801,     -0.000,      1.252,        1.0,        0.0,        0.0,      0.000,      0.000,      99000,     121025,    326.679,      0.000,       0.00,       0.00,     120.83,       0.00,       -177
64,     176.10,    1406950,     415.30,     415.30,     415.30,       0.00,       0.00,     176.10,       0.00,     2050.9,     2050.9,     -0.782,     -0.000,      1.253,        1.0,        0.0,        0.0,      0.000,      0.000,      99000,     121025,    331.596,      0.000,       0.00,       0.00,     120.83,       0.00,       -177
65,     179.60,    1370599,     415.30,     415.30,     415.30,       0.00,       0.00,     179.60,       0.00,     2037.6,     2037.6,     -0.763,     -0.000,      1.253,        1.0,        0.0,        0.0,      0.000,      0.000,      99000,     121025,    336.408,      0.000,       0.00,       0.00,     120.83,       0.00,       -178
66,     183.12,    1335733,     415.30,     415.30,     415.30,       0.00,       0.00,     183.12,       0.00,     2024.7,     2024.7,     -0.745,     -0.000,      1.253,        1.0,        0.0,        0.0,      0.000,      0.000,      99000,     121025,    341.117,      0.000,       0.00,       0.00,     120.83,       0.00,       -179
67,     186.65,    1302282,     415.30,     415.30,     415.30,       0.00,       0.00,     186.65,       0.00,     2012.1,     2012.1,     -0.728,     -0.000,      1.254,        1.0,        0.0,        0.0,      0.000,      0.000,      99000,     121025,    345.725,      0.000,       0.00,       0.00,     120.83,       0.00,       -180
68,     190.20,    1270178,     415.30,     415.30,     415.30,       0.00,       0.00,     190.20,       0.00,     1999.8,     1999.8,     -0.712,     -0.000,      1.254,        1.0,        0.0,        0.0,      0.000,      0.000,      99000,     121025,    350.235,      0.000,       0.00,       0.00,     120.83,       0.00,       -180
69,     193.76,    1239358,     415.30,     415.30,     415.30,       0.00,       0.00,     193.76,       0.00,     1987.7,     1987.7,     -0.697,     -0.000,      1.254,        1.0,        0.0,        0.0,      0.000,      0.000,      99000,     121025,    354.649,      0.000,       0.00,       0.00,     120.83,       0.00,       -181
70,     197.32,    1209761,     415.30,     415.30,     415.30,       0.00,       0.00,     197.32,       0.00,     1975.9,     1975.9,     -0.682,     -0.000,      1.254,        1.0,        0.0,        0.0,      0.000,      0.000,      99000,     121025,    358.968,      0.000,       0.00,       0.00,     120.83,       0.00,       -182
71,     200.90,    1181329,     415.30,     415.30,     415.30,       0.00,       0.00,     200.90,       0.00,     1964.5,     1964.5,     -0.668,     -0.000,      1.255,        1.0,        0.0,        0.0,      0.000,      0.000,      99000,     121025,    363.195,      0.000,       0.00,       0.00,     120.83,       0.00,       -182
72,     204.48,    1154010,     415.30,     415.30,     415.30,       0.00,       0.00,     204.48,       0.00,     1953.2,     1953.2,     -0.654,     -0.000,      1.255,        1.0,        0.0,        0.0,      0.000,      0.000,      99000,     121025,    367.331,      0.000,       0.00,       0.00,     120.83,       0.00,       -183
73,     208.06,    1127750,     415.30,     415.30,     415.30,       0.00,       0.00,     208.06,       0.00,     1942.3,     1942.3,     -0.641,     -0.000,      1.255,        1.0,        0.0,        0.0,      0.000,      0.000,      99000,     121025,    371.379,      0.000,       0.00,       0.00,     120.83,       0.00,       -184
74,     211.65,    1102502,     415.30,     415.30,     415.30,       0.00,       0.00,     211.65,       0.00,     1931.6,     1931.6,     -0.629,     -0.000,      1.255,        1.0,        0.0,        0.0,      0.000,      0.000,      99000,     121025,    375.340,      0.000,       0.00,       0.00,     120.83,       0.00,       -184
75,     215.25,    1078220,     415.30,     415.30,     415.30,       0.00,       0.00,     215.25,       0.00,     1921.1,     1921.1,     -0.617,     -0.000,      1.256,        1.0,        0.0,        0.0,      0.000,      0.000,      99000,     121025,    379.217,      0.000,       0.00,       0.00,     120.83,       0.00,       -185
76,     218.85,    1054859,     415.30,     415.30,     415.30,       0.00,       0.00,     218.85,       0.00,     1910.9,     1910.9,     -0.606,     -0.000,      1.256,        1.0,        0.0,        0.0,      0.000,      0.000,      99000,     121025,    383.011,      0.000,       0.00,       0.00,     120.83,       0.00,       -186
77,     222.44,    1032378,     415.30,     415.30,     415.30,       0.00,       0.00,     222.44,       0.00,     1900.9,     1900.9,     -0.595,     -0.000,      1.256,        1.0,        0.0,        0.0,      0.000,      0.000,      99000,     121025,    386.723,      0.000,       0.00,       0.00,     120.83,       0.00,       -186
78,     226.04,    1010738,     415.30,     415.30,     415.30,       0.00,       0.00,     226.04,       0.00,     1891.1,     1891.1,     -0.585,     -0.000,      1.256,        1.0,        0.0,        0.0,      0.000,      0.000,      99000,     121025,    390.357,      0.000,       0.00,       0.00,     120.83,       0.00,       -187
79,     229.63,     989902,     415.30,     415.30,     415.30,       0.00,       0.00,     229.63,       0.00,     1881.6,     1881.6,     -0.575,     -0.000,      1.256,        1.0,        0.0,        0.0,      0.000,      0.000,      99000,     121025,    393.912,      0.000,       0.00,       0.00,     120.83,       0.00,       -187
80,     233.22,     969834,     415.30,     415.30,     415.30,       0.00,       0.00,     233.22,       0.00,     1872.3,     1872.3,     -0.565,     -0.000,      1.257,        1.0,        0.0,        0.0,      0.000,      0.000,      99000,     121025,    397.391,      0.000,       0.00,       0.00,     120.83,       0.00,       -188
81,     236.81,     950501,     415.30,     415.30,     415.30,       0.00,       0.00,     236.81,       0.00,     1863.1,     1863.1,     -0.556,     -0.000,      1.257,        1.0,        0.0,        0.0,      0.000,      0.000,      99000,     121025,    400.796,      0.000,       0.00,       0.00,     120.83,       0.00,       -188
82,     240.38,     931870,     415.30,     415.30,     415.30,       0.00,       0.00,     240.38,       0.00,     1854.2,     1854.2,     -0.547,     -0.000,      1.257,        1.0,        0.0,        0.0,      0.000,      0.000,      99000,     121025,    404.128,      0.000,       0.00,       0.00,     120.83,       0.00,       -189
83,     243.96,     913912,     415.30,     415.30,     415.30,       0.00,       0.00,     243.96,       0.00,     1845.5,     1845.5,     -0.539,     -0.000,      1.257,        1.0,        0.0,        0.0,      0.000,      0.000,      99000,     121025,    407.389,      0.000,       0.00,       0.00,     120.83,       0.00,       -190
84,     247.52,     896598,     415.30,     415.30,     415.30,       0.00,       0.00,     247.52,       0.00,     1837.0,     1837.0,     -0.531,     -0.000,      1.258,        1.0,        0.0,        0.0,      0.000,      0.000,      99000,     121025,    410.580,      0.000,       0.00,       0.00,     120.83,       0.00,       -190
85,     251.07,     879899,     415.30,     415.30,     415.30,       0.00,       0.00,     251.07,       0.00,     1828.7,     1828.7,     -0.523,     -0.000,      1.258,        1.0,        0.0,        0.0,      0.000,      0.000,      99000,     121025,    413.702,      0.000,       0.00,       0.00,     120.83,       0.00,       -191
86,     254.62,     863792,     415.30,     415.30,     415.30,       0.00,       0.00,     254.62,       0.00,     1820.5,     1820.5,     -0.515,     -0.000,      1.258,        1.0,        0.0,        0.0,      0.000,      0.000,      99000,     121025,    416.758,      0.000,       0.00,       0.00,     120.83,       0.00,       -191
87,     258.15,     848249,     415.30,     415.30,     415.30,       0.00,       0.00,     258.15,       0.00,     1812.6,     1812.6,     -0.508,     -0.000,      1.258,        1.0,        0.0,        0.0,      0.000,      0.000,      99000,     121025,    419.747,      0.000,       0.00,       0.00,     120.83,       0.00,       -192
88,     261.66,     833250,     415.30,     415.30,     415.30,       0.00,       0.00,     261.66,       0.00,     1804.8,     1804.8,     -0.501,     -0.000,      1.258,        1.0,        0.0,        0.0,      0.000,      0.000,      99000,     121025,    422.673,      0.000,       0.00,       0.00,     120.83,       0.00,       -192
89,     265.17,     818770,     415.30,     415.30,     415.30,       0.00,       0.00,     265.17,       0.00,     1797.2,     1797.2,     -0.494,     -0.000,      1.259,        1.0,        0.0,        0.0,      0.000,      0.000,      99000,     121025,    425.536,      0.000,       0.00,       0.00,     120.83,       0.00,       -193
90,     268.66,     804788,     415.30,     415.30,     415.30,       0.00,       0.00,     268.66,       0.00,     1789.7,     1789.7,     -0.488,     -0.000,      1.259,        1.0,        0.0,        0.0,      0.000,      0.000,      99000,     121025,    428.337,      0.000,       0.00,       0.00,     120.83,       0.00,       -193
91,     272.13,     791286,     415.30,     415.30,     415.30,       0.00,       0.00,     272.13,       0.00,     1782.4,     1782.4,     -0.482,     -0.000,      1.259,        1.0,        0.0,        0.0,      0.000,      0.000,      99000,     121025,    431.078,      0.000,       0.00,       0.00,     120.83,       0.00,       -194
92,     275.58,     778242,     415.30,     415.30,     415.30,       0.00,       0.00,     275.58,       0.00,     1775.3,     1775.3,     -0.476,     -0.000,      1.259,        1.0,        0.0,        0.0,      0.000,      0.000,      99000,     121025,    433.759,      0.000,       0.00,       0.00,     120.83,       0.00,       -194
93,     279.02,     765639,     415.30,     415.30,     415.30,       0.00,       0.00,     279.02,       0.00,     1768.3,     1768.3,     -0.470,     -0.000,      1.259,        1.0,        0.0,        0.0,      0.000,      0.000,      99000,     121025,    436.383,      0.000,       0.00,       0.00,     120.83,       0.00,       -195
94,     282.44,     753460,     415.30,     415.30,     415.30,       0.00,       0.00,     282.44,       0.00,     1761.5,     1761.5,     -0.464,     -0.000,      1.260,        1.0,        0.0,        0.0,      0.000,      0.000,      99000,     121025,    438.950,      0.000,       0.00,       0.00,     120.83,       0.00,       -195
95,     285.83,     741688,     415.30,     415.30,     415.30,       0.00,       0.00,     285.83,       0.00,     1754.8,     1754.8,     -0.459,     -0.000,      1.260,        1.0,        0.0,        0.0,      0.000,      0.000,      99000,     121025,    441.461,      0.000,       0.00,       0.00,     120.83,       0.00,       -195
96,     289.21,     730306,     415.30,     415.30,     415.30,       0.00,       0.00,     289.21,       0.00,     1748.3,     1748.3,     -0.454,     -0.000,      1.260,        1.0,        0.0,        0.0,      0.000,      0.000,      99000,     121025,    443.918,      0.000,       0.00,       0.00,     120.83,       0.00,       -196
97,     292.56,     719301,     415.30,     415.30,     415.30,       0.00,       0.00,     292.56,       0.00,     1741.9,     1741.9,     -0.448,     -0.000,      1.260,        1.0,        0.0,        0.0,      0.000,      0.000,      99000,     121025,    446.322,      0.000,       0.00,       0.00,     120.83,       0.00,       -196
98,     295.89,     708657,     415.30,     415.30,     415.30,       0.00,       0.00,     295.89,       0.00,     1735.7,     1735.7,     -0.444,     -0.000,      1.260,        1.0,        0.0,        0.0,      0.000,      0.000,      99000,     121025,    448.673,      0.000,       0.00,       0.00,     120.83,       0.00,       -197
99,     299.20,     698361,     415.30,     415.30,     415.30,       0.00,       0.00,     299.20,       0.00,     1729.6,     1729.6,     -0.439,     -0.000,      1.260,        1.0,        0.0,        0.0,      0.000,      0.000,      99000,     121025,    450.973,      0.000,       0.00,       0.00,     120.83,       0.00,       -197
100,     302.48,     688400,     415.30,     415.30,     415.30,       0.00,       0.00,     302.48,       0.00,     1723.6,     1723.6,     -0.434,     -0.000,      1.261,        1.0,        0.0,        0.0,      0.000,      0.000,      99000,     121025,    453.222,      0.000,       0.00,       0.00,     120.83,       0.00,       -198
101,     305.73,     678760,     415.30,     415.30,     415.30,       0.00,       0.00,     305.73,       0.00,     1717.8,     1717.8,     -0.430,     -0.000,      1.261,        1.0,        0.0,        0.0,      0.000,      0.000,      99000,     121025,    455.422,      0.000,       0.00,       0.00,     120.83,       0.00,       -198
102,     308.96,     669431,     415.30,     415.30,     415.30,       0.00,       0.00,     308.96,       0.00,     1712.0,     1712.0,     -0.426,     -0.000,      1.261,        1.0,        0.0,        0.0,      0.000,      0.000,      99000,     121025,    457.574,      0.000,       0.00,       0.00,     120.83,       0.00,       -199
103,     312.16,     660401,     415.30,     415.30,     415.30,       0.00,       0.00,     312.16,       0.00,     1706.4,     1706.4,     -0.421,     -0.000,      1.261,        1.0,        0.0,        0.0,      0.000,      0.000,      99000,     121025,    459.679,      0.000,       0.00,       0.00,     120.83,       0.00,       -199
104,     315.33,     651659,     415.30,     415.30,     415.30,       0.00,       0.00,     315.33,       0.00,     1701.0,     1701.0,     -0.417,     -0.000,      1.261,        1.0,        0.0,        0.0,      0.000,      0.000,      99000,     121025,    461.737,      0.000,       0.00,       0.00,     120.83,       0.00,       -199
105,     318.48,     643194,     415.30,     415.30,     415.30,       0.00,       0.00,     318.48,       0.00,     1695.6,     1695.6,     -0.414,     -0.000,      1.261,        1.0,        0.0,        0.0,      0.000,      0.000,      99000,     121025,    463.749,      0.000,       0.00,       0.00,     120.83,       0.00,       -200
106,     321.59,     634997,     415.30,     415.30,     415.30,       0.00,       0.00,     321.59,       0.00,     1690.4,     1690.4,     -0.410,     -0.000,      1.262,        1.0,        0.0,        0.0,      0.000,      0.000,      99000,     121025,    465.716,      0.000,       0.00,       0.00,     120.83,       0.00,       -200
107,     324.67,     627058,     415.30,     415.30,     415.30,       0.00,       0.00,     324.67,       0.00,     1685.2,     1685.2,     -0.406,     -0.000,      1.262,        1.0,        0.0,        0.0,      0.000,      0.000,      99000,     121025,    467.640,      0.000,       0.00,       0.00,     120.83,       0.00,       -201
108,     327.73,     619368,     415.30,     415.30,     415.30,       0.00,       0.00,     327.73,       0.00,     1680.2,     1680.2,     -0.403,     -0.000,      1.262,        1.0,        0.0,        0.0,      0.000,      0.000,      99000,     121025,    469.520,      0.000,       0.00,       0.00,     120.83,       0.00,       -201
109,     330.75,     611918,     415.30,     415.30,     415.30,       0.00,       0.00,     330.75,       0.00,     1675.3,     1675.3,     -0.399,     -0.000,      1.262,        1.0,        0.0,        0.0,      0.000,      0.000,      99000,     121025,    471.358,      0.000,       0.00,       0.00,     120.83,       0.00,       -201
110,     333.73,     604700,     415.30,     415.30,     415.30,       0.00,       0.00,     333.73,       0.00,     1670.5,     1670.5,     -0.396,     -0.000,      1.262,        1.0,        0.0,        0.0,      0.000,      0.000,      99000,     121025,    473.155,      0.000,       0.00,       0.00,     120.83,       0.00,       -202
111,     336.69,     597707,     415.30,     415.30,     415.30,       0.00,       0.00,     336.69,       0.00,     1665.8,     1665.8,     -0.393,     -0.000,      1.262,        1.0,        0.0,        0.0,      0.000,      0.000,      99000,     121025,    474.911,      0.000,       0.00,       0.00,     120.83,       0.00,       -202
112,     339.61,     590930,     415.30,     415.30,     415.30,       0.00,       0.00,     339.61,       0.00,     1661.2,     1661.2,     -0.389,     -0.000,      1.263,        1.0,        0.0,        0.0,      0.000,      0.000,      99000,     121025,    476.627,      0.000,       0.00,       0.00,     120.83,       0.00,       -203
113,     342.49,     584362,     415.30,     415.30,     415.30,       0.00,       0.00,     342.49,       0.00,     1656.7,     1656.7,     -0.386,     -0.000,      1.263,        1.0,        0.0,        0.0,      0.000,      0.000,      99000,     121025,    478.303,      0.000,       0.00,       0.00,     120.83,       0.00,       -203
114,     345.35,     577996,     415.30,     415.30,     415.30,       0.00,       0.00,     345.35,       0.00,     1652.3,     1652.3,     -0.384,     -0.000,      1.263,        1.0,        0.0,        0.0,      0.000,      0.000,      99000,     121025,    479.941,      0.000,       0.00,       0.00,     120.83,       0.00,       -203
115,     348.16,     571826,     415.30,     415.30,     415.30,       0.00,       0.00,     348.16,       0.00,     1648.0,     1648.0,     -0.381,     -0.000,      1.263,        1.0,        0.0,        0.0,      0.000,      0.000,      99000,     121025,    481.541,      0.000,       0.00,       0.00,     120.83,       0.00,       -204
116,     350.94,     565551,     415.30,     415.30,     415.30,       0.00,       0.00,     350.94,       0.00,     1642.9,     1642.9,     -0.761,     -0.000,      1.263,        1.0,        0.0,        0.0,      0.000,      0.000,      99000,     121025,    481.541,     -1.562,       0.00,       0.00,     120.83,       0.00,       -204
117,     353.69,     559467,     415.30,     415.30,     415.30,       0.00,       0.00,     353.69,       0.00,     1637.9,     1637.9,     -0.755,     -0.000,      1.263,        1.0,        0.0,        0.0,      0.000,      0.000,      99000,     121025,    481.541,     -3.087,       0.00,       0.00,     120.83,       0.00,       -205
118,     356.39,     553567,     415.30,     415.30,     415.30,       0.00,       0.00,     356.39,       0.00,     1633.1,     1633.1,     -0.750,     -0.000,      1.263,        1.0,        0.0,        0.0,      0.000,      0.000,      99000,     121025,    481.541,     -4.575,       0.00,       0.00,     120.83,       0.00,       -206
119,     359.06,     547833,     415.29,     415.30,     415.30,       0.00,       0.01,     359.06,       0.00,     1628.3,     1628.3,     -0.745,     -0.000,      1.264,        1.0,        0.0,        0.4,      0.000,      0.304,      99000,     121102,    481.541,     -6.027,       0.00,       0.00,     120.83,       0.00,       -207
120,     361.69,     542211,     415.25,     415.29,     415.29,       0.00,       0.04,     361.69,       0.00,     1623.6,     1623.6,     -0.740,     -0.000,      1.264,        1.0,        0.0,        2.5,      0.000,      1.897,      99000,     121465,    481.541,     -7.443,       0.00,       0.00,     120.83,       0.00,       -207
121,     364.29,     536698,     415.18,     415.25,     415.25,       0.00,       0.08,     364.29,       0.00,     1618.9,     1618.9,     -0.735,     -0.000,      1.264,        1.0,        0.0,        4.6,      0.000,      3.480,      99000,     121829,    481.541,     -8.825,       0.00,       0.00,     120.83,       0.00,       -208
122,     366.84,     531292,     415.07,     415.18,     415.18,       0.00,       0.11,     366.84,       0.00,     1614.3,     1614.3,     -0.730,     -0.000,      1.264,        1.0,        0.0,        6.7,      0.000,      5.052,      99000,     122210,    481.541,    -10.172,       0.00,       0.00,     120.83,       0.00,       -209
123,     369.36,     525990,     414.93,     415.07,     415.07,       0.00,       0.14,     369.36,       0.00,     1609.8,     1609.8,     -0.725,     -0.000,      1.264,        1.0,        0.0,        8.8,      0.000,      6.613,      99000,     122605,    481.541,    -11.485,       0.00,       0.00,     120.83,       0.00,       -210
124,     371.83,     520790,     414.75,     414.93,     414.93,       0.00,       0.17,     371.83,       0.00,     1605.3,     1605.3,     -0.720,     -0.000,      1.264,        1.0,        0.0,       10.9,      0.000,      8.164,      99000,     123011,    481.541,    -12.764,       0.00,       0.00,     120.83,       0.00,       -210
125,     374.27,     515658,     414.53,     414.75,     414.75,       0.00,       0.22,     374.27,       0.00,     1600.8,     1600.8,     -0.715,     -0.000,      1.265,        1.0,        0.0,       14.1,      0.000,     10.587,      99000,     123629,    481.541,    -14.010,       0.00,       0.00,     120.83,       0.00,       -211
126,     376.67,     510569,     414.24,     414.53,     414.53,       0.00,       0.29,     376.67,       0.00,     1596.3,     1596.3,     -0.710,     -0.000,      1.265,        1.0,        0.0,       18.3,      0.000,     13.649,      99000,     124400,    481.541,    -15.223,       0.00,       0.00,     120.83,       0.00,       -212
127,     379.02,     505522,     413.89,     414.24,     414.24,       0.00,       0.35,     379.02,       0.00,     1591.9,     1591.9,     -0.705,     -0.000,      1.265,        1.0,        0.0,       22.5,      0.000,     16.679,      99000,     125176,    481.541,    -16.404,       0.00,       0.00,     120.83,       0.00,       -213
128,     381.34,     500502,     413.46,     413.89,     413.89,       0.00,       0.43,     381.34,       0.00,     1587.4,     1587.4,     -0.700,     -0.000,      1.265,        1.0,        0.0,       27.4,      0.000,     20.165,      99000,     126078,    481.541,    -17.552,       0.00,       0.00,     120.83,       0.00,       -213
129,     383.61,     495502,     412.96,     413.46,     413.46,       0.00,       0.50,     383.61,       0.00,     1583.0,     1583.0,     -0.695,     -0.000,      1.265,        1.0,        0.0,       32.5,      0.000,     23.763,      99000,     127022,    481.541,    -18.669,       0.00,       0.00,     120.83,       0.00,       -214
130,     385.84,     490524,     412.39,     412.96,     412.96,       0.00,       0.57,     385.84,       0.00,     1578.5,     1578.5,     -0.690,     -0.000,      1.265,        1.0,        0.0,       37.5,      0.000,     27.321,      99000,     127971,    481.541,    -19.754,       0.00,       0.00,     120.83,       0.00,       -215
131,     388.03,     485525,     411.71,     412.39,     412.39,       0.00,       0.67,     388.03,       0.00,     1574.0,     1574.0,     -0.684,     -0.000,      1.265,        1.0,        0.0,       44.3,      0.000,     32.051,      99000,     129216,    481.541,    -20.808,       0.00,       0.00,     120.83,       0.00,       -215
132,     390.18,     480488,     410.93,     411.71,     411.71,       0.00,       0.79,     390.18,       0.00,     1569.4,     1569.4,     -0.679,     -0.000,      1.266,        1.0,        0.0,       52.0,      0.000,     37.309,      99000,     130599,    481.541,    -21.830,       0.00,       0.00,     120.83,       0.00,       -216
133,     392.29,     475416,     410.03,     410.93,     410.93,       0.00,       0.90,     392.29,       0.00,     1564.8,     1564.8,     -0.673,     -0.000,      1.266,        1.0,        0.0,       59.7,      0.000,     42.488,      99000,     131980,    481.541,    -22.822,       0.00,       0.00,     120.83,       0.00,       -217
134,     394.36,     470241,     408.99,     410.03,     410.03,       0.00,       1.05,     394.36,       0.00,     1560.1,     1560.1,     -0.668,     -0.000,      1.266,        1.0,        0.0,       70.4,      0.000,     49.594,      99000,     133867,    481.541,    -23.783,       0.00,       0.00,     120.83,       0.00,       -217
135,     396.38,     464957,     407.78,     408.99,     408.99,       0.00,       1.21,     396.38,       0.00,     1555.2,     1555.2,     -0.661,     -0.000,      1.266,        1.0,        0.0,       81.5,      0.000,     56.891,      99000,     135823,    481.541,    -24.714,       0.00,       0.00,     120.83,       0.00,       -218
136,     398.36,     459567,     406.41,     407.78,     407.78,       0.00,       1.36,     398.36,       0.00,     1550.3,     1550.3,     -0.655,     -0.000,      1.266,        1.0,        0.0,       92.8,      0.000,     64.142,      99000,     137803,    481.541,    -25.614,       0.00,       0.00,     120.83,       0.00,       -219
137,     400.30,     454018,     404.85,     406.41,     406.41,       0.00,       1.56,     400.30,       0.00,     1545.2,     1545.2,     -0.648,     -0.000,      1.266,        1.0,        0.0,      106.8,      0.000,     72.942,      99000,     140220,    481.541,    -26.484,       0.00,       0.00,     120.83,       0.00,       -219
138,     402.19,     448317,     403.10,     404.85,     404.85,       0.00,       1.75,     402.19,       0.00,     1539.9,     1539.9,     -0.642,     -0.000,      1.267,        1.0,        0.0,      120.7,      0.000,     81.559,      99000,     142616,    481.541,    -27.323,       0.00,       0.00,     120.83,       0.00,       -220
139,     404.04,     442461,     401.16,     403.10,     403.10,       0.00,       1.95,     404.04,       0.00,     1534.5,     1534.5,     -0.634,     -0.000,      1.267,        1.0,        0.0,      135.2,      0.000,     90.310,      99000,     145080,    481.541,    -28.132,       0.00,       0.00,     120.83,       0.00,       -221
140,     405.85,     436425,     399.00,     401.16,     401.16,       0.00,       2.16,     405.85,       0.00,     1528.8,     1528.8,     -0.627,     -0.000,      1.267,        1.0,        0.0,      151.2,      0.000,     99.843,      99000,     147777,    481.541,    -28.912,       0.00,       0.00,     120.83,       0.00,       -221
141,     407.61,     430219,     396.63,     399.00,     399.00,       0.00,       2.37,     407.61,       0.00,     1523.0,     1523.0,     -0.619,     -0.000,      1.267,        1.0,        0.0,      167.3,      0.000,    109.181,      99000,     150438,    481.541,    -29.661,       0.00,       0.00,     120.83,       0.00,       -222
142,     409.33,     423834,     394.04,     396.63,     396.63,       0.00,       2.59,     409.33,       0.00,     1516.9,     1516.9,     -0.610,     -0.000,      1.267,        1.0,        0.0,      184.2,      0.000,    118.856,      99000,     153204,    481.541,    -30.381,       0.00,       0.00,     120.83,       0.00,       -222
143,     411.01,     417256,     391.22,     394.04,     394.04,       0.00,       2.82,     411.01,       0.00,     1510.6,     1510.6,     -0.601,     -0.000,      1.268,        1.0,        0.0,      202.4,      0.000,    129.025,      99000,     156112,    481.541,    -31.072,       0.00,       0.00,     120.83,       0.00,       -223
144,     412.64,     410497,     388.17,     391.22,     391.22,       0.00,       3.05,     412.64,       0.00,     1504.1,     1504.1,     -0.592,     -0.000,      1.268,        1.0,        0.0,      220.5,      0.000,    138.997,      99000,     158964,    481.541,    -31.733,       0.00,       0.00,     120.83,       0.00,       -224
145,     414.23,     403536,     384.88,     388.17,     388.17,       0.00,       3.29,     414.23,       0.00,     1497.3,     1497.3,     -0.583,     -0.000,      1.268,        1.0,        0.0,      240.4,      0.000,    149.743,      99000,     162068,    481.541,    -32.365,       0.00,       0.00,     120.83,       0.00,       -224
146,     415.78,     396365,     381.34,     384.88,     384.88,       0.00,       3.54,     415.78,       0.00,     1490.3,     1490.3,     -0.573,     -0.000,      1.268,        1.0,        0.0,      261.3,      0.000,    160.874,      99000,     165283,    481.541,    -32.969,       0.00,       0.00,     120.83,       0.00,       -225
147,     417.28,     389000,     377.56,     381.34,     381.34,       0.00,       3.78,     417.28,       0.00,     1482.9,     1482.9,     -0.563,     -0.000,      1.269,        1.0,        0.0,      282.2,      0.000,    171.810,      99000,     168442,    481.541,    -33.544,       0.00,       0.00,     120.83,       0.00,       -225
148,     418.73,     491025,     477.35,     477.35,       0.00,      -0.00,       4.94,     418.73,       0.00,     1738.0,     1738.0,     -0.803,     -0.000,      1.261,        1.0,        0.0,      303.7,      0.000,    197.714,     124131,     170299,    536.462,    -42.562,       0.40,       0.11,     120.39,       0.00,       -305
149,     420.15,     482384,     472.16,     472.16,       0.00,      -0.00,       5.18,     420.15,       0.00,     1730.8,     1730.8,     -0.790,     -0.000,      1.261,        1.0,        0.0,      325.3,      0.000,    207.885,     123842,     172831,    536.462,    -43.232,       0.38,       0.10,     120.41,       0.00,       -306
150,     421.51,     473589,     466.75,     466.75,       0.00,      -0.00,       5.41,     421.51,       0.00,     1723.4,     1723.4,     -0.777,     -0.000,      1.261,        1.0,        0.0,      347.0,      0.000,    217.736,     123530,     175198,    536.462,    -43.870,       0.36,       0.10,     120.43,       0.00,       -307
151,     422.84,     464661,     461.11,     461.11,       0.00,      -0.00,       5.65,     422.84,       0.00,     1715.8,     1715.8,     -0.763,     -0.000,      1.261,        1.0,        0.0,      370.7,      0.000,    228.244,     123194,     177687,    536.462,    -44.474,       0.35,       0.09,     120.45,       0.00,       -307
152,     424.11,     455586,     455.24,     455.24,       0.00,      -0.00,       5.87,     424.11,       0.00,     1708.0,     1708.0,     -0.749,     -0.000,      1.261,        1.0,        0.0,      394.4,      0.000,    238.423,     122834,     180023,    536.462,    -45.047,       0.33,       0.09,     120.47,       0.00,       -308
153,     425.35,     446387,     449.17,     449.17,       0.00,      -0.00,       6.07,     425.35,       0.00,     1700.0,     1700.0,     -0.734,     -0.000,      1.262,        1.0,        0.0,      418.4,      0.000,    248.408,     122449,     182279,    536.462,    -45.588,       0.31,       0.08,     120.49,       0.00,       -309
154,     426.54,     437082,     442.89,     442.89,       0.00,      -0.00,       6.28,     426.54,       0.00,     1691.7,     1691.7,     -0.719,     -0.000,      1.262,        1.0,        0.0,      443.5,      0.000,    258.581,     122038,     184581,    536.462,    -46.098,       0.29,       0.08,     120.51,       0.00,       -310
155,     427.68,     427676,     436.43,     436.43,       0.00,      -0.00,       6.46,     427.68,       0.00,     1683.3,     1683.3,     -0.704,     -0.000,      1.262,        1.0,        0.0,      468.6,      0.000,    268.455,     121602,     186801,    536.462,    -46.578,       0.28,       0.07,     120.53,       0.00,       -310
156,     428.78,     418194,     429.81,     429.81,       0.00,      -0.00,       6.62,     428.78,       0.00,     1674.6,     1674.6,     -0.689,     -0.000,      1.262,        1.0,        0.0,      493.1,      0.000,    277.799,     121141,     188883,    536.462,    -47.029,       0.26,       0.07,     120.55,       0.00,       -311
157,     429.84,     408664,     423.06,     423.06,       0.00,      -0.00,       6.75,     429.84,       0.00,     1665.7,     1665.7,     -0.674,     -0.000,      1.263,        1.0,        0.0,      516.6,      0.000,    286.485,     120654,     190821,    536.462,    -47.451,       0.24,       0.06,     120.57,       0.00,       -312
158,     430.85,     399123,     416.20,     416.20,       0.00,      -0.00,       6.87,     430.85,       0.00,     1656.7,     1656.7,     -0.658,     -0.000,      1.263,        1.0,        0.0,      540.0,      0.000,    294.955,     120143,     192766,    536.462,    -47.845,       0.23,       0.06,     120.58,       0.00,       -312
159,     431.82,     389587,     409.22,     409.22,       0.00,      -0.00,       6.97,     431.82,       0.00,     1647.5,     1647.5,     -0.643,     -0.000,      1.263,        1.0,        0.0,      564.4,      0.000,    303.556,     119607,     194840,    536.462,    -48.213,       0.21,       0.06,     120.60,       0.00,       -313
160,     432.74,     380062,     402.09,     402.09,       0.00,      -0.00,       7.13,     432.74,       0.00,     1638.2,     1638.2,     -0.627,     -0.000,      1.263,        1.0,        0.0,      590.9,      0.000,    314.228,     119048,     197690,    536.462,    -48.554,       0.20,       0.05,     120.62,       0.00,       -314
161,     433.61,     370494,     394.82,     394.82,       0.00,      -0.00,       7.27,     433.61,       0.00,     1628.6,     1628.6,     -0.611,     -0.000,      1.264,        1.0,        0.0,      617.4,      0.000,    325.094,     118466,     200729,    536.462,    -48.871,       0.18,       0.05,     120.63,       0.00,       -314
162,     434.44,     360893,     387.42,     387.42,       0.00,      -0.00,       7.40,     434.44,       0.00,     1618.9,     1618.9,     -0.596,     -0.000,      1.264,        1.0,        0.0,      643.6,      0.000,    335.774,     117863,     203847,    536.462,    -49.163,       0.17,       0.04,     120.65,       0.00,       -315
163,     435.23,     351283,     379.91,     379.91,       0.00,      -0.00,       7.51,     435.23,       0.00,     1608.9,     1608.9,     -0.580,     -0.000,      1.264,        1.0,        0.0,      669.4,      0.000,    346.280,     117236,     207058,    536.462,    -49.431,       0.16,       0.04,     120.66,       0.00,       -315
164,     435.97,     341684,     372.31,     372.31,       0.00,      -0.00,       7.60,     435.97,       0.00,     1598.7,     1598.7,     -0.564,     -0.000,      1.265,        1.0,        0.0,      695.2,      0.000,    356.802,     116592,     210442,    536.462,    -49.677,       0.14,       0.04,     120.67,       0.00,       -316
165,     436.67,     332113,     364.63,     364.63,       0.00,      -0.00,       7.68,     436.67,       0.00,     1588.3,     1588.3,     -0.548,     -0.000,      1.265,        1.0,        0.0,      721.5,      0.000,    367.584,     115930,     214064,    536.462,    -49.901,       0.13,       0.04,     120.68,       0.00,       -317
166,     437.32,     322580,     356.87,     356.87,       0.00,      -0.00,       7.75,     437.32,       0.00,     1577.8,     1577.8,     -0.532,     -0.000,      1.265,        1.0,        0.0,      748.0,      0.000,    378.558,     115253,     217680,    536.462,    -50.104,       0.12,       0.03,     120.70,       0.00,       -317
167,     437.93,     313096,     349.06,     349.06,       0.00,      -0.00,       7.81,     437.93,       0.00,     1567.0,     1567.0,     -0.516,     -0.000,      1.266,        1.0,        0.0,      774.5,      0.000,    389.662,     114562,     221200,    536.462,    -50.287,       0.11,       0.03,     120.71,       0.00,       -318
168,     438.49,     303676,     341.21,     341.21,       0.00,      -0.00,       7.85,     438.49,       0.00,     1556.1,     1556.1,     -0.500,     -0.000,      1.266,        1.0,        0.0,      800.4,      0.000,    400.654,     113857,     224514,    536.462,    -50.451,       0.10,       0.03,     120.72,       0.00,       -318
169,     439.01,     294340,     333.36,     333.36,       0.00,      -0.00,       7.86,     439.01,       0.00,     1545.0,     1545.0,     -0.485,     -0.000,      1.267,        1.0,        0.0,      826.2,      0.000,    409.139,     113141,     226697,    536.462,    -50.596,       0.09,       0.02,     120.73,       0.00,       -319
170,     439.48,     285119,     325.61,     325.61,       0.00,      -0.00,       7.74,     439.48,       0.00,     1533.8,     1533.8,     -0.469,     -0.000,      1.267,        1.0,        0.0,      852.0,      0.000,    405.513,     112414,     223892,    536.462,    -50.724,       0.08,       0.02,     120.74,       0.00,       -319
171,     439.91,     276143,     318.07,     318.07,       0.00,      -0.00,       7.55,     439.91,       0.00,     1522.6,     1522.6,     -0.454,     -0.000,      1.267,        1.0,        0.0,      877.1,      0.000,    399.629,     111679,     220022,    536.462,    -50.836,       0.08,       0.02,     120.75,       0.00,       -319
172,     440.29,     267498,     310.76,     310.76,       0.00,      -0.00,       7.30,     440.29,       0.00,     1511.5,     1511.5,     -0.440,     -0.000,      1.268,        1.0,        0.0,      902.2,      0.000,    392.333,     110936,     215512,    536.462,    -50.932,       0.07,       0.02,     120.75,       0.00,       -320
173,     440.63,     259228,     303.71,     303.71,       0.00,      -0.00,       7.06,     440.63,       0.00,     1500.6,     1500.6,     -0.426,     -0.000,      1.268,        1.0,        0.0,      927.3,      0.000,    384.949,     110186,     211000,    536.462,    -51.014,       0.06,       0.02,     120.76,       0.00,       -320
174,     440.92,     251326,     296.90,     296.90,       0.00,      -0.00,       6.81,     440.92,       0.00,     1489.9,     1489.9,     -0.412,     -0.000,      1.269,        1.0,        0.0,      952.5,      0.000,    377.331,     109431,     206561,    536.462,    -51.082,       0.06,       0.01,     120.77,       0.00,       -321
175,     441.17,     243783,     290.30,     290.30,       0.00,      -0.00,       6.60,     441.17,       0.00,     1479.4,     1479.4,     -0.399,     -0.000,      1.269,        1.0,        0.0,      977.6,      0.000,    368.819,     108672,     202081,    536.462,    -51.137,       0.05,       0.01,     120.77,       0.00,       -321
176,     441.37,     236554,     283.83,     283.83,       0.00,      -0.00,       6.47,     441.37,       0.00,     1469.0,     1469.0,     -0.387,     -0.000,      1.270,        1.0,        0.0,     1002.7,      0.000,    358.737,     107909,     197394,    536.462,    -51.179,       0.05,       0.01,     120.78,       0.00,       -322
177,     441.53,     229553,     277.52,     277.52,       0.00,      -0.00,       6.31,     441.53,       0.00,     1458.8,     1458.8,     -0.375,     -0.000,      1.270,        1.0,        0.0,     1027.8,      0.000,    348.013,     107145,     192886,    536.462,    -51.210,       0.04,       0.01,     120.78,       0.00,       -322
178,     441.64,     222791,     271.37,     271.37,       0.00,      -0.00,       6.15,     441.64,       0.00,     1448.6,     1448.6,     -0.364,     -0.000,      1.270,        1.0,        0.0,     1052.9,      0.000,    336.650,     106380,     188576,    536.462,    -51.230,       0.04,       0.01,     120.79,       0.00,       -322
179,     441.71,     216279,     265.41,     265.41,       0.00,      -0.00,       5.96,     441.71,       0.00,     1438.6,     1438.6,     -0.353,     -0.000,      1.271,        1.0,        0.0,     1077.2,      0.000,    324.683,     105615,     184483,    536.462,    -51.240,       0.03,       0.01,     120.79,       0.00,       -323
180,     441.73,     210031,     259.64,     259.64,       0.00,      -0.00,       5.76,     441.73,       0.00,     1428.7,     1428.7,     -0.342,     -0.000,      1.271,        1.0,        0.0,     1100.9,      0.000,    312.115,     104850,     180609,    536.462,    -51.240,       0.03,       0.01,     120.80,       0.00,       -323
181,     441.71,     204057,     254.09,     254.09,       0.00,      -0.00,       5.55,     441.71,       0.00,     1419.0,     1419.0,     -0.332,     -0.000,      1.272,        1.0,        0.0,     1124.6,      0.000,    299.089,     104088,     176950,    536.462,    -51.231,       0.03,       0.01,     120.80,       0.00,       -323
182,     441.64,     198362,     248.75,     248.75,       0.00,      -0.00,       5.34,     441.64,       0.00,     1409.5,     1409.5,     -0.322,     -0.000,      1.272,        1.0,        0.0,     1148.3,      0.000,    285.767,     103329,     173517,    536.462,    -51.213,       0.03,       0.01,     120.80,       0.00,       -324
183,     441.53,     192946,     243.64,     243.64,       0.00,      -0.00,       5.11,     441.53,       0.00,     1400.2,     1400.2,     -0.313,     -0.000,      1.272,        1.0,        0.0,     1172.0,      0.000,    272.127,     102573,     170280,    536.462,    -51.187,       0.02,       0.01,     120.80,       0.00,       -324
184,     441.37,     187810,     238.75,     238.75,       0.00,      -0.00,       4.88,     441.37,       0.00,     1391.3,     1391.3,     -0.304,     -0.000,      1.273,        1.0,        0.0,     1195.8,      0.000,    258.241,     101823,     167233,    536.462,    -51.153,       0.02,       0.01,     120.81,       0.00,       -324
185,     441.17,     182957,     234.11,     234.11,       0.00,      -0.00,       4.64,     441.17,       0.00,     1382.5,     1382.5,     -0.296,     -0.000,      1.273,        1.0,        0.0,     1216.1,      0.000,    244.467,     101079,     164371,    536.462,    -51.112,       0.02,       0.01,     120.81,       0.00,       -325
186,     440.92,     178393,     229.71,     229.71,       0.00,      -0.00,       4.41,     440.92,       0.00,     1374.1,     1374.1,     -0.288,     -0.000,      1.274,        1.0,        0.0,     1236.4,      0.000,    231.051,     100341,     161640,    536.462,    -51.064,       0.02,       0.00,     120.81,       0.00,       -325
187,     440.63,     174108,     225.53,     225.53,       0.00,      -0.00,       4.18,     440.63,       0.00,     1366.0,     1366.0,     -0.280,     -0.000,      1.274,        1.0,        0.0,     1256.7,      0.000,    218.078,      99611,     159030,    536.462,    -51.009,       0.02,       0.00,     120.81,       0.00,       -325
188,     440.29,     170089,     221.57,     221.57,       0.00,      -0.00,       3.96,     440.29,       0.00,     1358.3,     1358.3,     -0.273,     -0.000,      1.274,        1.0,        0.0,     1278.8,      0.000,    205.544,      98889,     156552,    536.462,    -50.948,       0.01,       0.00,     120.81,       0.00,       -325
189,     439.91,     166319,     217.83,     217.83,       0.00,      -0.00,       3.75,     439.91,       0.00,     1350.8,     1350.8,     -0.267,     -0.000,      1.275,        1.0,        0.0,     1301.1,      0.000,    193.330,      98177,     154201,    536.462,    -50.881,       0.01,       0.00,     120.82,       0.00,       -326
190,     439.48,     162791,     214.29,     214.29,       0.00,      -0.00,       3.54,     439.48,       0.00,     1343.6,     1343.6,     -0.260,     -0.000,      1.275,        1.0,        0.0,     1323.3,      0.000,    181.310,      97474,     151991,    536.462,    -50.807,       0.01,       0.00,     120.82,       0.00,       -326
191,     439.01,     159499,     210.96,     210.96,       0.00,      -0.00,       3.33,     439.01,       0.00,     1336.8,     1336.8,     -0.255,     -0.000,      1.275,        1.0,        0.0,     1344.2,      0.000,    169.476,      96782,     149934,    536.462,    -50.728,       0.01,       0.00,     120.82,       0.00,       -326
192,     438.49,     156439,     207.84,     207.84,       0.00,      -0.00,       3.12,     438.49,       0.00,     1330.3,     1330.3,     -0.249,     -0.000,      1.276,        1.0,        0.0,     1365.2,      0.000,    157.806,      96101,     148021,    536.462,    -50.644,       0.01,       0.00,     120.82,       0.00,       -326
193,     437.93,     153609,     204.94,     204.94,       0.00,      -0.00,       2.91,     437.93,       0.00,     1324.1,     1324.1,     -0.244,     -0.000,      1.276,        1.0,        0.0,     1385.9,      0.000,    146.331,      95431,     146252,    536.462,    -50.554,       0.01,       0.00,     120.82,       0.00,       -327
194,     437.32,     151002,     202.23,     202.23,       0.00,      -0.00,       2.71,     437.32,       0.00,     1318.3,     1318.3,     -0.240,     -0.000,      1.276,        1.0,        0.0,     1406.1,      0.000,    135.173,      94773,     144637,    536.462,    -50.459,       0.01,       0.00,     120.82,       0.00,       -327
195,     436.67,     148613,     199.72,     199.72,       0.00,      -0.00,       2.50,     436.67,       0.00,     1312.8,     1312.8,     -0.235,     -0.000,      1.276,        1.0,        0.0,     1426.4,      0.000,    124.191,      94127,     143165,    536.462,    -50.359,       0.01,       0.00,     120.82,       0.00,       -327
196,     435.97,     146437,     197.42,     197.42,       0.00,      -0.00,       2.31,     435.97,       0.00,     1307.7,     1307.7,     -0.231,     -0.000,      1.277,        1.0,        0.0,     1445.9,      0.000,    113.473,      93493,     141823,    536.462,    -50.254,       0.01,       0.00,     120.82,       0.00,       -327
197,     435.23,     144470,     195.31,     195.31,       0.00,      -0.00,       2.11,     435.23,       0.00,     1302.9,     1302.9,     -0.228,     -0.000,      1.277,        1.0,        0.0,     1464.8,      0.000,    103.145,      92872,     140601,    536.462,    -50.143,       0.01,       0.00,     120.82,       0.00,       -328
198,     434.44,     142707,     193.38,     193.38,       0.00,      -0.00,       1.93,     434.44,       0.00,     1298.5,     1298.5,     -0.224,     -0.000,      1.277,        1.0,        0.0,     1483.6,      0.000,     93.435,      92263,     139482,    536.462,    -50.028,       0.01,       0.00,     120.82,       0.00,       -328
199,     433.61,     141135,     191.62,     191.62,       0.00,      -0.00,       1.76,     433.61,       0.00,     1294.5,     1294.5,     -0.221,     -0.000,      1.277,        1.0,        0.0,     1502.4,      0.000,     84.561,      91667,     138451,    536.462,    -49.907,       0.01,       0.00,     120.82,       0.00,       -328
200,     432.74,     139741,     190.02,     190.02,       0.00,      -0.00,       1.61,     432.74,       0.00,     1290.7,     1290.7,     -0.219,     -0.000,      1.278,        1.0,        0.0,     1521.3,      0.000,     76.705,      91083,     137496,    536.462,    -49.782,       0.01,       0.00,     120.82,       0.00,       -328
201,     431.82,     138505,     188.54,     188.54,       0.00,      -0.00,       1.48,     431.82,       0.00,     1287.3,     1287.3,     -0.216,     -0.000,      1.278,        1.0,        0.0,     1540.1,      0.000,     70.023,      90512,     136603,    536.462,    -49.651,       0.01,       0.00,     120.82,       0.00,       -328
202,     430.85,     137406,     187.16,     187.16,       0.00,      -0.00,       1.37,     430.85,       0.00,     1284.1,     1284.1,     -0.214,     -0.000,      1.278,        1.0,        0.0,     1557.1,      0.000,     64.579,      89952,     135763,    536.462,    -49.515,       0.01,       0.00,     120.82,       0.00,       -329
203,     429.84,     136421,     185.87,     185.87,       0.00,      -0.00,       1.29,     429.84,       0.00,     1281.1,     1281.1,     -0.212,     -0.000,      1.278,        1.0,        0.0,     1573.9,      0.000,     60.405,      89404,     134963,    536.462,    -49.374,       0.01,       0.00,     120.82,       0.00,       -329
204,     428.78,     135528,     184.63,     184.63,       0.00,      -0.00,       1.24,     428.78,       0.00,     1278.4,     1278.4,     -0.210,     -0.000,      1.278,        1.0,        0.0,     1590.6,      0.000,     57.491,      88868,     134188,    536.462,    -49.228,       0.01,       0.00,     120.82,       0.00,       -329
205,     427.68,     134701,     183.42,     183.42,       0.00,      -0.00,       1.21,     427.68,       0.00,     1275.7,     1275.7,     -0.208,     -0.000,      1.278,        1.0,        0.0,     1607.4,      0.000,     55.791,      88342,     133421,    536.462,    -49.077,       0.01,       0.00,     120.82,       0.00,       -329
206,     426.54,     133916,     182.21,     182.21,       0.00,      -0.00,       1.21,     426.54,       0.00,     1273.1,     1273.1,     -0.206,     -0.000,      1.278,        1.0,        0.0,     1624.1,      0.000,     55.224,      87828,     132645,    536.462,    -48.921,       0.00,       0.00,     120.82,       0.00,       -330
207,     425.35,     133151,     180.99,     180.99,       0.00,      -0.00,       1.22,     425.35,       0.00,     1270.5,     1270.5,     -0.204,     -0.000,      1.279,        1.0,        0.0,     1640.4,      0.000,     55.683,      87325,     131843,    536.462,    -48.759,       0.00,       0.00,     120.82,       0.00,       -330
208,     424.11,     132386,     179.73,     179.73,       0.00,      -0.00,       1.26,     424.11,       0.00,     1268.0,     1268.0,     -0.203,     -0.000,      1.279,        1.0,        0.0,     1655.0,      0.000,     57.050,      86834,     130997,    536.462,    -48.593,       0.00,       0.00,     120.82,       0.00,       -330
209,     422.84,     131601,     178.41,     178.41,       0.00,      -0.00,       1.31,     422.84,       0.00,     1265.4,     1265.4,     -0.201,     -0.000,      1.279,        1.0,        0.0,     1669.7,      0.000,     59.180,      86353,     130093,    536.462,    -48.422,       0.00,       0.00,     120.82,       0.00,       -330
210,     421.51,     130783,     177.04,     177.04,       0.00,      -0.00,       1.38,     421.51,       0.00,     1262.7,     1262.7,     -0.199,     -0.000,      1.279,        1.0,        0.0,     1684.3,      0.000,     61.965,      85884,     129115,    536.462,    -48.246,       0.00,       0.00,     120.83,       0.00,       -330
211,     420.15,     129915,     175.57,     175.57,       0.00,      -0.00,       1.46,     420.15,       0.00,     1259.9,     1259.9,     -0.197,     -0.000,      1.279,        1.0,        0.0,     1699.0,      0.000,     65.429,      85426,     128087,    536.462,    -48.065,       0.00,       0.00,     120.83,       0.00,       -331
212,     418.73,     128985,     174.02,     174.02,       0.00,      -0.00,       1.55,     418.73,       0.00,     1256.9,     1256.9,     -0.195,     -0.000,      1.279,        1.0,        0.0,     1713.6,      0.000,     69.340,      84980,     126973,    536.462,    -47.880,       0.00,       0.00,     120.83,       0.00,       -331
213,     417.28,     127983,     172.38,     172.38,       0.00,      -0.00,       1.65,     417.28,       0.00,     1253.8,     1253.8,     -0.193,     -0.000,      1.279,        1.0,        0.0,     1726.7,      0.000,     73.568,      84545,     125762,    536.462,    -47.691,       0.00,       0.00,     120.83,       0.00,       -331
214,     415.78,     126902,     170.63,     170.63,       0.00,      -0.00,       1.75,     415.78,       0.00,     1250.5,     1250.5,     -0.191,     -0.000,      1.280,        1.0,        0.0,     1738.7,      0.000,     78.027,      84122,     124453,    536.462,    -47.498,       0.00,       0.00,     120.83,       0.00,       -331
215,     414.23,     125741,     168.78,     168.78,       0.00,      -0.00,       1.85,     414.23,       0.00,     1247.0,     1247.0,     -0.188,     -0.000,      1.280,        1.0,        0.0,     1750.8,      0.000,     82.642,      83712,     123049,    536.462,    -47.301,       0.00,       0.00,     120.83,       0.00,       -331
216,     412.64,     124495,     166.84,     166.84,       0.00,      -0.00,       1.95,     412.64,       0.00,     1243.2,     1243.2,     -0.186,     -0.000,      1.280,        1.0,        0.0,     1762.7,      0.000,     87.337,      83313,     121551,    536.462,    -47.100,       0.00,       0.00,     120.83,       0.00,       -331
217,     411.01,     123165,     164.79,     164.79,       0.00,      -0.00,       2.05,     411.01,       0.00,     1239.3,     1239.3,     -0.183,     -0.000,      1.280,        1.0,        0.0,     1774.6,      0.000,     92.050,      82927,     119964,    536.462,    -46.896,       0.00,       0.00,     120.83,       0.00,       -332
218,     409.33,     121752,     162.65,     162.65,       0.00,      -0.00,       2.14,     409.33,       0.00,     1235.2,     1235.2,     -0.180,     -0.000,      1.280,        1.0,        0.0,     1786.4,      0.000,     96.726,      82553,     118294,    536.462,    -46.690,       0.00,       0.00,     120.83,       0.00,       -332
219,     407.61,     120257,     160.42,     160.42,       0.00,      -0.00,       2.23,     407.61,       0.00,     1230.9,     1230.9,     -0.177,     -0.000,      1.281,        1.0,        0.0,     1797.8,      0.000,    101.319,      82192,     116545,    536.462,    -46.480,       0.00,       0.00,     120.83,       0.00,       -332
220,     405.85,     118684,     158.10,     158.10,       0.00,      -0.00,       2.32,     405.85,       0.00,     1226.3,     1226.3,     -0.174,     -0.000,      1.281,        1.0,        0.0,     1809.0,      0.000,    105.789,      81844,     114726,    536.462,    -46.268,       0.00,       0.00,     120.83,       0.00,       -332
221,     404.04,     117038,     155.70,     155.70,       0.00,      -0.00,       2.40,     404.04,       0.00,     1221.5,     1221.5,     -0.171,     -0.000,      1.281,        1.0,        0.0,     1820.1,      0.000,    110.106,      81509,     112845,    536.462,    -46.054,       0.00,       0.00,     120.83,       0.00,       -332
222,     402.19,     115324,     153.23,     153.23,       0.00,      -0.00,       2.47,     402.19,       0.00,     1216.6,     1216.6,     -0.168,     -0.000,      1.281,        1.0,        0.0,     1830.0,      0.000,    114.151,      81188,     110914,    536.462,    -45.838,       0.00,       0.00,     120.83,       0.00,       -333
223,     400.30,     113550,     150.70,     150.70,       0.00,      -0.00,       2.53,     400.30,       0.00,     1211.4,     1211.4,     -0.164,     -0.000,      1.282,        1.0,        0.0,     1839.8,      0.000,    117.880,      80880,     108949,    536.462,    -45.621,       0.00,       0.00,     120.83,       0.00,       -333
224,     398.36,     111725,     148.12,     148.12,       0.00,      -0.00,       2.58,     398.36,       0.00,     1206.1,     1206.1,     -0.161,     -0.000,      1.282,        1.0,        0.0,     1849.4,      0.000,    121.282,      80586,     106960,    536.462,    -45.402,       0.00,       0.00,     120.83,       0.00,       -333
225,     396.38,     109858,     145.50,     145.50,       0.00,      -0.00,       2.62,     396.38,       0.00,     1200.6,     1200.6,     -0.157,     -0.000,      1.282,        1.0,        0.0,     1857.8,      0.000,    124.360,      80305,     104952,    536.462,    -45.182,       0.00,       0.00,     120.83,       0.00,       -333
226,     394.36,     107957,     142.85,     142.85,       0.00,      -0.00,       2.65,     394.36,       0.00,     1195.0,     1195.0,     -0.154,     -0.000,      1.283,        1.0,        0.0,     1866.2,      0.000,    127.144,      80039,     102937,    536.462,    -44.961,       0.00,       0.00,     120.83,       0.00,       -333
227,     392.29,     106031,     140.17,     140.17,       0.00,      -0.00,       2.68,     392.29,       0.00,     1189.2,     1189.2,     -0.150,     -0.000,      1.283,        1.0,        0.0,     1874.3,      0.000,    129.634,      79786,     100920,    536.462,    -44.740,       0.00,       0.00,     120.83,       0.00,       -333
228,     390.18,     104086,     137.48,     137.48,       0.00,      -0.00,       2.69,     390.18,       0.00,     1183.4,     1183.4,     -0.147,     -0.000,      1.283,        1.0,        0.0,     1882.0,      0.000,    131.848,      79548,      98907,    536.462,    -44.519,       0.00,       0.00,     120.83,       0.00,       -333
229,     388.03,     102128,     134.78,     134.78,       0.00,      -0.00,       2.70,     388.03,       0.00,     1177.4,     1177.4,     -0.143,     -0.000,      1.284,        1.0,        0.0,     1889.7,      0.000,    133.797,      79324,      96904,    536.462,    -44.297,       0.00,       0.00,     120.83,       0.00,       -334
230,     385.84,     100165,     132.07,     132.07,       0.00,      -0.00,       2.70,     385.84,       0.00,     1171.3,     1171.3,     -0.140,     -0.000,      1.284,        1.0,        0.0,     1897.0,      0.000,    135.478,      79114,      94917,    536.462,    -44.075,       0.00,       0.00,     120.83,       0.00,       -334
231,     383.61,      98202,     129.37,     129.37,       0.00,      -0.00,       2.70,     383.61,       0.00,     1165.2,     1165.2,     -0.136,     -0.000,      1.284,        1.0,        0.0,     1904.0,      0.000,    136.898,      78918,      92950,    536.462,    -43.854,       0.00,       0.00,     120.83,       0.00,       -334
232,     381.34,      96245,     126.68,     126.68,       0.00,      -0.00,       2.69,     381.34,       0.00,     1159.0,     1159.0,     -0.133,     -0.000,      1.285,        1.0,        0.0,     1911.0,      0.000,    138.064,      78736,      91009,    536.462,    -43.633,       0.00,       0.00,     120.83,       0.00,       -334
233,     379.02,      94298,     124.01,     124.01,       0.00,      -0.00,       2.68,     379.02,       0.00,     1152.7,     1152.7,     -0.129,     -0.000,      1.285,        1.0,        0.0,     1917.0,      0.000,    138.964,      78567,      89096,    536.462,    -43.413,       0.00,       0.00,     120.83,       0.00,       -334
234,     376.67,      92368,     121.35,     121.35,       0.00,      -0.00,       2.65,     376.67,       0.00,     1146.4,     1146.4,     -0.126,     -0.000,      1.286,        1.0,        0.0,     1922.6,      0.000,    139.598,      78413,      87217,    536.462,    -43.194,       0.00,       0.00,     120.83,       0.00,       -334
235,     374.27,      90459,     118.73,     118.73,       0.00,      -0.00,       2.63,     374.27,       0.00,     1140.0,     1140.0,     -0.122,     -0.000,      1.286,        1.0,        0.0,     1928.2,      0.000,    139.974,      78272,      85378,    536.462,    -42.975,       0.00,       0.00,     120.83,       0.00,       -334
236,     371.83,      88577,     116.13,     116.13,       0.00,      -0.00,       2.59,     371.83,       0.00,     1133.7,     1133.7,     -0.119,     -0.000,      1.286,        1.0,        0.0,     1932.6,      0.000,    140.078,      78144,      83579,    536.462,    -42.757,       0.00,       0.00,     120.83,       0.00,       -335
237,     369.36,      86726,     113.58,     113.58,       0.00,      -0.00,       2.56,     369.36,       0.00,     1127.3,     1127.3,     -0.116,     -0.000,      1.287,        1.0,        0.0,     1936.8,      0.000,    139.915,      78028,      81827,    536.462,    -42.541,       0.00,       0.00,     120.83,       0.00,       -335
238,     366.84,      84910,     111.06,     111.06,       0.00,      -0.00,       2.51,     366.84,       0.00,     1121.0,     1121.0,     -0.113,     -0.000,      1.287,        1.0,        0.0,     1940.9,      0.000,    139.484,      77925,      80125,    536.462,    -42.326,       0.00,       0.00,     120.83,       0.00,       -335
239,     364.29,      83133,     108.59,     108.59,       0.00,      -0.00,       2.47,     364.29,       0.00,     1114.7,     1114.7,     -0.110,     -0.000,      1.288,        1.0,        0.0,     1944.4,      0.000,    138.763,      77834,      78476,    536.462,    -42.112,       0.00,       0.00,     120.83,       0.00,       -335
240,     361.69,      81399,     106.18,     106.18,       0.00,      -0.00,       2.42,     361.69,       0.00,     1108.4,     1108.4,     -0.107,     -0.000,      1.288,        1.0,        0.0,     1947.9,      0.000,    137.737,      77754,      76885,    536.462,    -41.899,       0.00,       0.00,     120.83,       0.00,       -335
241,     359.06,      79712,     103.81,     103.81,       0.00,      -0.00,       2.36,     359.06,       0.00,     1102.2,     1102.2,     -0.104,     -0.000,      1.288,        1.0,        0.0,     1951.0,      0.000,    136.371,      77686,      75356,    536.462,    -41.688,       0.00,       0.00,     120.83,       0.00,       -335
242,     356.39,      78076,     101.51,     101.51,       0.00,      -0.00,       2.30,     356.39,       0.00,     1096.0,     1096.0,     -0.101,     -0.000,      1.289,        1.0,        0.0,     1952.9,      0.000,    134.616,      77629,      73892,    536.462,    -41.478,       0.00,       0.00,     120.83,       0.00,       -335
243,     353.69,      76496,      99.27,      99.27,       0.00,      -0.00,       2.24,     353.69,       0.00,     1090.0,     1090.0,     -0.098,     -0.000,      1.289,        1.0,        0.0,     1954.8,      0.000,    132.444,      77581,      72502,    536.462,    -41.269,       0.00,       0.00,     120.83,       0.00,       -335
244,     350.94,      74978,      97.11,      97.11,       0.00,      -0.00,       2.17,     350.94,       0.00,     1084.0,     1084.0,     -0.095,     -0.000,      1.290,        1.0,        0.0,     1956.6,      0.000,    129.790,      77544,      71191,    536.462,    -41.062,       0.00,       0.00,     120.83,       0.00,       -335
245,     348.16,      73527,      95.02,      95.02,       0.00,      -0.00,       2.09,     348.16,       0.00,     1078.2,     1078.2,     -0.093,     -0.000,      1.290,        1.0,        0.0,     1958.0,      0.000,    126.583,      77517,      69967,    536.462,    -40.857,       0.00,       0.00,     120.83,       0.00,       -335
246,     345.35,      72149,      93.02,      93.02,       0.00,      -0.00,       2.00,     345.35,       0.00,     1072.6,     1072.6,     -0.090,     -0.000,      1.290,        1.0,        0.0,     1959.4,      0.000,    122.708,      77499,      68839,    536.462,    -40.652,       0.00,       0.00,     120.83,       0.00,       -336
247,     342.49,      70851,      91.11,      91.11,       0.00,      -0.00,       1.91,     342.49,       0.00,     1067.2,     1067.2,     -0.088,     -0.000,      1.291,        1.0,        0.0,     1960.4,      0.000,    118.044,      77490,      67816,    536.462,    -40.449,       0.00,       0.00,     120.83,       0.00,       -336
248,     339.61,      69645,      89.31,      89.31,       0.00,      -0.00,       1.80,     339.61,       0.00,     1062.0,     1062.0,     -0.086,     -0.000,      1.291,        1.0,        0.0,     1960.4,      0.000,    112.450,      77490,      66911,    536.462,    -40.247,       0.00,       0.00,     120.83,       0.00,       -336
249,     336.69,      68543,      87.63,      87.63,       0.00,      -0.00,       1.68,     336.69,       0.00,     1057.1,     1057.1,     -0.084,     -0.000,      1.291,        1.0,        0.0,     1960.4,      0.000,    105.752,      77498,      66137,    536.462,    -40.045,       0.00,       0.00,     120.83,       0.00,       -336
250,     333.73,      67558,      86.08,      86.08,       0.00,      -0.00,       1.54,     333.73,       0.00,     1052.6,     1052.6,     -0.082,     -0.000,      1.292,        1.0,        0.0,     1959.6,      0.000,     97.729,      77516,      65509,    536.462,    -39.844,       0.00,       0.00,     120.83,       0.00,       -336
251,     330.75,      66709,      84.70,      84.70,       0.00,      -0.00,       1.39,     330.75,       0.00,     1048.5,     1048.5,     -0.080,     -0.000,      1.292,        1.0,        0.0,     1958.2,      0.000,     88.188,      77541,      65041,    536.462,    -39.644,       0.00,       0.00,     120.83,       0.00,       -336
252,     327.73,      66019,      83.49,      83.49,       0.00,      -0.00,       1.21,     327.73,       0.00,     1045.0,     1045.0,     -0.079,     -0.000,      1.292,        1.0,        0.0,     1956.8,      0.000,     76.900,      77575,      64748,    536.462,    -39.444,       0.00,       0.00,     120.83,       0.00,       -336
253,     324.67,      65513,      82.49,      82.49,       0.00,      -0.00,       1.00,     324.67,       0.00,     1042.1,     1042.1,     -0.078,     -0.000,      1.292,        1.0,        0.0,     1954.9,      0.000,     63.595,      77618,      64640,    536.462,    -39.243,       0.00,       0.00,     120.83,       0.00,       -336
254,     321.59,      65225,      81.74,      81.74,       0.00,      -0.00,       0.75,     321.59,       0.00,     1039.9,     1039.9,     -0.077,     -0.000,      1.293,        1.0,        0.0,     1952.8,      0.000,     47.938,      77669,      64726,    536.462,    -39.041,       0.00,       0.00,     120.83,       0.00,       -336
255,     318.48,      65195,      81.27,      81.27,       0.00,      -0.00,       0.47,     318.48,       0.00,     1038.7,     1038.7,     -0.076,     -0.000,      1.293,        1.0,        0.0,     1950.8,      0.000,     29.874,      77730,      65000,    536.462,    -38.837,       0.00,       0.00,     120.83,       0.00,       -336
256,     315.33,      65469,      81.12,      81.12,       0.00,      -0.00,       0.15,     315.33,       0.00,     1038.6,     1038.6,     -0.076,     -0.000,      1.293,        1.0,        0.0,     1947.4,      0.000,      9.405,      77800,      65450,    536.462,    -38.630,       0.00,       0.00,     120.83,       0.00,       -336
257,     312.16,      66097,      81.55,      81.55,       0.00,      -0.00,      -0.43,     312.16,       0.00,     1039.7,     1039.7,     -0.076,     -0.000,      1.293,        1.0,        0.0,     1943.9,      0.000,    -26.583,      77880,      66141,    536.462,    -38.419,       0.00,       0.00,     120.83,       0.00,       -336
258,     308.96,      67359,      82.19,      82.19,       0.00,      -0.00,      -0.64,     308.96,       0.00,     1043.0,     1043.0,     -0.077,     -0.000,      1.292,        1.0,        0.0,     1940.4,      0.000,    -39.657,      77971,      67459,    536.462,    -38.203,       0.00,       0.00,     120.83,       0.00,       -337
259,     305.73,      68893,      83.10,      83.10,       0.00,      -0.00,      -0.90,     305.73,       0.00,     1047.1,     1047.1,     -0.079,     -0.000,      1.292,        1.0,        0.0,     1936.2,      0.000,    -54.791,      78073,      69090,    536.462,    -37.979,       0.00,       0.00,     120.83,       0.00,       -337
260,     302.48,      70756,      84.26,      84.26,       0.00,      -0.00,      -1.16,     302.48,       0.00,     1052.3,     1052.3,     -0.080,     -0.000,      1.292,        1.0,        0.0,     1932.0,      0.000,    -69.121,      78188,      71078,    536.462,    -37.748,       0.00,       0.00,     120.83,       0.00,       -337
261,     299.20,      72962,      85.65,      85.65,       0.00,      -0.00,      -1.39,     299.20,       0.00,     1058.4,     1058.4,     -0.082,     -0.000,      1.291,        1.0,        0.0,     1927.4,      0.000,    -81.026,      78315,      73417,    536.462,    -37.508,       0.00,       0.00,     120.83,       0.00,       -337
262,     295.89,      75492,      87.22,      87.22,       0.00,      -0.00,      -1.57,     295.89,       0.00,     1065.3,     1065.3,     -0.085,     -0.000,      1.291,        1.0,        0.0,     1921.8,      0.000,    -89.550,      78456,      76066,    536.462,    -37.258,       0.00,       0.00,     120.83,       0.00,       -337
263,     292.56,      78310,      88.92,      88.92,       0.00,      -0.00,      -1.70,     292.56,       0.00,     1072.9,     1072.9,     -0.088,     -0.000,      1.290,        1.0,        0.0,     1916.2,      0.000,    -94.372,      78612,      78968,    536.462,    -36.996,       0.00,       0.00,     120.83,       0.00,       -337
264,     289.21,      81366,      90.69,      90.69,       0.00,      -0.00,      -1.77,     289.21,       0.00,     1080.9,     1080.9,     -0.091,     -0.000,      1.290,        1.0,        0.0,     1910.3,      0.000,    -95.761,      78784,      82062,    536.462,    -36.722,       0.00,       0.00,     120.83,       0.00,       -337
265,     285.83,      84602,      92.47,      92.47,       0.00,      -0.00,      -1.78,     285.83,       0.00,     1089.1,     1089.1,     -0.094,     -0.000,      1.289,        1.0,        0.0,     1904.0,      0.000,    -94.127,      78972,      85294,    536.462,    -36.436,       0.00,       0.00,     120.83,       0.00,       -337
266,     282.44,      87964,      94.22,      94.22,       0.00,      -0.00,      -1.75,     282.44,       0.00,     1097.3,     1097.3,     -0.097,     -0.000,      1.289,        1.0,        0.0,     1897.8,      0.000,    -90.014,      79178,      88613,    536.462,    -36.136,       0.00,       0.00,     120.83,       0.00,       -337
267,     279.02,      91397,      95.88,      95.88,       0.00,      -0.00,      -1.67,     279.02,       0.00,     1105.4,     1105.4,     -0.100,     -0.000,      1.288,        1.0,        0.0,     1890.6,      0.000,    -83.883,      79402,      91973,    536.462,    -35.823,       0.00,       0.00,     120.83,       0.00,       -337
268,     275.58,      94846,      97.43,      97.43,       0.00,      -0.00,      -1.55,     275.58,       0.00,     1113.3,     1113.3,     -0.103,     -0.000,      1.288,        1.0,        0.0,     1882.9,      0.000,    -76.296,      79645,      95334,    536.462,    -35.496,       0.00,       0.00,     120.83,       0.00,       -337
269,     272.13,      98265,      98.84,      98.84,       0.00,      -0.00,      -1.41,     272.13,       0.00,     1120.7,     1120.7,     -0.106,     -0.000,      1.287,        1.0,        0.0,     1875.2,      0.000,    -67.723,      79908,      98657,    536.462,    -35.156,       0.00,       0.00,     120.83,       0.00,       -338
270,     268.66,     101614,     100.08,     100.08,       0.00,      -0.00,      -1.24,     268.66,       0.00,     1127.7,     1127.7,     -0.109,     -0.000,      1.287,        1.0,        0.0,     1867.0,      0.000,    -58.526,      80193,     101913,    536.462,    -34.802,       0.00,       0.00,     120.83,       0.00,       -338
271,     265.17,     104857,     101.13,     101.13,       0.00,      -0.00,      -1.06,     265.17,       0.00,     1134.2,     1134.2,     -0.112,     -0.000,      1.286,        1.0,        0.0,     1858.8,      0.000,    -49.053,      80499,     105071,    536.462,    -34.435,       0.00,       0.00,     120.83,       0.00,       -338
272,     261.66,     107967,     102.00,     102.00,       0.00,      -0.00,      -0.87,     261.66,       0.00,     1140.2,     1140.2,     -0.114,     -0.000,      1.286,        1.0,        0.0,     1850.6,      0.000,    -39.610,      80828,     108109,    536.462,    -34.056,       0.00,       0.00,     120.83,       0.00,       -338
273,     258.15,     110923,     102.68,     102.68,       0.00,      -0.00,      -0.68,     258.15,       0.00,     1145.6,     1145.6,     -0.117,     -0.000,      1.286,        1.0,        0.0,     1841.2,      0.000,    -30.400,      81179,     111008,    536.462,    -33.665,       0.00,       0.00,     120.83,       0.00,       -338
274,     254.62,     113710,     103.17,     103.17,       0.00,      -0.00,      -0.49,     254.62,       0.00,     1150.4,     1150.4,     -0.119,     -0.000,      1.285,        1.0,        0.0,     1831.4,      0.000,    -21.583,      81553,     113754,    536.462,    -33.263,       0.00,       0.00,     120.83,       0.00,       -338
275,     251.07,     116322,     103.47,     103.47,       0.00,      -0.00,      -0.30,     251.07,       0.00,     1154.7,     1154.7,     -0.120,     -0.000,      1.285,        1.0,        0.0,     1821.6,      0.000,    -13.282,      81949,     116339,    536.462,    -32.850,       0.00,       0.00,     120.83,       0.00,       -338
276,     247.52,     118756,     103.48,     103.48,       0.00,      -0.00,      -0.02,     247.52,       0.00,     1158.5,     1158.5,     -0.122,     -0.000,      1.285,        1.0,        0.0,     1810.5,      0.000,     -0.666,      82368,     118793,    536.462,    -32.428,       0.00,       0.00,     120.83,       0.00,       -338
277,     243.96,     120845,     103.48,     103.48,       0.00,      -0.00,       0.01,     243.96,       0.00,     1161.4,     1161.4,     -0.123,     -0.000,      1.285,        1.0,        0.0,     1799.4,      0.000,      0.384,      82809,     120194,    536.462,    -31.996,       0.00,       0.00,     120.83,       0.00,       -338
278,     240.38,     122970,     103.27,     103.27,       0.00,      -0.00,       0.20,     240.38,       0.00,     1164.4,     1164.4,     -0.124,     -0.000,      1.284,        1.0,        0.0,     1788.1,      0.000,      8.290,      83272,     122941,    536.462,    -31.557,       0.00,       0.00,     120.83,       0.00,       -339
279,     236.81,     124872,     102.96,     102.96,       0.00,      -0.00,       0.32,     236.81,       0.00,     1166.8,     1166.8,     -0.125,     -0.000,      1.284,        1.0,        0.0,     1776.2,      0.000,     12.962,      83757,     124800,    536.462,    -31.109,       0.00,       0.00,     120.83,       0.00,       -339
280,     233.22,     126659,     102.53,     102.53,       0.00,      -0.00,       0.43,     233.22,       0.00,     1168.9,     1168.9,     -0.126,     -0.000,      1.284,        1.0,        0.0,     1764.4,      0.000,     17.281,      84262,     126528,    536.462,    -30.655,       0.00,       0.00,     120.83,       0.00,       -339
281,     229.63,     128335,     102.01,     102.01,       0.00,      -0.00,       0.52,     229.63,       0.00,     1170.6,     1170.6,     -0.126,     -0.000,      1.284,        1.0,        0.0,     1752.0,      0.000,     21.162,      84788,     128135,    536.462,    -30.194,       0.00,       0.00,     120.83,       0.00,       -339
282,     226.04,     129912,     101.39,     101.39,       0.00,      -0.00,       0.61,     226.04,       0.00,     1172.2,     1172.2,     -0.126,     -0.000,      1.284,        1.0,        0.0,     1738.8,      0.000,     24.604,      85333,     129635,    536.462,    -29.727,       0.00,       0.00,     120.83,       0.00,       -339
283,     222.44,     131401,     100.71,     100.71,       0.00,      -0.00,       0.69,     222.44,       0.00,     1173.5,     1173.5,     -0.127,     -0.000,      1.284,        1.0,        0.0,     1725.5,      0.000,     27.637,      85896,     131044,    536.462,    -29.255,       0.00,       0.00,     120.83,       0.00,       -339
284,     218.85,     132813,      99.95,      99.95,       0.00,      -0.00,       0.75,     218.85,       0.00,     1174.6,     1174.6,     -0.127,     -0.000,      1.284,        1.0,        0.0,     1711.9,      0.000,     30.313,      86477,     132375,    536.462,    -28.777,       0.00,       0.00,     120.83,       0.00,       -339
285,     215.25,     134159,      99.14,      99.14,       0.00,      -0.00,       0.81,     215.25,       0.00,     1175.5,     1175.5,     -0.127,     -0.000,      1.284,        1.0,        0.0,     1698.0,      0.000,     32.656,      87074,     133641,    536.462,    -28.295,       0.00,       0.00,     120.83,       0.00,       -339
286,     211.65,     135450,      98.27,      98.27,       0.00,      -0.00,       0.87,     211.65,       0.00,     1176.3,     1176.3,     -0.127,     -0.000,      1.284,        1.0,        0.0,     1684.0,      0.000,     34.718,      87687,     134855,    536.462,    -27.808,       0.00,       0.00,     120.83,       0.00,       -340
287,     208.06,     136694,      97.36,      97.36,       0.00,      -0.00,       0.91,     208.06,       0.00,     1177.0,     1177.0,     -0.127,     -0.000,      1.284,        1.0,        0.0,     1669.1,      0.000,     36.581,      88315,     136040,    536.462,    -27.317,       0.00,       0.00,     120.83,       0.00,       -340
288,     204.48,     137898,      96.41,      96.41,       0.00,      -0.00,       0.95,     204.48,       0.00,     1177.5,     1177.5,     -0.127,     -0.000,      1.284,        1.0,        0.0,     1653.7,      0.000,     38.233,      88955,     137190,    536.462,    -26.823,       0.00,       0.00,     120.83,       0.00,       -340
289,     200.90,     139070,      95.42,      95.42,       0.00,      -0.00,       0.99,     200.90,       0.00,     1178.0,     1178.0,     -0.126,     -0.000,      1.284,        1.0,        0.0,     1638.4,      0.000,     39.714,      89607,     138314,    536.462,    -26.325,       0.00,       0.00,     120.83,       0.00,       -340
290,     197.32,     140215,      94.41,      94.41,       0.00,      -0.00,       1.02,     197.32,       0.00,     1178.3,     1178.3,     -0.126,     -0.000,      1.284,        1.0,        0.0,     1622.4,      0.000,     41.059,      90270,     139415,    536.462,    -25.825,       0.00,       0.00,     120.83,       0.00,       -340
291,     193.76,     141339,      93.36,      93.36,       0.00,      -0.00,       1.05,     193.76,       0.00,     1178.6,     1178.6,     -0.126,     -0.000,      1.284,        1.0,        0.0,     1606.3,      0.000,     42.299,      90942,     140498,    536.462,    -25.321,       0.00,       0.00,     120.83,       0.00,       -340
292,     190.20,     142444,      92.29,      92.29,       0.00,      -0.00,       1.07,     190.20,       0.00,     1178.8,     1178.8,     -0.125,     -0.000,      1.284,        1.0,        0.0,     1590.2,      0.000,     43.463,      91622,     141564,    536.462,    -24.816,       0.00,       0.00,     120.83,       0.00,       -340
293,     186.65,     143533,      91.19,      91.19,       0.00,      -0.00,       1.10,     186.65,       0.00,     1179.0,     1179.0,     -0.125,     -0.000,      1.284,        1.0,        0.0,     1572.7,      0.000,     44.579,      92309,     142617,    536.462,    -24.308,       0.00,       0.00,     120.83,       0.00,       -340
294,     183.12,     144607,      90.08,      90.08,       0.00,      -0.00,       1.12,     183.12,       0.00,     1179.0,     1179.0,     -0.125,     -0.000,      1.284,        1.0,        0.0,     1555.3,      0.000,     45.669,      93001,     143657,    536.462,    -23.798,       0.00,       0.00,     120.83,       0.00,       -341
295,     179.60,     145667,      88.94,      88.94,       0.00,      -0.00,       1.14,     179.60,       0.00,     1179.1,     1179.1,     -0.124,     -0.000,      1.284,        1.0,        0.0,     1537.4,      0.000,     46.759,      93696,     144682,    536.462,    -23.287,       0.00,       0.00,     120.83,       0.00,       -341
296,     176.10,     146713,      87.78,      87.78,       0.00,      -0.00,       1.16,     176.10,       0.00,     1179.0,     1179.0,     -0.124,     -0.000,      1.284,        1.0,        0.0,     1518.6,      0.000,     47.838,      94395,     145693,    536.462,    -22.774,       0.00,       0.00,     120.83,       0.00,       -341
297,     172.62,     147743,      86.60,      86.60,       0.00,      -0.00,       1.18,     172.62,       0.00,     1178.9,     1178.9,     -0.123,     -0.000,      1.284,        1.0,        0.0,     1499.8,      0.000,     48.918,      95095,     146689,    536.462,    -22.260,       0.00,       0.00,     120.83,       0.00,       -341
298,     169.15,     148757,      85.40,      85.40,       0.00,      -0.00,       1.20,     169.15,       0.00,     1178.7,     1178.7,     -0.122,     -0.000,      1.284,        1.0,        0.0,     1481.8,      0.000,     49.996,      95795,     147667,    536.462,    -21.746,       0.00,       0.00,     120.83,       0.00,       -341
299,     165.70,     149752,      84.18,      84.18,       0.00,      -0.00,       1.22,     165.70,       0.00,     1178.5,     1178.5,     -0.122,     -0.000,      1.284,        1.0,        0.0,     1464.6,      0.000,     51.063,      96494,     148625,    536.462,    -21.231,       0.00,       0.00,     120.83,       0.00,       -341
300,     162.27,     150724,      82.95,      82.95,       0.00,      -0.00,       1.24,     162.27,       0.00,     1178.2,     1178.2,     -0.121,     -0.000,      1.284,        1.0,        0.0,     1447.5,      0.000,     52.111,      97191,     149561,    536.462,    -20.716,       0.00,       0.00,     120.83,       0.00,       -341
301,     158.87,     151673,      81.69,      81.69,       0.00,      -0.00,       1.25,     158.87,       0.00,     1177.8,     1177.8,     -0.121,     -0.000,      1.284,        1.0,        0.0,     1429.2,      0.000,     53.134,      97882,     150476,    536.462,    -20.201,       0.00,       0.00,     120.83,       0.00,       -341
302,     155.49,     152599,      80.43,      80.43,       0.00,      -0.00,       1.27,     155.49,       0.00,     1177.4,     1177.4,     -0.120,     -0.000,      1.284,        1.0,        0.0,     1409.0,      0.000,     54.130,      98569,     151371,    536.462,    -19.687,       0.00,       0.00,     120.83,       0.00,       -342
303,     152.13,     153507,      79.15,      79.15,       0.00,      -0.00,       1.28,     152.13,       0.00,     1176.9,     1176.9,     -0.119,     -0.000,      1.284,        1.0,        0.0,     1388.7,      0.000,     55.098,      99248,     152250,    536.462,    -19.174,       0.00,       0.00,     120.83,       0.00,       -342
304,     148.80,     154396,      77.86,      77.86,       0.00,      -0.00,       1.29,     148.80,       0.00,     1176.3,     1176.3,     -0.119,     -0.000,      1.284,        1.0,        0.0,     1367.7,      0.000,     56.037,      99919,     153117,    536.462,    -18.663,       0.00,       0.00,     120.83,       0.00,       -342
305,     145.50,     155268,      76.56,      76.56,       0.00,      -0.00,       1.30,     145.50,       0.00,     1175.6,     1175.6,     -0.118,     -0.000,      1.284,        1.0,        0.0,     1346.1,      0.000,     56.925,     100581,     153969,    536.462,    -18.152,       0.00,       0.00,     120.83,       0.00,       -342
306,     142.23,     156126,      75.26,      75.26,       0.00,      -0.00,       1.30,     142.23,       0.00,     1174.9,     1174.9,     -0.117,     -0.000,      1.284,        1.0,        0.0,     1324.4,      0.000,     57.754,     101232,     154809,    536.462,    -17.644,       0.00,       0.00,     120.83,       0.00,       -342
307,     138.99,     156972,      73.95,      73.95,       0.00,      -0.00,       1.31,     138.99,       0.00,     1174.2,     1174.2,     -0.116,     -0.000,      1.284,        1.0,        0.0,     1302.3,      0.000,     58.516,     101872,     155640,    536.462,    -17.138,       0.00,       0.00,     120.83,       0.00,       -342
308,     135.79,     157809,      72.65,      72.65,       0.00,      -0.00,       1.31,     135.79,       0.00,     1173.4,     1173.4,     -0.115,     -0.000,      1.284,        1.0,        0.0,     1280.0,      0.000,     59.206,     102504,     156466,    536.462,    -16.635,       0.00,       0.00,     120.83,       0.00,       -342
309,     132.61,     158642,      71.34,      71.34,       0.00,      -0.00,       1.30,     132.61,       0.00,     1172.5,     1172.5,     -0.115,     -0.000,      1.284,        1.0,        0.0,     1257.6,      0.000,     59.815,     103122,     157290,    536.462,    -16.134,       0.00,       0.00,     120.83,       0.00,       -342
310,     129.47,     159473,      70.05,      70.05,       0.00,      -0.00,       1.30,     129.47,       0.00,     1171.6,     1171.6,     -0.114,     -0.000,      1.284,        1.0,        0.0,     1234.6,      0.000,     60.340,     103726,     158116,    536.462,    -15.636,       0.00,       0.00,     120.83,       0.00,       -343
311,     126.37,     160308,      68.75,      68.75,       0.00,      -0.00,       1.29,     126.37,       0.00,     1170.7,     1170.7,     -0.113,     -0.000,      1.284,        1.0,        0.0,     1211.6,      0.000,     60.781,     104318,     158951,    536.462,    -15.142,       0.00,       0.00,     120.83,       0.00,       -343
312,     123.31,     161153,      67.47,      67.47,       0.00,      -0.00,       1.28,     123.31,       0.00,     1169.8,     1169.8,     -0.112,     -0.000,      1.284,        1.0,        0.0,     1188.4,      0.000,     61.137,     104897,     159797,    536.462,    -14.651,       0.00,       0.00,     120.83,       0.00,       -343
313,     120.28,     162012,      66.20,      66.20,       0.00,      -0.00,       1.27,     120.28,       0.00,     1168.9,     1168.9,     -0.111,     -0.000,      1.284,        1.0,        0.0,     1164.0,      0.000,     61.417,     105463,     160662,    536.462,    -14.164,       0.00,       0.00,     120.83,       0.00,       -343
314,     117.30,     162894,      64.95,      64.95,       0.00,      -0.00,       1.26,     117.30,       0.00,     1167.9,     1167.9,     -0.111,     -0.000,      1.284,        1.0,        0.0,     1139.6,      0.000,     61.628,     106017,     161551,    536.462,    -13.682,       0.00,       0.00,     120.83,       0.00,       -343
315,     114.36,     163801,      63.71,      63.71,       0.00,      -0.00,       1.24,     114.36,       0.00,     1167.0,     1167.0,     -0.110,     -0.000,      1.284,        1.0,        0.0,     1114.9,      0.000,     61.785,     106559,     162469,    536.462,    -13.203,       0.00,       0.00,     120.83,       0.00,       -343
316,     111.46,     164738,      62.49,      62.49,       0.00,      -0.00,       1.22,     111.46,       0.00,     1166.1,     1166.1,     -0.109,     -0.000,      1.284,        1.0,        0.0,     1089.8,      0.000,     61.914,     107089,     163427,    536.462,    -12.729,       0.00,       0.00,     120.83,       0.00,       -343
317,     108.60,     165708,      61.28,      61.28,       0.00,      -0.00,       1.20,     108.60,       0.00,     1165.2,     1165.2,     -0.108,     -0.000,      1.284,        1.0,        0.0,     1064.7,      0.000,     62.014,     107607,     164417,    536.462,    -12.260,       0.00,       0.00,     120.83,       0.00,       -343
318,     105.79,     166713,      60.10,      60.10,       0.00,      -0.00,       1.19,     105.79,       0.00,     1164.3,     1164.3,     -0.107,     -0.000,      1.284,        1.0,        0.0,     1039.6,      0.000,     62.102,     108113,     165439,    536.462,    -11.796,       0.00,       0.00,     120.83,       0.00,       -343
319,     103.03,     167752,      58.93,      58.93,       0.00,      -0.00,       1.17,     103.03,       0.00,     1163.4,     1163.4,     -0.107,     -0.000,      1.285,        1.0,        0.0,     1014.5,      0.000,     62.193,     108608,     166494,    536.462,    -11.336,       0.00,       0.00,     120.83,       0.00,       -343
320,     100.32,     168824,      57.78,      57.78,       0.00,      -0.00,       1.15,     100.32,       0.00,     1162.6,     1162.6,     -0.106,     -0.000,      1.285,        1.0,        0.0,      989.3,      0.000,     62.312,     109092,     167580,    536.462,    -10.883,       0.00,       0.00,     120.83,       0.00,       -344
321,      97.65,     169928,      56.64,      56.64,       0.00,      -0.00,       1.14,      97.65,       0.00,     1161.7,     1161.7,     -0.105,     -0.000,      1.285,        1.0,        0.0,      963.7,      0.000,     62.456,     109564,     168684,    536.462,    -10.434,       0.00,       0.00,     120.83,       0.00,       -344
322,      95.04,     171033,      55.50,      55.50,       0.00,      -0.00,       1.15,      95.04,       0.00,     1160.8,     1160.8,     -0.105,     -0.000,      1.285,        1.0,        0.0,      937.9,      0.000,     62.509,     110026,     169762,    536.462,     -9.992,       0.00,       0.00,     120.83,       0.00,       -344
323,      92.48,     172051,      54.35,      54.35,       0.00,      -0.00,       1.15,      92.48,       0.00,     1159.8,     1159.8,     -0.104,     -0.000,      1.285,        1.0,        0.0,      912.1,      0.000,     62.360,     110477,     170759,    536.462,     -9.556,       0.00,       0.00,     120.83,       0.00,       -344
324,      89.97,     172987,      53.19,      53.19,       0.00,      -0.00,       1.15,      89.97,       0.00,     1158.6,     1158.6,     -0.103,     -0.000,      1.285,        1.0,        0.0,      885.7,      0.000,     62.072,     110917,     171676,    536.462,     -9.126,       0.00,       0.00,     120.83,       0.00,       -344
325,      87.52,     173842,      52.04,      52.04,       0.00,      -0.00,       1.15,      87.52,       0.00,     1157.2,     1157.2,     -0.102,     -0.000,      1.285,        1.0,        0.0,      859.2,      0.000,     61.669,     111345,     172515,    536.462,     -8.705,       0.00,       0.00,     120.83,       0.00,       -344
326,      85.12,     174616,      50.89,      50.89,       0.00,      -0.00,       1.15,      85.12,       0.00,     1155.7,     1155.7,     -0.101,     -0.000,      1.285,        1.0,        0.0,      832.9,      0.000,     61.169,     111762,     173266,    536.462,     -8.291,       0.00,       0.00,     120.83,       0.00,       -344
327,      82.78,     175306,      49.75,      49.75,       0.00,      -0.00,       1.14,      82.78,       0.00,     1154.0,     1154.0,     -0.100,     -0.000,      1.285,        1.0,        0.0,      809.5,      0.000,     60.605,     112167,     173927,    536.462,     -7.885,       0.00,       0.00,     120.83,       0.00,       -344
328,      80.50,     175911,      48.61,      48.61,       0.00,      -0.00,       1.14,      80.50,       0.00,     1152.2,     1152.2,     -0.099,     -0.000,      1.285,        1.0,        0.0,      786.0,      0.000,     60.038,     112560,     174497,    536.462,     -7.489,       0.00,       0.00,     120.83,       0.00,       -344
329,      78.27,     176420,      47.47,      47.47,       0.00,      -0.00,       1.13,      78.27,       0.00,     1150.2,     1150.2,     -0.098,     -0.000,      1.285,        1.0,        0.0,      762.5,      0.000,     59.462,     112943,     174967,    536.462,     -7.102,       0.00,       0.00,     120.83,       0.00,       -345
330,      76.11,     176825,      46.35,      46.35,       0.00,      -0.00,       1.13,      76.11,       0.00,     1148.1,     1148.1,     -0.097,     -0.000,      1.285,        1.0,        0.0,      736.0,      0.000,     58.871,     113314,     175318,    536.462,     -6.724,       0.00,       0.00,     120.83,       0.00,       -345
331,      74.00,     177116,      45.23,      45.23,       0.00,      -0.00,       1.12,      74.00,       0.00,     1145.7,     1145.7,     -0.096,     -0.000,      1.286,        1.0,        0.0,      709.5,      0.000,     58.301,     113676,     175548,    536.462,     -6.357,       0.00,       0.00,     120.83,       0.00,       -345
332,      71.96,     177283,      44.12,      44.12,       0.00,      -0.00,       1.11,      71.96,       0.00,     1143.2,     1143.2,     -0.095,     -0.000,      1.286,        1.0,        0.0,      683.1,      0.000,     57.758,     114028,     175641,    536.462,     -6.000,       0.00,       0.00,     120.83,       0.00,       -345
333,      69.98,     177312,      43.01,      43.01,       0.00,      -0.00,       1.10,      69.98,       0.00,     1140.5,     1140.5,     -0.094,     -0.000,      1.286,        1.0,        0.0,      657.3,      0.000,     57.247,     114370,     175585,    536.462,     -5.655,       0.00,       0.00,     120.83,       0.00,       -345
334,      68.06,     177188,      41.91,      41.91,       0.00,      -0.00,       1.10,      68.06,       0.00,     1137.5,     1137.5,     -0.092,     -0.000,      1.286,        1.0,        0.0,      631.5,      0.000,     56.757,     114702,     175363,    536.462,     -5.321,       0.00,       0.00,     120.83,       0.00,       -345
335,      66.21,     176898,      40.83,      40.83,       0.00,      -0.00,       1.09,      66.21,       0.00,     1134.3,     1134.3,     -0.091,     -0.000,      1.286,        1.0,        0.0,      605.4,      0.000,     56.273,     115025,     174957,    536.462,     -4.999,       0.00,       0.00,     120.83,       0.00,       -345
336,      64.42,     176432,      39.75,      39.75,       0.00,      -0.00,       1.08,      64.42,       0.00,     1130.8,     1130.8,     -0.089,     -0.000,      1.287,        1.0,        0.0,      578.9,      0.000,     55.778,     115338,     174354,    536.462,     -4.690,       0.00,       0.00,     120.83,       0.00,       -345
337,      62.70,     175781,      38.68,      38.68,       0.00,      -0.00,       1.07,      62.70,       0.00,     1127.1,     1127.1,     -0.088,     -0.000,      1.287,        1.0,        0.0,      552.4,      0.000,     55.294,     115642,     173557,    536.462,     -4.393,       0.00,       0.00,     120.83,       0.00,       -345
338,      61.05,     174932,      37.63,      37.63,       0.00,      -0.00,       1.05,      61.05,       0.00,     1123.1,     1123.1,     -0.086,     -0.000,      1.287,        1.0,        0.0,      526.3,      0.000,     54.794,     115935,     172554,    536.462,     -4.110,       0.00,       0.00,     120.83,       0.00,       -345
339,      59.46,     173879,      36.59,      36.59,       0.00,      -0.00,       1.04,      59.46,       0.00,     1118.8,     1118.8,     -0.084,     -0.000,      1.287,        1.0,        0.0,      500.5,      0.000,     54.225,     116219,     171329,    536.462,     -3.840,       0.00,       0.00,     120.83,       0.00,       -345
340,      57.95,     170649,      34.39,      34.39,       0.00,      -0.00,       2.20,       0.00,       0.00,      581.2,     1047.3,     -0.024,     -0.076,      1.314,        1.0,        0.0,      474.7,      0.000,     59.122,     116493,     172296,    536.462,     -3.587,       0.00,       0.00,     120.83,       0.00,       -346
341,      56.50,     167148,      33.13,      33.13,       0.00,      -0.00,       1.25,       0.00,       0.00,     1047.3,     1038.1,     -0.074,     -0.073,      1.264,        1.0,        0.0,      448.9,      0.000,     61.085,     116757,     171544,    536.462,     -3.351,       0.00,       0.00,     120.83,       0.00,       -346
342,      55.12,     163781,      32.01,      32.01,       0.00,      -0.00,       1.12,       0.00,       0.00,     1038.1,     1027.2,     -0.071,     -0.070,      1.264,        1.0,        0.0,      423.0,      0.000,     55.405,     117012,     167761,    536.462,     -3.131,       0.00,       0.00,     120.83,       0.00,       -346
343,      53.82,     160770,      30.99,      30.99,       0.00,      -0.00,       1.02,       0.00,       0.00,     1027.2,     1016.9,     -0.069,     -0.068,      1.265,        1.0,        0.3,      397.2,     -0.132,     50.959,     117301,     164345,    536.462,     -2.927,       0.00,       0.00,     120.83,       0.00,       -346
344,      52.58,     157933,      30.04,      30.04,       0.00,      -0.01,       0.94,       0.00,       0.00,     1016.9,     1007.0,     -0.066,     -0.065,      1.266,        1.0,        1.9,      372.1,     -0.725,     47.418,     117748,     161163,    536.462,     -2.737,       0.00,       0.00,     120.83,       0.00,       -346
345,      51.42,     155210,      29.14,      29.14,       0.00,      -0.02,       0.87,       0.00,       0.00,     1007.0,      997.3,     -0.064,     -0.063,      1.266,        1.0,        3.5,      347.0,     -1.254,     44.322,     118174,     158072,    536.462,     -2.563,       0.00,       0.00,     120.83,       0.00,       -346
346,      50.33,     152556,      28.31,      28.31,       0.00,      -0.03,       0.81,       0.00,       0.00,      997.3,      987.8,     -0.062,     -0.061,      1.267,        1.0,        5.4,      322.1,     -1.833,     41.482,     118644,     155038,    536.462,     -2.402,       0.00,       0.00,     120.83,       0.00,       -346
347,      49.31,     149930,      27.52,      27.52,       0.00,      -0.04,       0.75,       0.00,       0.00,      987.8,      978.4,     -0.059,     -0.059,      1.268,        1.0,        7.7,      299.1,     -2.486,     38.833,     119133,     152060,    536.462,     -2.254,       0.00,       0.00,     120.83,       0.00,       -346
348,      48.36,     147379,      26.79,      26.79,       0.00,      -0.05,       0.69,       0.00,       0.00,      978.4,      969.2,     -0.057,     -0.057,      1.268,        1.0,       10.1,      276.1,     -3.047,     35.936,     119589,     149017,    536.462,     -2.121,       0.00,       0.00,     120.83,       0.00,       -347
349,      47.49,     144886,      26.10,      26.10,       0.00,      -0.06,       0.62,       0.00,       0.00,      969.2,      960.2,     -0.055,     -0.055,      1.269,        1.0,       12.9,      253.8,     -3.660,     33.080,     120063,     146011,    536.462,     -2.000,       0.00,       0.00,     120.83,       0.00,       -347
350,      46.70,     142431,      25.46,      25.46,       0.00,      -0.07,       0.57,       0.00,       0.00,      960.2,      951.3,     -0.054,     -0.053,      1.270,        1.0,       16.1,      232.8,     -4.242,     30.352,     120513,     143074,    536.462,     -1.892,       0.00,       0.00,     120.83,       0.00,       -347
351,      45.98,     140028,      24.88,      24.88,       0.00,      -0.08,       0.51,       0.00,       0.00,      951.3,      942.5,     -0.052,     -0.051,      1.271,        1.0,       19.2,      211.9,     -4.706,     27.614,     120915,     140166,    536.462,     -1.796,       0.00,       0.00,     120.83,       0.00,       -347
352,      45.33,     137616,      24.33,      24.33,       0.00,      -0.09,       0.46,       0.00,       0.00,      942.5,      933.8,     -0.050,     -0.049,      1.271,        1.0,       23.9,      192.4,     -5.434,     25.007,     121403,     137336,    536.462,     -1.712,       0.00,       0.00,     120.83,       0.00,       -347
353,      44.76,     135200,      23.82,      23.82,       0.00,      -0.10,       0.40,       0.00,       0.00,      933.8,      925.2,     -0.048,     -0.048,      1.272,        1.0,       28.9,      174.3,     -6.038,     22.442,     121829,     134564,    536.462,     -1.640,       0.00,       0.00,     120.83,       0.00,       -347
354,      44.26,     132815,      23.35,      23.35,       0.00,      -0.11,       0.35,       0.00,       0.00,      925.2,      916.8,     -0.047,     -0.046,      1.273,        1.0,       34.0,      156.2,     -6.422,     19.825,     122181,     131833,    536.462,     -1.579,       0.00,       0.00,     120.83,       0.00,       -347
355,      43.84,     130381,      22.92,      22.92,       0.00,      -0.12,       0.31,       0.00,       0.00,      916.8,      908.3,     -0.045,     -0.045,      1.274,        1.0,       41.8,      141.5,     -7.011,     17.540,     122593,     129257,    536.462,     -1.529,       0.00,       0.00,     120.83,       0.00,       -347
356,      43.50,     127935,      22.52,      22.52,       0.00,      -0.13,       0.27,       0.00,       0.00,      908.3,      899.8,     -0.044,     -0.043,      1.274,        1.0,       50.4,      128.1,     -7.276,     15.311,     122860,     126762,    536.462,     -1.490,       0.00,       0.00,     120.83,       0.00,       -347
357,      43.23,     125567,      22.17,      22.17,       0.00,      -0.13,       0.23,       0.00,       0.00,      899.8,      891.6,     -0.043,     -0.042,      1.275,        1.0,       59.1,      114.8,     -6.968,     13.078,     122916,     124337,    536.462,     -1.461,       0.00,       0.00,     120.83,       0.00,       -347
358,      43.04,     123317,      21.87,      21.87,       0.00,      -0.11,       0.19,       0.00,       0.00,      891.6,      883.8,     -0.041,     -0.041,      1.276,        1.0,       70.8,      102.8,     -6.202,     11.067,     122768,     122047,    536.462,     -1.443,       0.00,       0.00,     120.83,       0.00,       -348
359,      42.92,     121329,      21.63,      21.63,       0.00,      -0.08,       0.16,       0.00,       0.00,      883.8,      876.7,     -0.040,     -0.040,      1.277,        1.0,       82.6,       91.7,     -4.332,      9.263,     122158,     119895,    536.462,     -1.433,       0.00,       0.00,     120.83,       0.00,       -348
360,      42.89,     119811,      21.49,      21.49,       0.00,      -0.02,       0.13,       0.00,       0.00,      876.7,      870.8,     -0.039,     -0.039,      1.277,        1.0,       95.0,       80.5,     -0.840,      7.743,     120904,     117891,    536.462,     -1.433,       0.00,       0.00,     120.83,       0.00,       -348
