CA, Vcyl, PCyl, Mcyl, Mb, Mu, Min, Mout, Vb, Vu, Tb, Tu, Qb, Qu, Gamma, FuelM, IV A, EV A, IV V, EV V, IV P, EV P, WWork, PWork, CO, NO, CO2, HC, htLoss
-359,      45.78,     130574,      20.88,      20.88,       0.00,      -0.03,      -0.10,       0.00,       0.00,     1047.5,     1042.5,     -0.051,     -0.050,      1.264,        0.0,       95.0,       72.2,     -2.410,     -9.470,     129715,     134001,    434.797,     -0.901,       0.00,       0.00,     120.83,       0.00,   -257.003
-358,      45.89,     130126,      20.97,      20.97,       0.00,      -0.02,      -0.11,       0.00,       0.00,     1042.5,     1037.2,     -0.050,     -0.050,      1.264,        0.0,      109.9,       64.5,     -1.786,     -9.877,     129284,     135028,    434.797,     -0.921,       0.00,       0.00,     120.83,       0.00,   -257.103
-357,      46.08,     129504,      21.07,      21.07,       0.00,      -0.01,      -0.11,       0.00,       0.00,     1037.2,     1031.6,     -0.050,     -0.049,      1.264,        0.0,      124.9,       56.8,     -0.699,     -9.890,     128617,     136094,    434.797,     -0.950,       0.00,       0.00,     120.83,       0.00,   -257.202
-356,      46.35,     128693,      21.18,      21.18,       0.00,      -0.00,      -0.11,       0.00,       0.00,     1031.6,     1025.6,     -0.049,     -0.049,      1.265,        0.0,      141.4,       52.7,      0.000,    -10.132,     127842,     137045,    434.797,     -0.990,       0.00,       0.00,     120.83,       0.00,   -257.300
-355,      46.69,     127851,      21.32,      21.32,       0.00,       0.03,      -0.11,       0.00,       0.00,     1025.6,     1019.7,     -0.049,     -0.048,      1.265,        0.0,      160.2,       48.5,      2.387,    -10.183,     126690,     138006,    434.797,     -1.039,       0.00,       0.00,     120.83,       0.00,   -257.396
-354,      47.11,     126887,      21.48,      21.48,       0.00,       0.05,      -0.11,       0.00,       0.00,     1019.7,     1013.6,     -0.048,     -0.048,      1.265,        0.0,      179.1,       44.6,      3.966,    -10.062,     125654,     138982,    434.797,     -1.097,       0.00,       0.00,     120.83,       0.00,   -257.492
-353,      47.61,     125806,      21.66,      21.66,       0.05,       0.06,      -0.11,       0.00,       0.00,     1013.6,     1007.3,     -0.048,     -0.047,      1.266,        0.0,      199.4,       41.8,      5.441,    -10.036,     124508,     139908,    434.797,     -1.164,       0.00,       0.00,     120.83,       0.00,   -257.587
-352,      48.18,     124623,      21.85,      21.77,       0.13,       0.08,      -0.11,       0.00,       0.00,     1007.3,     1000.8,     -0.047,     -0.047,      1.266,        0.0,      220.6,       39.0,      7.113,     -9.898,     123273,     140852,    434.797,     -1.240,       0.00,       0.00,     120.83,       0.00,   -257.680
-351,      48.83,     123350,      22.07,      21.88,       0.24,       0.11,      -0.11,       0.00,       0.00,     1000.8,      994.0,     -0.046,     -0.046,      1.267,        0.0,      241.9,       36.4,      8.864,     -9.721,     121961,     141801,    434.797,     -1.324,       0.00,       0.00,     120.83,       0.00,   -257.773
-350,      49.55,     122005,      22.31,      21.99,       0.37,       0.13,      -0.11,       0.00,       0.00,      994.0,      986.9,     -0.046,     -0.045,      1.267,        0.0,      265.7,       34.4,     10.673,     -9.569,     120573,     142746,    434.797,     -1.417,       0.00,       0.00,     120.83,       0.00,   -257.864
-349,      50.35,     120588,      22.57,      22.09,       0.53,       0.16,      -0.11,       0.00,       0.00,      986.9,      979.5,     -0.045,     -0.045,      1.268,        0.0,      290.1,       32.3,     12.498,     -9.340,     119126,     143723,    434.797,     -1.517,       0.00,       0.00,     120.83,       0.00,   -257.954
-348,      51.22,     119102,      22.87,      22.20,       0.72,       0.19,      -0.10,       0.00,       0.00,      979.5,      971.5,     -0.044,     -0.044,      1.268,        0.0,      314.5,       30.2,     14.326,     -9.041,     117626,     144736,    434.797,     -1.625,       0.00,       0.00,     120.83,       0.00,   -258.042
-347,      52.16,     117553,      23.19,      22.30,       0.94,       0.22,      -0.10,       0.00,       0.00,      971.5,      963.0,     -0.044,     -0.043,      1.269,        0.0,      339.6,       28.1,     16.177,     -8.679,     116074,     145787,    434.797,     -1.741,       0.00,       0.00,     120.83,       0.00,   -258.129
-346,      53.18,     115947,      23.54,      22.39,       1.20,       0.26,      -0.10,       0.00,       0.00,      963.0,      953.9,     -0.043,     -0.042,      1.270,        0.0,      364.8,       26.0,     18.062,     -8.258,     114479,     146878,    434.797,     -1.863,       0.00,       0.00,     120.83,       0.00,   -258.214
-345,      54.27,     114288,      23.93,      22.48,       1.50,       0.30,      -0.09,       0.00,       0.00,      953.9,      944.0,     -0.042,     -0.042,      1.270,        0.0,      389.9,       23.9,     19.942,     -7.785,     112842,     148008,    434.797,     -1.992,       0.00,       0.00,     120.83,       0.00,   -258.298
-344,      55.43,     112580,      24.35,      22.57,       1.83,       0.34,      -0.09,       0.00,       0.00,      944.0,      933.4,     -0.041,     -0.041,      1.271,        0.0,      415.1,       21.8,     21.820,     -7.262,     111168,     149175,    434.797,     -2.127,       0.00,       0.00,     120.83,       0.00,   -258.380
-343,      56.67,     110830,      24.81,      22.65,       2.21,       0.38,      -0.08,       0.00,       0.00,      933.4,      922.1,     -0.040,     -0.040,      1.272,        0.0,      440.2,       19.7,     23.736,     -6.695,     109456,     150373,    434.797,     -2.268,       0.00,       0.00,     120.83,       0.00,   -258.460
-342,      57.98,     109063,      25.30,      22.72,       2.63,       0.42,      -0.07,       0.00,       0.00,      922.1,      910.1,     -0.039,     -0.039,      1.273,        0.0,      465.4,       18.3,     25.658,     -6.309,     107717,     151527,    434.797,     -2.414,       0.00,       0.00,     120.83,       0.00,   -258.538
-341,      59.35,     107281,      25.84,      22.79,       3.10,       0.47,      -0.07,       0.00,       0.00,      910.1,      897.5,     -0.038,     -0.038,      1.274,        0.0,      490.6,       16.9,     27.538,     -5.903,     105968,     152689,    434.797,     -2.566,       0.00,       0.00,     120.83,       0.00,   -258.614
-340,      60.80,     105487,      26.42,      22.86,       3.61,       0.51,      -0.07,       0.00,       0.00,      897.5,      884.3,     -0.037,     -0.036,      1.275,        0.0,      515.7,       15.5,     29.386,     -5.473,     104211,     153845,    434.797,     -2.722,       0.00,       0.00,     120.83,       0.00,   -258.688
-339,      62.32,     103684,      27.04,      22.92,       4.17,       0.56,      -0.06,       0.00,       0.00,      884.3,      870.4,     -0.036,     -0.035,      1.277,        0.0,      539.8,       14.1,     31.218,     -5.024,     102454,     154980,    434.797,     -2.883,       0.00,       0.00,     120.83,       0.00,   -258.760
-338,      63.90,     101876,      27.70,      22.98,       4.77,       0.61,      -0.06,       0.00,       0.00,      870.4,      856.0,     -0.035,     -0.034,      1.278,        0.0,      563.4,       12.7,     33.020,     -4.558,     100696,     156072,    434.797,     -3.048,       0.00,       0.00,     120.83,       0.00,   -258.829
-337,      65.56,     100067,      28.40,      23.03,       5.43,       0.66,      -0.05,       0.00,       0.00,      856.0,      841.2,     -0.034,     -0.033,      1.279,        0.0,      587.0,       11.3,     34.816,     -4.095,      98937,     157097,    434.797,     -3.217,       0.00,       0.00,     120.83,       0.00,   -258.896
-336,      67.28,      98267,      29.15,      23.07,       6.13,       0.71,      -0.04,       0.00,       0.00,      841.2,      825.9,     -0.033,     -0.032,      1.281,        0.0,      611.5,       10.1,     36.631,     -3.658,      97180,     158022,    434.797,     -3.389,       0.00,       0.00,     120.83,       0.00,   -258.960
-335,      69.06,      96477,      29.95,      23.11,       6.89,       0.76,      -0.04,       0.00,       0.00,      825.9,      810.2,     -0.031,     -0.030,      1.283,        0.0,      636.7,        8.8,     38.422,     -3.211,      95428,     158838,    434.797,     -3.564,       0.00,       0.00,     120.83,       0.00,   -259.022
-334,      70.91,      94701,      30.79,      23.14,       7.70,       0.81,      -0.03,       0.00,       0.00,      810.2,      794.3,     -0.030,     -0.029,      1.284,        0.0,      661.8,        7.5,     40.229,     -2.746,      93682,     159522,    434.797,     -3.743,       0.00,       0.00,     120.83,       0.00,   -259.081
-333,      72.83,      92939,      31.68,      23.17,       8.56,       0.86,      -0.03,       0.00,       0.00,      794.3,      778.2,     -0.029,     -0.028,      1.286,        0.0,      687.6,        6.1,     42.046,     -2.240,      91948,     160059,    434.797,     -3.924,       0.00,       0.00,     120.83,       0.00,   -259.137
-332,      74.81,      91196,      32.61,      23.19,       9.47,       0.91,      -0.02,       0.00,       0.00,      778.2,      762.0,     -0.027,     -0.026,      1.288,        0.0,      713.6,        4.7,     43.875,     -1.731,      90226,     160417,    434.797,     -4.107,       0.00,       0.00,     120.83,       0.00,   -259.191
-331,      76.85,      89481,      33.58,      23.21,      10.43,       0.96,      -0.02,       0.00,       0.00,      762.0,      745.8,     -0.026,     -0.025,      1.290,        0.0,      739.5,        3.6,     45.716,     -1.329,      88521,     160540,    434.797,     -4.293,       0.00,       0.00,     120.83,       0.00,   -259.242
-330,      78.96,      87807,      34.61,      23.22,      11.43,       1.01,      -0.01,       0.00,       0.00,      745.8,      729.7,     -0.025,     -0.023,      1.292,        0.0,      765.5,        2.9,     47.552,     -1.073,      86840,     160404,    434.797,     -4.481,       0.00,       0.00,     120.83,       0.00,   -259.290
-329,      81.12,      86174,      35.67,      23.23,      12.49,       1.06,      -0.01,       0.00,       0.00,      729.7,      713.7,     -0.023,     -0.022,      1.294,        0.0,      791.4,        2.2,     49.362,     -0.817,      85195,     160043,    434.797,     -4.670,       0.00,       0.00,     120.83,       0.00,   -259.336
-328,      83.35,      84581,      36.78,      23.24,      13.59,       1.10,      -0.01,       0.00,       0.00,      713.7,      698.1,     -0.022,     -0.021,      1.296,        0.0,      817.4,        1.5,     51.133,     -0.560,      83585,     159453,    434.797,     -4.860,       0.00,       0.00,     120.83,       0.00,   -259.379
-327,      85.63,      83028,      37.93,      23.24,      14.74,       1.15,      -0.00,       0.00,       0.00,      698.1,      682.7,     -0.021,     -0.019,      1.298,        0.0,      843.3,        0.8,     52.914,     -0.304,      82011,     158632,    434.797,     -5.052,       0.00,       0.00,     120.83,       0.00,   -259.419
-326,      87.97,      81517,      39.12,      23.24,      15.93,       1.19,      -0.00,       0.00,       0.00,      682.7,      667.6,     -0.019,     -0.018,      1.300,        0.0,      869.3,        0.1,     54.676,     -0.049,      80473,     157584,    434.797,     -5.246,       0.00,       0.00,     120.83,       0.00,   -259.456
-325,      90.37,      80058,      40.35,      23.24,      17.16,       1.23,      -0.00,       0.00,       0.00,      667.6,      653.0,     -0.018,     -0.017,      1.302,        0.0,      894.9,        0.0,     56.424,      0.000,      78973,     156246,    434.797,     -5.440,       0.00,       0.00,     120.83,       0.00,   -259.491
-324,      92.83,      78653,      41.62,      23.24,      18.43,       1.27,      -0.00,       0.00,       0.00,      653.0,      638.9,     -0.017,     -0.016,      1.304,        0.0,      920.0,        0.0,     58.126,      0.000,      77522,     154696,    434.797,     -5.635,       0.00,       0.00,     120.83,       0.00,   -259.523
-323,      95.33,      75910,      42.91,       0.00,      42.91,       1.29,      -0.00,       0.00,      95.33,      633.2,      633.2,     -0.000,     -0.015,      1.307,        0.0,      945.2,        0.0,     58.638,      0.000,      76469,     152958,    434.797,     -5.827,       0.00,       0.00,     120.83,       0.00,   -259.538
-322,      97.89,      74751,      44.22,       0.00,      44.22,       1.31,      -0.00,       0.00,      97.89,      621.2,      621.2,     -0.000,     -0.014,      1.308,        0.0,      970.8,        0.0,     59.770,      0.000,      75259,     151052,    434.797,     -6.021,       0.00,       0.00,     120.83,       0.00,   -259.552
-321,     100.51,      73636,      45.55,       0.00,      45.55,       1.34,      -0.00,       0.00,     100.51,      609.8,      609.8,     -0.000,     -0.013,      1.310,        0.0,      996.8,        0.0,     60.899,      0.000,      74093,     148999,    434.797,     -6.215,       0.00,       0.00,     120.83,       0.00,   -259.565
-320,     103.17,      72564,      46.91,       0.00,      46.91,       1.36,      -0.00,       0.00,     103.17,      598.9,      598.9,     -0.000,     -0.012,      1.311,        0.0,     1022.7,        0.0,     61.961,      0.000,      72980,     146831,    434.797,     -6.410,       0.00,       0.00,     120.83,       0.00,   -259.576
-319,     105.88,      71534,      48.32,       0.00,      48.32,       1.41,      -0.00,       0.00,     105.88,      588.5,      588.5,     -0.000,     -0.011,      1.313,        0.0,     1048.7,        0.0,     62.663,      0.000,      72001,     144566,    434.797,     -6.606,       0.00,       0.00,     120.83,       0.00,   -259.587
-318,     108.65,      70571,      49.78,       0.00,      49.78,       1.46,      -0.00,       0.00,     108.65,      578.5,      578.5,     -0.000,     -0.010,      1.314,        0.0,     1074.6,        0.0,     63.249,      0.000,      71089,     142241,    434.797,     -6.803,       0.00,       0.00,     120.83,       0.00,   -259.597
-317,     111.45,      69668,      51.28,       0.00,      51.28,       1.50,      -0.00,       0.00,     111.45,      568.8,      568.8,     -0.000,     -0.009,      1.316,        0.0,     1100.6,        0.0,     63.733,      0.000,      70238,     139878,    434.797,     -7.000,       0.00,       0.00,     120.83,       0.00,   -259.606
-316,     114.31,      68820,      52.82,       0.00,      52.82,       1.54,      -0.00,       0.00,     114.31,      559.6,      559.6,     -0.000,     -0.008,      1.317,        0.0,     1126.5,        0.0,     64.123,      0.000,      69445,     137497,    434.797,     -7.198,       0.00,       0.00,     120.83,       0.00,   -259.614
-315,     117.21,      68025,      54.40,       0.00,      54.40,       1.58,      -0.00,       0.00,     117.21,      550.7,      550.7,     -0.000,     -0.007,      1.318,        0.0,     1152.5,        0.0,     64.451,      0.000,      68705,     135120,    434.797,     -7.397,       0.00,       0.00,     120.83,       0.00,   -259.621
-314,     120.15,      67278,      56.03,       0.00,      56.03,       1.62,      -0.00,       0.00,     120.15,      542.1,      542.1,     -0.000,     -0.006,      1.320,        0.0,     1178.4,        0.0,     64.693,      0.000,      68013,     132764,    434.797,     -7.596,       0.00,       0.00,     120.83,       0.00,   -259.628
-313,     123.13,      66576,      57.68,       0.00,      57.68,       1.66,      -0.00,       0.00,     123.13,      534.0,      534.0,     -0.000,     -0.006,      1.321,        0.0,     1204.3,        0.0,     64.868,      0.000,      67367,     130440,    434.797,     -7.796,       0.00,       0.00,     120.83,       0.00,   -259.633
-312,     126.16,      65915,      59.37,       0.00,      59.37,       1.69,      -0.00,       0.00,     126.16,      526.2,      526.2,     -0.000,     -0.005,      1.322,        0.0,     1230.3,        0.0,     64.976,      0.000,      66761,     128168,    434.797,     -7.997,       0.00,       0.00,     120.83,       0.00,   -259.638
-311,     129.22,      65292,      61.10,       0.00,      61.10,       1.72,      -0.00,       0.00,     129.22,      518.7,      518.7,     -0.000,     -0.004,      1.323,        0.0,     1255.1,        0.0,     65.075,      0.000,      66185,     125962,    434.797,     -8.198,       0.00,       0.00,     120.83,       0.00,   -259.642
-310,     132.33,      64704,      62.85,       0.00,      62.85,       1.76,      -0.00,       0.00,     132.33,      511.6,      511.6,     -0.000,     -0.003,      1.324,        0.0,     1278.7,        0.0,     65.250,      0.000,      65612,     123833,    434.797,     -8.400,       0.00,       0.00,     120.83,       0.00,   -259.645
-309,     135.46,      64149,      64.64,       0.00,      64.64,       1.79,      -0.00,       0.00,     135.46,      504.8,      504.8,     -0.000,     -0.003,      1.325,        0.0,     1302.3,        0.0,     65.393,      0.000,      65072,     121790,    434.797,     -8.602,       0.00,       0.00,     120.83,       0.00,   -259.648
-308,     138.64,      63627,      66.46,       0.00,      66.46,       1.82,      -0.00,       0.00,     138.64,      498.3,      498.3,     -0.000,     -0.002,      1.326,        0.0,     1326.5,        0.0,     65.500,      0.000,      64563,     119840,    434.797,     -8.805,       0.00,       0.00,     120.83,       0.00,   -259.650
-307,     141.85,      63135,      68.31,       0.00,      68.31,       1.85,      -0.00,       0.00,     141.85,      492.1,      492.1,     -0.000,     -0.001,      1.327,        0.0,     1351.7,        0.0,     65.576,      0.000,      64085,     117990,    434.797,     -9.009,       0.00,       0.00,     120.83,       0.00,   -259.651
-306,     145.08,      62673,      70.19,       0.00,      70.19,       1.88,      -0.00,       0.00,     145.08,      486.2,      486.2,     -0.000,     -0.001,      1.328,        0.0,     1376.8,        0.0,     65.619,      0.000,      63635,     116247,    434.797,     -9.213,       0.00,       0.00,     120.83,       0.00,   -259.652
-305,     148.36,      62240,      72.09,       0.00,      72.09,       1.91,      -0.00,       0.00,     148.36,      480.5,      480.5,     -0.000,      0.000,      1.329,        0.0,     1402.5,        0.0,     65.637,      0.000,      63214,     114613,    434.797,     -9.417,       0.00,       0.00,     120.83,       0.00,   -259.652
-304,     151.66,      61834,      74.03,       0.00,      74.03,       1.94,      -0.00,       0.00,     151.66,      475.1,      475.1,     -0.000,      0.001,      1.330,        0.0,     1428.4,        0.0,     65.629,      0.000,      62820,     113098,    434.797,     -9.622,       0.00,       0.00,     120.83,       0.00,   -259.651
-303,     154.98,      61454,      76.00,       0.00,      76.00,       1.97,      -0.00,       0.00,     154.98,      470.0,      470.0,     -0.000,      0.001,      1.331,        0.0,     1454.4,        0.0,     65.593,      0.000,      62451,     111701,    434.797,     -9.828,       0.00,       0.00,     120.83,       0.00,   -259.650
-302,     158.34,      61099,      77.99,       0.00,      77.99,       1.99,      -0.00,       0.00,     158.34,      465.0,      465.0,     -0.000,      0.002,      1.331,        0.0,     1479.6,        0.0,     65.533,      0.000,      62106,     110423,    434.797,    -10.034,       0.00,       0.00,     120.83,       0.00,   -259.648
-301,     161.72,      60767,      80.01,       0.00,      80.01,       2.02,      -0.00,       0.00,     161.72,      460.3,      460.3,     -0.000,      0.002,      1.332,        0.0,     1504.8,        0.0,     65.449,      0.000,      61784,     109266,    434.797,    -10.240,       0.00,       0.00,     120.83,       0.00,   -259.646
-300,     165.12,      60457,      82.06,       0.00,      82.06,       2.05,      -0.00,       0.00,     165.12,      455.8,      455.8,     -0.000,      0.003,      1.333,        0.0,     1529.9,        0.0,     65.344,      0.000,      61482,     108230,    434.797,    -10.446,       0.00,       0.00,     120.83,       0.00,   -259.643
-299,     168.55,      60168,      84.13,       0.00,      84.13,       2.07,      -0.00,       0.00,     168.55,      451.5,      451.5,     -0.000,      0.004,      1.333,        0.0,     1554.3,        0.0,     65.220,      0.000,      61201,     107317,    434.797,    -10.653,       0.00,       0.00,     120.83,       0.00,   -259.639
-298,     172.00,      59898,      86.22,       0.00,      86.22,       2.09,      -0.00,       0.00,     172.00,      447.4,      447.4,     -0.000,      0.004,      1.334,        0.0,     1578.7,        0.0,     65.121,      0.000,      60927,     106527,    434.797,    -10.860,       0.00,       0.00,     120.83,       0.00,   -259.635
-297,     175.47,      59647,      88.34,       0.00,      88.34,       2.12,      -0.00,       0.00,     175.47,      443.5,      443.5,     -0.000,      0.005,      1.335,        0.0,     1602.7,        0.0,     65.008,      0.000,      60670,     105859,    434.797,    -11.068,       0.00,       0.00,     120.83,       0.00,   -259.630
-296,     178.95,      59414,      90.48,       0.00,      90.48,       2.14,      -0.00,       0.00,     178.95,      439.8,      439.8,     -0.000,      0.005,      1.335,        0.0,     1625.5,        0.0,     64.879,      0.000,      60431,     105310,    434.797,    -11.275,       0.00,       0.00,     120.83,       0.00,   -259.625
-295,     182.46,      59198,      92.64,       0.00,      92.64,       2.16,      -0.00,       0.00,     182.46,      436.2,      436.2,     -0.000,      0.006,      1.336,        0.0,     1648.3,        0.0,     64.739,      0.000,      60208,     104879,    434.797,    -11.483,       0.00,       0.00,     120.83,       0.00,   -259.619
-294,     185.97,      58997,      94.82,       0.00,      94.82,       2.18,      -0.00,       0.00,     185.97,      432.7,      432.7,     -0.000,      0.006,      1.336,        0.0,     1670.7,        0.0,     64.587,      0.000,      60001,     104560,    434.797,    -11.691,       0.00,       0.00,     120.83,       0.00,   -259.613
-293,     189.51,      58812,      97.01,       0.00,      97.01,       2.20,      -0.00,       0.00,     189.51,      429.5,      429.5,     -0.000,      0.007,      1.337,        0.0,     1692.7,        0.0,     64.425,      0.000,      59808,     104347,    434.797,    -11.899,       0.00,       0.00,     120.83,       0.00,   -259.606
-292,     193.05,      58641,      99.23,       0.00,      99.23,       2.22,      -0.00,       0.00,     193.05,      426.3,      426.3,     -0.000,      0.007,      1.337,        0.0,     1714.7,        0.0,     64.254,      0.000,      59630,     104235,    434.797,    -12.107,       0.00,       0.00,     120.83,       0.00,   -259.599
-291,     196.61,      58484,     101.47,       0.00,     101.47,       2.24,      -0.00,       0.00,     196.61,      423.3,      423.3,     -0.000,      0.008,      1.338,        0.0,     1735.7,        0.0,     64.071,      0.000,      59466,     104218,    434.797,    -12.316,       0.00,       0.00,     120.83,       0.00,   -259.591
-290,     200.17,      58340,     103.72,       0.00,     103.72,       2.25,      -0.00,       0.00,     200.17,      420.5,      420.5,     -0.000,      0.008,      1.338,        0.0,     1756.1,        0.0,     63.878,      0.000,      59314,     104288,    434.797,    -12.524,       0.00,       0.00,     120.83,       0.00,   -259.583
-289,     203.75,      58208,     105.99,       0.00,     105.99,       2.27,      -0.00,       0.00,     203.75,      417.7,      417.7,     -0.000,      0.009,      1.338,        0.0,     1776.6,        0.0,     63.677,      0.000,      59174,     104438,    434.797,    -12.732,       0.00,       0.00,     120.83,       0.00,   -259.574
-288,     207.33,      58088,     108.27,       0.00,     108.27,       2.28,      -0.00,       0.00,     207.33,      415.1,      415.1,     -0.000,      0.009,      1.339,        0.0,     1795.6,        0.0,     63.468,      0.000,      59046,     104659,    434.797,    -12.940,       0.00,       0.00,     120.83,       0.00,   -259.565
-287,     210.92,      57978,     110.57,       0.00,     110.57,       2.30,      -0.00,       0.00,     210.92,      412.6,      412.6,     -0.000,      0.010,      1.339,        0.0,     1814.5,        0.0,     63.253,      0.000,      58928,     104941,    434.797,    -13.149,       0.00,       0.00,     120.83,       0.00,   -259.555
-286,     214.51,      57879,     112.87,       0.00,     112.87,       2.31,      -0.00,       0.00,     214.51,      410.2,      410.2,     -0.000,      0.010,      1.340,        0.0,     1833.3,        0.0,     63.032,      0.000,      58821,     105275,    434.797,    -13.357,       0.00,       0.00,     120.83,       0.00,   -259.545
-285,     218.10,      57790,     115.20,       0.00,     115.20,       2.32,      -0.00,       0.00,     218.10,      407.8,      407.8,     -0.000,      0.011,      1.340,        0.0,     1851.4,        0.0,     62.802,      0.000,      58723,     105651,    434.797,    -13.564,       0.00,       0.00,     120.83,       0.00,   -259.535
-284,     221.70,      57710,     117.53,       0.00,     117.53,       2.33,      -0.00,       0.00,     221.70,      405.6,      405.6,     -0.000,      0.011,      1.340,        0.0,     1869.4,        0.0,     62.566,      0.000,      58636,     106062,    434.797,    -13.772,       0.00,       0.00,     120.83,       0.00,   -259.524
-283,     225.29,      57640,     119.87,       0.00,     119.87,       2.34,      -0.00,       0.00,     225.29,      403.5,      403.5,     -0.000,      0.011,      1.341,        0.0,     1886.6,        0.0,     62.325,      0.000,      58557,     106496,    434.797,    -13.979,       0.00,       0.00,     120.83,       0.00,   -259.512
-282,     228.89,      57578,     122.22,       0.00,     122.22,       2.35,      -0.00,       0.00,     228.89,      401.5,      401.5,     -0.000,      0.012,      1.341,        0.0,     1901.6,        0.0,     62.083,      0.000,      58486,     106946,    434.797,    -14.186,       0.00,       0.00,     120.83,       0.00,   -259.500
-281,     232.48,      57524,     124.58,       0.00,     124.58,       2.36,      -0.00,       0.00,     232.48,      399.5,      399.5,     -0.000,      0.012,      1.341,        0.0,     1916.6,        0.0,     61.841,      0.000,      58423,     107401,    434.797,    -14.393,       0.00,       0.00,     120.83,       0.00,   -259.488
-280,     236.07,      57477,     126.95,       0.00,     126.95,       2.37,      -0.00,       0.00,     236.07,      397.7,      397.7,     -0.000,      0.013,      1.341,        0.0,     1931.8,        0.0,     61.596,      0.000,      58367,     107855,    434.797,    -14.599,       0.00,       0.00,     120.83,       0.00,   -259.475
-279,     239.66,      57438,     129.33,       0.00,     129.33,       2.38,      -0.00,       0.00,     239.66,      395.9,      395.9,     -0.000,      0.013,      1.342,        0.0,     1947.5,        0.0,     61.347,      0.000,      58319,     108298,    434.797,    -14.805,       0.00,       0.00,     120.83,       0.00,   -259.462
-278,     243.24,      57406,     131.71,       0.00,     131.71,       2.38,      -0.00,       0.00,     243.24,      394.2,      394.2,     -0.000,      0.014,      1.342,        0.0,     1963.2,        0.0,     61.092,      0.000,      58278,     108724,    434.797,    -15.010,       0.00,       0.00,     120.83,       0.00,   -259.449
-277,     246.81,      57383,     134.11,       0.00,     134.11,       2.39,      -0.00,       0.00,     246.81,      392.5,      392.5,     -0.000,      0.014,      1.342,        0.0,     1977.9,        0.0,     60.831,      0.000,      58245,     109125,    434.797,    -15.215,       0.00,       0.00,     120.83,       0.00,   -259.435
-276,     250.37,      57366,     136.50,       0.00,     136.50,       2.40,      -0.00,       0.00,     250.37,      390.9,      390.9,     -0.000,      0.014,      1.342,        0.0,     1991.3,        0.0,     60.564,      0.000,      58220,     109495,    434.797,    -15.419,       0.00,       0.00,     120.83,       0.00,   -259.420
-275,     253.93,      57356,     138.90,       0.00,     138.90,       2.40,      -0.00,       0.00,     253.93,      389.4,      389.4,     -0.000,      0.015,      1.343,        0.0,     2004.6,        0.0,     60.294,      0.000,      58200,     109827,    434.797,    -15.622,       0.00,       0.00,     120.83,       0.00,   -259.406
-274,     257.47,      57352,     141.31,       0.00,     141.31,       2.41,      -0.00,       0.00,     257.47,      388.0,      388.0,     -0.000,      0.015,      1.343,        0.0,     2017.5,        0.0,     60.019,      0.000,      58187,     110117,    434.797,    -15.825,       0.00,       0.00,     120.83,       0.00,   -259.390
-273,     261.00,      57354,     143.72,       0.00,     143.72,       2.41,      -0.00,       0.00,     261.00,      386.6,      386.6,     -0.000,      0.016,      1.343,        0.0,     2030.1,        0.0,     59.740,      0.000,      58181,     110359,    434.797,    -16.027,       0.00,       0.00,     120.83,       0.00,   -259.375
-272,     264.52,      57362,     146.13,       0.00,     146.13,       2.41,      -0.00,       0.00,     264.52,      385.2,      385.2,     -0.000,      0.016,      1.343,        0.0,     2042.7,        0.0,     59.456,      0.000,      58180,     110550,    434.797,    -16.229,       0.00,       0.00,     120.83,       0.00,   -259.359
-271,     268.02,      57376,     148.55,       0.00,     148.55,       2.42,      -0.00,       0.00,     268.02,      384.0,      384.0,     -0.000,      0.016,      1.344,        0.0,     2054.6,        0.0,     59.167,      0.000,      58185,     110685,    434.797,    -16.429,       0.00,       0.00,     120.83,       0.00,   -259.343
-270,     271.51,      57395,     150.97,       0.00,     150.97,       2.42,      -0.00,       0.00,     271.51,      382.7,      382.7,     -0.000,      0.017,      1.344,        0.0,     2066.3,        0.0,     58.882,      0.000,      58196,     110763,    434.797,    -16.629,       0.00,       0.00,     120.83,       0.00,   -259.326
-269,     274.98,      57421,     153.39,       0.00,     153.39,       2.42,      -0.00,       0.00,     274.98,      381.5,      381.5,     -0.000,      0.017,      1.344,        0.0,     2078.0,        0.0,     58.591,      0.000,      58212,     110780,    434.797,    -16.828,       0.00,       0.00,     120.83,       0.00,   -259.309
-268,     278.44,      57452,     155.81,       0.00,     155.81,       2.42,      -0.00,       0.00,     278.44,      380.4,      380.4,     -0.000,      0.017,      1.344,        0.0,     2087.4,        0.0,     58.291,      0.000,      58234,     110736,    434.797,    -17.026,       0.00,       0.00,     120.83,       0.00,   -259.291
-267,     281.87,      57487,     158.23,       0.00,     158.23,       2.42,      -0.00,       0.00,     281.87,      379.3,      379.3,     -0.000,      0.018,      1.344,        0.0,     2096.8,        0.0,     57.995,      0.000,      58261,     110631,    434.797,    -17.223,       0.00,       0.00,     120.83,       0.00,   -259.273
-266,     285.29,      57527,     160.65,       0.00,     160.65,       2.42,      -0.00,       0.00,     285.29,      378.3,      378.3,     -0.000,      0.018,      1.344,        0.0,     2106.0,        0.0,     57.692,      0.000,      58293,     110463,    434.797,    -17.419,       0.00,       0.00,     120.83,       0.00,   -259.255
-265,     288.69,      57572,     163.07,       0.00,     163.07,       2.42,      -0.00,       0.00,     288.69,      377.3,      377.3,     -0.000,      0.019,      1.345,        0.0,     2114.7,        0.0,     57.381,      0.000,      58329,     110236,    434.797,    -17.614,       0.00,       0.00,     120.83,       0.00,   -259.236
-264,     292.06,      57621,     165.48,       0.00,     165.48,       2.41,      -0.00,       0.00,     292.06,      376.3,      376.3,     -0.000,      0.019,      1.345,        0.0,     2123.3,        0.0,     57.063,      0.000,      58369,     109950,    434.797,    -17.808,       0.00,       0.00,     120.83,       0.00,   -259.217
-263,     295.41,      57674,     167.89,       0.00,     167.89,       2.41,      -0.00,       0.00,     295.41,      375.4,      375.4,     -0.000,      0.019,      1.345,        0.0,     2131.6,        0.0,     56.739,      0.000,      58413,     109608,    434.797,    -18.000,       0.00,       0.00,     120.83,       0.00,   -259.198
-262,     298.74,      57731,     170.30,       0.00,     170.30,       2.41,      -0.00,       0.00,     298.74,      374.5,      374.5,     -0.000,      0.020,      1.345,        0.0,     2139.5,        0.0,     56.411,      0.000,      58462,     109213,    434.797,    -18.192,       0.00,       0.00,     120.83,       0.00,   -259.178
-261,     302.05,      57792,     172.71,       0.00,     172.71,       2.40,      -0.00,       0.00,     302.05,      373.6,      373.6,     -0.000,      0.020,      1.345,        0.0,     2147.3,        0.0,     56.079,      0.000,      58514,     108769,    434.797,    -18.382,       0.00,       0.00,     120.83,       0.00,   -259.158
-260,     305.33,      57858,     175.11,       0.00,     175.11,       2.40,      -0.00,       0.00,     305.33,      372.8,      372.8,     -0.000,      0.020,      1.345,        0.0,     2153.5,        0.0,     55.741,      0.000,      58571,     108279,    434.797,    -18.571,       0.00,       0.00,     120.83,       0.00,   -259.138
-259,     308.59,      57926,     177.50,       0.00,     177.50,       2.39,      -0.00,       0.00,     308.59,      372.0,      372.0,     -0.000,      0.021,      1.345,        0.0,     2159.0,        0.0,     55.401,      0.000,      58630,     107750,    434.797,    -18.759,       0.00,       0.00,     120.83,       0.00,   -259.117
-258,     311.81,      57998,     179.88,       0.00,     179.88,       2.39,      -0.00,       0.00,     311.81,      371.3,      371.3,     -0.000,      0.021,      1.345,        0.0,     2164.5,        0.0,     55.059,      0.000,      58693,     107186,    434.797,    -18.946,       0.00,       0.00,     120.83,       0.00,   -259.096
-257,     315.01,      58073,     182.26,       0.00,     182.26,       2.38,      -0.00,       0.00,     315.01,      370.6,      370.6,     -0.000,      0.021,      1.346,        0.0,     2169.3,        0.0,     54.713,      0.000,      58760,     106593,    434.797,    -19.131,       0.00,       0.00,     120.83,       0.00,   -259.075
-256,     318.19,      58151,     184.63,       0.00,     184.63,       2.37,      -0.00,       0.00,     318.19,      369.9,      369.9,     -0.000,      0.022,      1.346,        0.0,     2174.0,        0.0,     54.366,      0.000,      58829,     105973,    434.797,    -19.314,       0.00,       0.00,     120.83,       0.00,   -259.053
-255,     321.33,      58232,     186.99,       0.00,     186.99,       2.36,      -0.00,       0.00,     321.33,      369.2,      369.2,     -0.000,      0.022,      1.346,        0.0,     2178.5,        0.0,     54.015,      0.000,      58902,     105338,    434.797,    -19.496,       0.00,       0.00,     120.83,       0.00,   -259.031
-254,     324.44,      58316,     189.34,       0.00,     189.34,       2.35,      -0.00,       0.00,     324.44,      368.6,      368.6,     -0.000,      0.022,      1.346,        0.0,     2181.4,        0.0,     53.661,      0.000,      58977,     104694,    434.797,    -19.677,       0.00,       0.00,     120.83,       0.00,   -259.008
-253,     327.53,      58403,     191.69,       0.00,     191.69,       2.34,      -0.00,       0.00,     327.53,      367.9,      367.9,     -0.000,      0.023,      1.346,        0.0,     2184.2,        0.0,     53.306,      0.000,      59055,     104048,    434.797,    -19.856,       0.00,       0.00,     120.83,       0.00,   -258.986
-252,     330.58,      58492,     194.02,       0.00,     194.02,       2.33,      -0.00,       0.00,     330.58,      367.4,      367.4,     -0.000,      0.023,      1.346,        0.0,     2187.0,        0.0,     52.948,      0.000,      59136,     103406,    434.797,    -20.034,       0.00,       0.00,     120.83,       0.00,   -258.963
-251,     333.60,      58584,     196.34,       0.00,     196.34,       2.32,      -0.00,       0.00,     333.60,      366.8,      366.8,     -0.000,      0.023,      1.346,        0.0,     2188.6,        0.0,     52.588,      0.000,      59219,     102776,    434.797,    -20.210,       0.00,       0.00,     120.83,       0.00,   -258.939
-250,     336.59,      58678,     198.64,       0.00,     198.64,       2.31,      -0.00,       0.00,     336.59,      366.3,      366.3,     -0.000,      0.024,      1.346,        0.0,     2190.2,        0.0,     52.227,      0.000,      59305,     102166,    434.797,    -20.384,       0.00,       0.00,     120.83,       0.00,   -258.916
-249,     339.54,      58775,     200.94,       0.00,     200.94,       2.29,      -0.00,       0.00,     339.54,      365.7,      365.7,     -0.000,      0.024,      1.346,        0.0,     2191.5,        0.0,     51.864,      0.000,      59393,     101584,    434.797,    -20.557,       0.00,       0.00,     120.83,       0.00,   -258.891
-248,     342.46,      58874,     203.22,       0.00,     203.22,       2.28,      -0.00,       0.00,     342.46,      365.3,      365.3,     -0.000,      0.024,      1.346,        0.0,     2192.3,        0.0,     51.499,      0.000,      59484,     101037,    434.797,    -20.728,       0.00,       0.00,     120.83,       0.00,   -258.867
-247,     345.35,      58975,     205.49,       0.00,     205.49,       2.27,      -0.00,       0.00,     345.35,      364.8,      364.8,     -0.000,      0.025,      1.346,        0.0,     2193.1,        0.0,     51.132,      0.000,      59576,     100533,    434.797,    -20.897,       0.00,       0.00,     120.83,       0.00,   -258.842
-246,     348.20,      59078,     207.74,       0.00,     207.74,       2.26,      -0.00,       0.00,     348.20,      364.3,      364.3,     -0.000,      0.025,      1.346,        0.0,     2193.1,        0.0,     50.763,      0.000,      59672,     100080,    434.797,    -21.064,       0.00,       0.00,     120.83,       0.00,   -258.818
-245,     351.01,      59184,     209.99,       0.00,     209.99,       2.24,      -0.00,       0.00,     351.01,      363.9,      363.9,     -0.000,      0.025,      1.346,        0.0,     2192.4,        0.0,     50.386,      0.000,      59769,      99688,    434.797,    -21.230,       0.00,       0.00,     120.83,       0.00,   -258.792
-244,     353.79,      59291,     212.21,       0.00,     212.21,       2.23,      -0.00,       0.00,     353.79,      363.5,      363.5,     -0.000,      0.026,      1.347,        0.0,     2191.6,        0.0,     50.012,      0.000,      59868,      99363,    434.797,    -21.394,       0.00,       0.00,     120.83,       0.00,   -258.767
-243,     356.54,      59401,     214.42,       0.00,     214.42,       2.21,      -0.00,       0.00,     356.54,      363.1,      363.1,     -0.000,      0.026,      1.347,        0.0,     2189.7,        0.0,     49.638,      0.000,      59970,      99117,    434.797,    -21.556,       0.00,       0.00,     120.83,       0.00,   -258.741
-242,     359.24,      59512,     216.61,       0.00,     216.61,       2.19,      -0.00,       0.00,     359.24,      362.7,      362.7,     -0.000,      0.026,      1.347,        0.0,     2187.4,        0.0,     49.263,      0.000,      60073,      98954,    434.797,    -21.716,       0.00,       0.00,     120.83,       0.00,   -258.715
-241,     361.91,      59626,     218.79,       0.00,     218.79,       2.18,      -0.00,       0.00,     361.91,      362.4,      362.4,     -0.000,      0.026,      1.347,        0.0,     2185.0,        0.0,     48.888,      0.000,      60178,      98883,    434.797,    -21.874,       0.00,       0.00,     120.83,       0.00,   -258.688
-240,     364.55,      59741,     220.95,       0.00,     220.95,       2.16,      -0.00,       0.00,     364.55,      362.0,      362.0,     -0.000,      0.027,      1.347,        0.0,     2181.2,        0.0,     48.511,      0.000,      60285,      98911,    434.797,    -22.030,       0.00,       0.00,     120.83,       0.00,   -258.662
-239,     367.14,      59857,     223.09,       0.00,     223.09,       2.14,      -0.00,       0.00,     367.14,      361.7,      361.7,     -0.000,      0.027,      1.347,        0.0,     2177.3,        0.0,     48.134,      0.000,      60394,      99047,    434.797,    -22.184,       0.00,       0.00,     120.83,       0.00,   -258.635
-238,     369.69,      59975,     225.22,       0.00,     225.22,       2.12,      -0.00,       0.00,     369.69,      361.4,      361.4,     -0.000,      0.027,      1.347,        0.0,     2173.3,        0.0,     47.757,      0.000,      60504,      99296,    434.797,    -22.336,       0.00,       0.00,     120.83,       0.00,   -258.607
-237,     372.21,      60095,     227.32,       0.00,     227.32,       2.11,      -0.00,       0.00,     372.21,      361.1,      361.1,     -0.000,      0.028,      1.347,        0.0,     2168.6,        0.0,     47.379,      0.000,      60616,      99665,    434.797,    -22.486,       0.00,       0.00,     120.83,       0.00,   -258.580
-236,     374.69,      60216,     229.41,       0.00,     229.41,       2.09,      -0.00,       0.00,     374.69,      360.8,      360.8,     -0.000,      0.028,      1.347,        0.0,     2163.9,        0.0,     47.006,      0.000,      60729,     100157,    434.797,    -22.634,       0.00,       0.00,     120.83,       0.00,   -258.552
-235,     377.12,      60339,     231.48,       0.00,     231.48,       2.07,      -0.00,       0.00,     377.12,      360.6,      360.6,     -0.000,      0.028,      1.347,        0.0,     2158.6,        0.0,     46.628,      0.000,      60844,     100777,    434.797,    -22.780,       0.00,       0.00,     120.83,       0.00,   -258.524
-234,     379.52,      60463,     233.53,       0.00,     233.53,       2.05,      -0.00,       0.00,     379.52,      360.3,      360.3,     -0.000,      0.028,      1.347,        0.0,     2152.3,        0.0,     46.247,      0.000,      60961,     101529,    434.797,    -22.923,       0.00,       0.00,     120.83,       0.00,   -258.496
-233,     381.87,      60589,     235.55,       0.00,     235.55,       2.03,      -0.00,       0.00,     381.87,      360.1,      360.1,     -0.000,      0.029,      1.347,        0.0,     2146.1,        0.0,     45.866,      0.000,      61079,     102412,    434.797,    -23.065,       0.00,       0.00,     120.83,       0.00,   -258.467
-232,     384.19,      60716,     237.56,       0.00,     237.56,       2.01,      -0.00,       0.00,     384.19,      359.9,      359.9,     -0.000,      0.029,      1.347,        0.0,     2138.9,        0.0,     45.485,      0.000,      61199,     103425,    434.797,    -23.204,       0.00,       0.00,     120.83,       0.00,   -258.438
-231,     386.46,      60845,     239.55,       0.00,     239.55,       1.99,      -0.00,       0.00,     386.46,      359.7,      359.7,     -0.000,      0.029,      1.347,        0.0,     2131.1,        0.0,     45.103,      0.000,      61320,     104563,    434.797,    -23.341,       0.00,       0.00,     120.83,       0.00,   -258.409
-230,     388.70,      60974,     241.51,       0.00,     241.51,       1.96,      -0.00,       0.00,     388.70,      359.5,      359.5,     -0.000,      0.029,      1.347,        0.0,     2123.2,        0.0,     44.721,      0.000,      61442,     105819,    434.797,    -23.476,       0.00,       0.00,     120.83,       0.00,   -258.380
-229,     390.89,      61105,     243.46,       0.00,     243.46,       1.94,      -0.00,       0.00,     390.89,      359.3,      359.3,     -0.000,      0.030,      1.347,        0.0,     2114.8,        0.0,     44.340,      0.000,      61565,     107181,    434.797,    -23.609,       0.00,       0.00,     120.83,       0.00,   -258.350
-228,     393.04,      61237,     245.38,       0.00,     245.38,       1.92,      -0.00,       0.00,     393.04,      359.1,      359.1,     -0.000,      0.030,      1.347,        0.0,     2106.1,        0.0,     43.959,      0.000,      61690,     108639,    434.797,    -23.739,       0.00,       0.00,     120.83,       0.00,   -258.320
-227,     395.14,      61371,     247.28,       0.00,     247.28,       1.90,      -0.00,       0.00,     395.14,      359.0,      359.0,     -0.000,      0.030,      1.347,        0.0,     2097.5,        0.0,     43.578,      0.000,      61816,     110178,    434.797,    -23.867,       0.00,       0.00,     120.83,       0.00,   -258.290
-226,     397.21,      61506,     249.15,       0.00,     249.15,       1.88,      -0.00,       0.00,     397.21,      358.8,      358.8,     -0.000,      0.030,      1.347,        0.0,     2087.6,        0.0,     43.197,      0.000,      61944,     111782,    434.797,    -23.993,       0.00,       0.00,     120.83,       0.00,   -258.260
-225,     399.23,      61642,     251.01,       0.00,     251.01,       1.85,      -0.00,       0.00,     399.23,      358.7,      358.7,     -0.000,      0.030,      1.347,        0.0,     2077.5,        0.0,     42.817,      0.000,      62073,     113431,    434.797,    -24.116,       0.00,       0.00,     120.83,       0.00,   -258.229
-224,     401.21,      61779,     252.84,       0.00,     252.84,       1.83,      -0.00,       0.00,     401.21,      358.6,      358.6,     -0.000,      0.031,      1.347,        0.0,     2067.5,        0.0,     42.437,      0.000,      62203,     115105,    434.797,    -24.237,       0.00,       0.00,     120.83,       0.00,   -258.199
-223,     403.15,      61918,     254.65,       0.00,     254.65,       1.81,      -0.00,       0.00,     403.15,      358.4,      358.4,     -0.000,      0.031,      1.347,        0.0,     2056.0,        0.0,     42.054,      0.000,      62335,     116786,    434.797,    -24.356,       0.00,       0.00,     120.83,       0.00,   -258.168
-222,     405.04,      62057,     256.43,       0.00,     256.43,       1.78,      -0.00,       0.00,     405.04,      358.3,      358.3,     -0.000,      0.031,      1.347,        0.0,     2044.2,        0.0,     41.673,      0.000,      62468,     118453,    434.797,    -24.472,       0.00,       0.00,     120.83,       0.00,   -258.137
-221,     406.89,      62198,     258.19,       0.00,     258.19,       1.76,      -0.00,       0.00,     406.89,      358.2,      358.2,     -0.000,      0.031,      1.347,        0.0,     2032.3,        0.0,     41.290,      0.000,      62601,     120092,    434.797,    -24.586,       0.00,       0.00,     120.83,       0.00,   -258.105
-220,     408.70,      62340,     259.93,       0.00,     259.93,       1.74,      -0.00,       0.00,     408.70,      358.2,      358.2,     -0.000,      0.032,      1.347,        0.0,     2019.7,        0.0,     40.905,      0.000,      62736,     121687,    434.797,    -24.697,       0.00,       0.00,     120.83,       0.00,   -258.074
-219,     410.47,      62483,     261.64,       0.00,     261.64,       1.71,      -0.00,       0.00,     410.47,      358.1,      358.1,     -0.000,      0.032,      1.347,        0.0,     2007.2,        0.0,     40.516,      0.000,      62873,     123226,    434.797,    -24.806,       0.00,       0.00,     120.83,       0.00,   -258.042
-218,     412.19,      62627,     263.32,       0.00,     263.32,       1.69,      -0.00,       0.00,     412.19,      358.0,      358.0,     -0.000,      0.032,      1.347,        0.0,     1994.1,        0.0,     40.121,      0.000,      63010,     124699,    434.797,    -24.912,       0.00,       0.00,     120.83,       0.00,   -258.010
-217,     413.86,      62773,     264.98,       0.00,     264.98,       1.66,      -0.00,       0.00,     413.86,      358.0,      358.0,     -0.000,      0.032,      1.347,        0.0,     1980.0,        0.0,     39.720,      0.000,      63148,     126098,    434.797,    -25.016,       0.00,       0.00,     120.83,       0.00,   -257.978
-216,     415.50,      62919,     266.61,       0.00,     266.61,       1.63,      -0.00,       0.00,     415.50,      357.9,      357.9,     -0.000,      0.032,      1.347,        0.0,     1965.8,        0.0,     39.313,      0.000,      63287,     127417,    434.797,    -25.118,       0.00,       0.00,     120.83,       0.00,   -257.946
-215,     417.08,      63066,     268.22,       0.00,     268.22,       1.61,      -0.00,       0.00,     417.08,      357.9,      357.9,     -0.000,      0.032,      1.347,        0.0,     1950.9,        0.0,     38.900,      0.000,      63426,     128655,    434.797,    -25.216,       0.00,       0.00,     120.83,       0.00,   -257.913
-214,     418.63,      63213,     269.80,       0.00,     269.80,       1.58,      -0.00,       0.00,     418.63,      357.9,      357.9,     -0.000,      0.033,      1.347,        0.0,     1935.1,        0.0,     38.483,      0.000,      63567,     129809,    434.797,    -25.313,       0.00,       0.00,     120.83,       0.00,   -257.881
-213,     420.13,      63362,     271.35,       0.00,     271.35,       1.55,      -0.00,       0.00,     420.13,      357.9,      357.9,     -0.000,      0.033,      1.347,        0.0,     1919.4,        0.0,     38.066,      0.000,      63708,     130877,    434.797,    -25.406,       0.00,       0.00,     120.83,       0.00,   -257.848
-212,     421.59,      63511,     272.88,       0.00,     272.88,       1.52,      -0.00,       0.00,     421.59,      357.8,      357.8,     -0.000,      0.033,      1.347,        0.0,     1902.6,        0.0,     37.654,      0.000,      63850,     131862,    434.797,    -25.497,       0.00,       0.00,     120.83,       0.00,   -257.815
-211,     423.00,      63660,     274.37,       0.00,     274.37,       1.50,      -0.00,       0.00,     423.00,      357.8,      357.8,     -0.000,      0.033,      1.347,        0.0,     1885.3,        0.0,     37.256,      0.000,      63993,     132763,    434.797,    -25.586,       0.00,       0.00,     120.83,       0.00,   -257.782
-210,     424.37,      63811,     275.84,       0.00,     275.84,       1.47,      -0.00,       0.00,     424.37,      357.9,      357.9,     -0.000,      0.033,      1.347,        0.0,     1868.0,        0.0,     36.883,      0.000,      64138,     133582,    434.797,    -25.672,       0.00,       0.00,     120.83,       0.00,   -257.748
-209,     425.69,      63963,     277.29,       0.00,     277.29,       1.45,      -0.00,       0.00,     425.69,      357.9,      357.9,     -0.000,      0.033,      1.347,        0.0,     1849.9,        0.0,     36.549,      0.000,      64284,     134323,    434.797,    -25.755,       0.00,       0.00,     120.83,       0.00,   -257.715
-208,     426.97,      64116,     278.71,       0.00,     278.71,       1.42,      -0.00,       0.00,     426.97,      357.9,      357.9,     -0.000,      0.034,      1.347,        0.0,     1831.9,        0.0,     36.273,      0.000,      64433,     134986,    434.797,    -25.835,       0.00,       0.00,     120.83,       0.00,   -257.681
-207,     428.20,      64272,     280.11,       0.00,     280.11,       1.40,      -0.00,       0.00,     428.20,      357.9,      357.9,     -0.000,      0.034,      1.347,        0.0,     1813.6,        0.0,     36.075,      0.000,      64585,     135575,    434.797,    -25.913,       0.00,       0.00,     120.83,       0.00,   -257.647
-206,     429.39,      64431,     281.50,       0.00,     281.50,       1.39,      -0.00,       0.00,     429.39,      358.0,      358.0,     -0.000,      0.034,      1.347,        0.0,     1793.9,        0.0,     35.977,      0.000,      64743,     136092,    434.797,    -25.989,       0.00,       0.00,     120.83,       0.00,   -257.613
-205,     430.54,      64593,     282.87,       0.00,     282.87,       1.37,      -0.00,       0.00,     430.54,      358.0,      358.0,     -0.000,      0.034,      1.347,        0.0,     1774.3,        0.0,     36.007,      0.000,      64907,     136542,    434.797,    -26.061,       0.00,       0.00,     120.83,       0.00,   -257.579
-204,     431.64,      64761,     284.24,       0.00,     284.24,       1.37,      -0.00,       0.00,     431.64,      358.1,      358.1,     -0.000,      0.034,      1.347,        0.0,     1754.1,        0.0,     36.192,      0.000,      65078,     136926,    434.797,    -26.131,       0.00,       0.00,     120.83,       0.00,   -257.545
-203,     432.69,      64935,     285.61,       0.00,     285.61,       1.37,      -0.00,       0.00,     432.69,      358.2,      358.2,     -0.000,      0.034,      1.347,        0.0,     1732.8,        0.0,     36.560,      0.000,      65260,     137248,    434.797,    -26.198,       0.00,       0.00,     120.83,       0.00,   -257.511
-202,     433.70,      65118,     286.99,       0.00,     286.99,       1.38,      -0.00,       0.00,     433.70,      358.2,      358.2,     -0.000,      0.034,      1.347,        0.0,     1711.6,        0.0,     37.139,      0.000,      65454,     137511,    434.797,    -26.262,       0.00,       0.00,     120.83,       0.00,   -257.477
-201,     434.67,      65311,     288.38,       0.00,     288.38,       1.39,      -0.00,       0.00,     434.67,      358.3,      358.3,     -0.000,      0.035,      1.347,        0.0,     1689.9,        0.0,     37.955,      0.000,      65663,     137718,    434.797,    -26.324,       0.00,       0.00,     120.83,       0.00,   -257.442
-200,     435.59,      65516,     289.80,       0.00,     289.80,       1.42,      -0.00,       0.00,     435.59,      358.5,      358.5,     -0.000,      0.035,      1.347,        0.0,     1667.9,        0.0,     39.030,      0.000,      65890,     137872,    434.797,    -26.383,       0.00,       0.00,     120.83,       0.00,   -257.407
-199,     436.47,      65735,     291.25,       0.00,     291.25,       1.45,      -0.00,       0.00,     436.47,      358.6,      358.6,     -0.000,      0.035,      1.347,        0.0,     1645.9,        0.0,     40.381,      0.000,      66137,     137977,    434.797,    -26.439,       0.00,       0.00,     120.83,       0.00,   -257.373
-198,     437.30,      65971,     292.74,       0.00,     292.74,       1.49,      -0.00,       0.00,     437.30,      358.7,      358.7,     -0.000,      0.035,      1.347,        0.0,     1624.3,        0.0,     42.017,      0.000,      66409,     138036,    434.797,    -26.492,       0.00,       0.00,     120.83,       0.00,   -257.338
-197,     438.08,      66226,     294.29,       0.00,     294.29,       1.55,      -0.00,       0.00,     438.08,      358.9,      358.9,     -0.000,      0.035,      1.347,        0.0,     1602.9,        0.0,     43.937,      0.000,      66708,     138052,    434.797,    -26.543,       0.00,       0.00,     120.83,       0.00,   -257.303
-196,     438.83,      66503,     295.89,       0.00,     295.89,       1.61,      -0.00,       0.00,     438.83,      359.1,      359.1,     -0.000,      0.035,      1.347,        0.0,     1581.4,        0.0,     46.129,      0.000,      67037,     138028,    434.797,    -26.591,       0.00,       0.00,     120.83,       0.00,   -257.268
-195,     439.52,      66803,     297.57,       0.00,     297.57,       1.67,      -0.00,       0.00,     439.52,      359.3,      359.3,     -0.000,      0.035,      1.347,        0.0,     1558.0,        0.0,     48.569,      0.000,      67401,     137968,    434.797,    -26.636,       0.00,       0.00,     120.83,       0.00,   -257.232
-194,     440.17,      67128,     299.31,       0.00,     299.31,       1.75,      -0.00,       0.00,     440.17,      359.5,      359.5,     -0.000,      0.035,      1.347,        0.0,     1533.6,        0.0,     51.251,      0.000,      67792,     137876,    434.797,    -26.678,       0.00,       0.00,     120.83,       0.00,   -257.197
-193,     440.78,      67479,     301.13,       0.00,     301.13,       1.82,      -0.00,       0.00,     440.78,      359.7,      359.7,     -0.000,      0.035,      1.347,        0.0,     1509.2,        0.0,     54.159,      0.000,      68218,     137754,    434.797,    -26.718,       0.00,       0.00,     120.83,       0.00,   -257.162
-192,     441.34,      67859,     303.03,       0.00,     303.03,       1.90,      -0.00,       0.00,     441.34,      360.0,      360.0,     -0.000,      0.036,      1.347,        0.0,     1483.4,        0.0,     57.151,      0.000,      68679,     137608,    434.797,    -26.754,       0.00,       0.00,     120.83,       0.00,   -257.126
-191,     441.86,      68266,     305.01,       0.00,     305.01,       1.98,      -0.00,       0.00,     441.86,      360.3,      360.3,     -0.000,      0.036,      1.347,        0.0,     1457.5,        0.0,     60.225,      0.000,      69174,     137440,    434.797,    -26.788,       0.00,       0.00,     120.83,       0.00,   -257.090
-190,     442.33,      68700,     307.06,       0.00,     307.06,       2.05,      -0.00,       0.00,     442.33,      360.6,      360.6,     -0.000,      0.036,      1.347,        0.0,     1431.6,        0.0,     63.323,      0.000,      69702,     137253,    434.797,    -26.819,       0.00,       0.00,     120.83,       0.00,   -257.054
-189,     442.76,      69162,     309.19,       0.00,     309.19,       2.13,      -0.00,       0.00,     442.76,      360.9,      360.9,     -0.000,      0.036,      1.347,        0.0,     1406.5,        0.0,     66.397,      0.000,      70261,     137053,    434.797,    -26.847,       0.00,       0.00,     120.83,       0.00,   -257.018
-188,     443.14,      69652,     311.39,       0.00,     311.39,       2.20,      -0.00,       0.00,     443.14,      361.2,      361.2,     -0.000,      0.036,      1.347,        0.0,     1381.3,        0.0,     69.390,      0.000,      70849,     136842,    434.797,    -26.872,       0.00,       0.00,     120.83,       0.00,   -256.982
-187,     443.48,      70167,     313.64,       0.00,     313.64,       2.26,      -0.00,       0.00,     443.48,      361.6,      361.6,     -0.000,      0.036,      1.347,        0.0,     1355.9,        0.0,     72.257,      0.000,      71461,     136624,    434.797,    -26.894,       0.00,       0.00,     120.83,       0.00,   -256.946
-186,     443.77,      70706,     315.96,       0.00,     315.96,       2.31,      -0.00,       0.00,     443.77,      361.9,      361.9,     -0.000,      0.036,      1.347,        0.0,     1329.9,        0.0,     74.961,      0.000,      72094,     136402,    434.797,    -26.913,       0.00,       0.00,     120.83,       0.00,   -256.910
-185,     444.02,      71269,     318.32,       0.00,     318.32,       2.36,      -0.00,       0.00,     444.02,      362.3,      362.3,     -0.000,      0.036,      1.347,        0.0,     1304.0,        0.0,     77.478,      0.000,      72745,     136180,    434.797,    -26.929,       0.00,       0.00,     120.83,       0.00,   -256.873
-184,     444.22,      71852,     320.71,       0.00,     320.71,       2.40,      -0.00,       0.00,     444.22,      362.7,      362.7,     -0.000,      0.037,      1.347,        0.0,     1278.1,        0.0,     79.791,      0.000,      73410,     135961,    434.797,    -26.942,       0.00,       0.00,     120.83,       0.00,   -256.837
-183,     444.38,      72453,     323.14,       0.00,     323.14,       2.43,      -0.00,       0.00,     444.38,      363.1,      363.1,     -0.000,      0.037,      1.347,        0.0,     1252.1,        0.0,     81.893,      0.000,      74085,     135748,    434.797,    -26.952,       0.00,       0.00,     120.83,       0.00,   -256.800
-182,     444.49,      73072,     325.59,       0.00,     325.59,       2.45,      -0.00,       0.00,     444.49,      363.5,      363.5,     -0.000,      0.037,      1.347,        0.0,     1226.2,        0.0,     84.011,      0.000,      74700,     135545,    434.797,    -26.958,       0.00,       0.00,     120.83,       0.00,   -256.763
-181,     444.56,      73707,     328.06,       0.00,     328.06,       2.47,      -0.00,       0.00,     444.56,      364.0,      364.0,     -0.000,      0.037,      1.346,        0.0,     1200.2,        0.0,     85.950,      0.000,      75313,     135354,    434.797,    -26.962,       0.00,       0.00,     120.83,       0.00,   -256.726
-180,     444.58,      74356,     330.54,       0.00,     330.54,       2.48,      -0.00,       0.00,     444.58,      364.4,      364.4,     -0.000,      0.037,      1.346,        0.0,     1174.3,        0.0,     87.701,      0.000,      75928,     135178,    434.797,    -26.962,       0.00,       0.00,     120.83,       0.00,   -256.689
-179,     444.56,      75019,     333.02,       0.00,     333.02,       2.48,      -0.00,       0.00,     444.56,      364.9,      364.9,     -0.000,      0.037,      1.346,        0.0,     1148.3,        0.0,     89.274,      0.000,      76544,     135019,    434.797,    -26.958,       0.00,       0.00,     120.83,       0.00,   -256.652
-178,     444.49,      75692,     335.50,       0.00,     335.50,       2.48,      -0.00,       0.00,     444.49,      365.3,      365.3,     -0.000,      0.037,      1.346,        0.0,     1123.1,        0.0,     90.671,      0.000,      77164,     134880,    434.797,    -26.951,       0.00,       0.00,     120.83,       0.00,   -256.615
-177,     444.38,      76376,     337.97,       0.00,     337.97,       2.47,      -0.00,       0.00,     444.38,      365.8,      365.8,     -0.000,      0.037,      1.346,        0.0,     1098.0,        0.0,     91.912,      0.000,      77786,     134763,    434.797,    -26.941,       0.00,       0.00,     120.83,       0.00,   -256.578
-176,     444.22,      77070,     340.43,       0.00,     340.43,       2.46,      -0.00,       0.00,     444.22,      366.2,      366.2,     -0.000,      0.037,      1.346,        0.0,     1072.7,        0.0,     93.002,      0.000,      78409,     134669,    434.797,    -26.927,       0.00,       0.00,     120.83,       0.00,   -256.540
-175,     444.02,      77770,     342.87,       0.00,     342.87,       2.44,      -0.00,       0.00,     444.02,      366.7,      366.7,     -0.000,      0.038,      1.346,        0.0,     1046.7,        0.0,     93.988,      0.000,      79031,     134601,    434.797,    -26.910,       0.00,       0.00,     120.83,       0.00,   -256.503
-174,     443.77,      78478,     345.28,       0.00,     345.28,       2.41,      -0.00,       0.00,     443.77,      367.2,      367.2,     -0.000,      0.038,      1.346,        0.0,     1020.8,        0.0,     94.845,      0.000,      79654,     134559,    434.797,    -26.889,       0.00,       0.00,     120.83,       0.00,   -256.465
-173,     443.48,      79191,     347.70,       0.00,     347.70,       2.43,      -0.00,       0.00,     443.48,      367.6,      367.6,     -0.000,      0.038,      1.346,        0.0,      994.9,        0.0,     94.741,      0.000,      80562,     134545,    434.797,    -26.864,       0.00,       0.00,     120.83,       0.00,   -256.427
-172,     443.14,      79920,     350.14,       0.00,     350.14,       2.44,      -0.00,       0.00,     443.14,      368.1,      368.1,     -0.000,      0.038,      1.346,        0.0,      968.9,        0.0,     94.379,      0.000,      81506,     134559,    434.797,    -26.835,       0.00,       0.00,     120.83,       0.00,   -256.389
-171,     442.76,      80665,     352.59,       0.00,     352.59,       2.45,      -0.00,       0.00,     442.76,      368.6,      368.6,     -0.000,      0.038,      1.346,        0.0,      943.0,        0.0,     93.903,      0.000,      82480,     134603,    434.797,    -26.802,       0.00,       0.00,     120.83,       0.00,   -256.352
-170,     442.33,      81424,     355.03,       0.00,     355.03,       2.44,      -0.00,       0.00,     442.33,      369.1,      369.1,     -0.000,      0.038,      1.346,        0.0,      918.4,        0.0,     92.989,      0.000,      83574,     134677,    434.797,    -26.766,       0.00,       0.00,     120.83,       0.00,   -256.314
-169,     441.86,      82196,     357.47,       0.00,     357.47,       2.44,      -0.00,       0.00,     441.86,      369.6,      369.6,     -0.000,      0.038,      1.346,        0.0,      894.8,        0.0,     91.964,      0.000,      84682,     134780,    434.797,    -26.725,       0.00,       0.00,     120.83,       0.00,   -256.276
-168,     441.34,      82981,     359.91,       0.00,     359.91,       2.43,      -0.00,       0.00,     441.34,      370.2,      370.2,     -0.000,      0.038,      1.346,        0.0,      871.2,        0.0,     90.855,      0.000,      85818,     134913,    434.797,    -26.680,       0.00,       0.00,     120.83,       0.00,   -256.237
-167,     440.78,      83778,     362.33,       0.00,     362.33,       2.42,      -0.00,       0.00,     440.78,      370.7,      370.7,     -0.000,      0.038,      1.345,        0.0,      846.4,        0.0,     89.545,      0.000,      86994,     135075,    434.797,    -26.631,       0.00,       0.00,     120.83,       0.00,   -256.199
-166,     440.17,      84587,     364.74,       0.00,     364.74,       2.41,      -0.00,       0.00,     440.17,      371.2,      371.2,     -0.000,      0.038,      1.345,        0.0,      820.5,        0.0,     88.084,      0.000,      88215,     135266,    434.797,    -26.578,       0.00,       0.00,     120.83,       0.00,   -256.161
-165,     439.52,      85406,     367.12,       0.00,     367.12,       2.39,      -0.00,       0.00,     439.52,      371.8,      371.8,     -0.000,      0.038,      1.345,        0.0,      794.5,        0.0,     86.518,      0.000,      89461,     135484,    434.797,    -26.520,       0.00,       0.00,     120.83,       0.00,   -256.123
-164,     438.83,      86235,     369.49,       0.00,     369.49,       2.37,      -0.00,       0.00,     438.83,      372.3,      372.3,     -0.000,      0.038,      1.345,        0.0,      769.2,        0.0,     84.886,      0.000,      90721,     135729,    434.797,    -26.458,       0.00,       0.00,     120.83,       0.00,   -256.085
-163,     438.08,      87074,     371.83,       0.00,     371.83,       2.34,      -0.00,       0.00,     438.08,      372.9,      372.9,     -0.000,      0.038,      1.345,        0.0,      744.0,        0.0,     83.169,      0.000,      92001,     135998,    434.797,    -26.392,       0.00,       0.00,     120.83,       0.00,   -256.046
-162,     437.30,      87922,     374.15,       0.00,     374.15,       2.31,      -0.00,       0.00,     437.30,      373.4,      373.4,     -0.000,      0.038,      1.345,        0.0,      718.8,        0.0,     81.351,      0.000,      93300,     136291,    434.797,    -26.321,       0.00,       0.00,     120.83,       0.00,   -256.008
-161,     436.47,      88780,     376.43,       0.00,     376.43,       2.28,      -0.00,       0.00,     436.47,      374.0,      374.0,     -0.000,      0.038,      1.345,        0.0,      692.9,        0.0,     79.430,      0.000,      94639,     136605,    434.797,    -26.245,       0.00,       0.00,     120.83,       0.00,   -255.970
-160,     435.59,      89646,     378.68,       0.00,     378.68,       2.25,      -0.00,       0.00,     435.59,      374.5,      374.5,     -0.000,      0.038,      1.345,        0.0,      667.0,        0.0,     77.420,      0.000,      96000,     136938,    434.797,    -26.164,       0.00,       0.00,     120.83,       0.00,   -255.931
-159,     434.67,      90520,     380.89,       0.00,     380.89,       2.21,      -0.00,       0.00,     434.67,      375.1,      375.1,     -0.000,      0.038,      1.345,        0.0,      641.1,        0.0,     75.344,      0.000,      97386,     137287,    434.797,    -26.079,       0.00,       0.00,     120.83,       0.00,   -255.893
-158,     433.70,      91401,     383.05,       0.00,     383.05,       2.17,      -0.00,       0.00,     433.70,      375.7,      375.7,     -0.000,      0.038,      1.345,        0.0,      615.1,        0.0,     73.211,      0.000,      98790,     137649,    434.797,    -25.989,       0.00,       0.00,     120.83,       0.00,   -255.854
-157,     432.69,      92290,     385.18,       0.00,     385.18,       2.13,      -0.00,       0.00,     432.69,      376.3,      376.3,     -0.000,      0.038,      1.345,        0.0,      589.2,        0.0,     71.006,      0.000,     100220,     138021,    434.797,    -25.893,       0.00,       0.00,     120.83,       0.00,   -255.816
-156,     431.64,      93185,     387.26,       0.00,     387.26,       2.08,      -0.00,       0.00,     431.64,      376.9,      376.9,     -0.000,      0.038,      1.345,        0.0,      563.5,        0.0,     68.747,      0.000,     101670,     138399,    434.797,    -25.793,       0.00,       0.00,     120.83,       0.00,   -255.778
-155,     430.54,      94088,     389.29,       0.00,     389.29,       2.03,      -0.00,       0.00,     430.54,      377.5,      377.5,     -0.000,      0.038,      1.344,        0.0,      538.3,        0.0,     66.448,      0.000,     103130,     138780,    434.797,    -25.687,       0.00,       0.00,     120.83,       0.00,   -255.739
-154,     429.39,      94996,     391.27,       0.00,     391.27,       1.98,      -0.00,       0.00,     429.39,      378.1,      378.1,     -0.000,      0.038,      1.344,        0.0,      513.2,        0.0,     64.086,      0.000,     104618,     139160,    434.797,    -25.576,       0.00,       0.00,     120.83,       0.00,   -255.701
-153,     428.20,      95911,     393.19,       0.00,     393.19,       1.92,      -0.00,       0.00,     428.20,      378.7,      378.7,     -0.000,      0.038,      1.344,        0.0,      488.0,        0.0,     61.661,      0.000,     106132,     139535,    434.797,    -25.460,       0.00,       0.00,     120.83,       0.00,   -255.663
-152,     426.97,      96830,     395.05,       0.00,     395.05,       1.86,      -0.00,       0.00,     426.97,      379.4,      379.4,     -0.000,      0.038,      1.344,        0.0,      462.9,        0.0,     59.163,      0.000,     107672,     139900,    434.797,    -25.338,       0.00,       0.00,     120.83,       0.00,   -255.625
-151,     425.69,      97755,     396.85,       0.00,     396.85,       1.80,      -0.00,       0.00,     425.69,      380.0,      380.0,     -0.000,      0.038,      1.344,        0.0,      437.7,        0.0,     56.610,      0.000,     109244,     140250,    434.797,    -25.211,       0.00,       0.00,     120.83,       0.00,   -255.587
-150,     424.37,      98684,     398.59,       0.00,     398.59,       1.74,      -0.00,       0.00,     424.37,      380.6,      380.6,     -0.000,      0.038,      1.344,        0.0,      412.6,        0.0,     53.994,      0.000,     110848,     140580,    434.797,    -25.078,       0.00,       0.00,     120.83,       0.00,   -255.549
-149,     423.00,      99617,     400.26,       0.00,     400.26,       1.67,      -0.00,       0.00,     423.00,      381.3,      381.3,     -0.000,      0.038,      1.344,        0.0,      387.4,        0.0,     51.311,      0.000,     112484,     140885,    434.797,    -24.940,       0.00,       0.00,     120.83,       0.00,   -255.511
-148,     421.59,     100554,     401.85,       0.00,     401.85,       1.60,      -0.00,       0.00,     421.59,      382.0,      382.0,     -0.000,      0.038,      1.344,        0.0,      362.2,        0.0,     48.564,      0.000,     114155,     141161,    434.797,    -24.796,       0.00,       0.00,     120.83,       0.00,   -255.473
-147,     420.13,     101493,     403.37,       0.00,     403.37,       1.52,      -0.00,       0.00,     420.13,      382.6,      382.6,     -0.000,      0.038,      1.344,        0.0,      337.1,        0.0,     45.749,      0.000,     115863,     141401,    434.797,    -24.646,       0.00,       0.00,     120.83,       0.00,   -255.435
-146,     418.63,     102434,     404.81,       0.00,     404.81,       1.44,      -0.00,       0.00,     418.63,      383.3,      383.3,     -0.000,      0.038,      1.344,        0.0,      311.9,        0.0,     42.873,      0.000,     117607,     141601,    434.797,    -24.490,       0.00,       0.00,     120.83,       0.00,   -255.397
-145,     417.08,     103377,     406.17,       0.00,     406.17,       1.36,      -0.00,       0.00,     417.08,      384.0,      384.0,     -0.000,      0.038,      1.344,        0.0,      287.4,        0.0,     39.994,      0.000,     119361,     141757,    434.797,    -24.328,       0.00,       0.00,     120.83,       0.00,   -255.360
-144,     415.50,     104320,     407.45,       0.00,     407.45,       1.28,      -0.00,       0.00,     415.50,      384.7,      384.7,     -0.000,      0.037,      1.343,        0.0,      265.4,        0.0,     37.313,      0.000,     121029,     141862,    434.797,    -24.160,       0.00,       0.00,     120.83,       0.00,   -255.322
-143,     413.86,     105267,     408.64,       0.00,     408.64,       1.20,      -0.00,       0.00,     413.86,      385.4,      385.4,     -0.000,      0.037,      1.343,        0.0,      243.4,        0.0,     34.579,      0.000,     122728,     141912,    434.797,    -23.986,       0.00,       0.00,     120.83,       0.00,   -255.285
-142,     412.19,     106215,     409.76,       0.00,     409.76,       1.12,      -0.00,       0.00,     412.19,      386.1,      386.1,     -0.000,      0.037,      1.343,        0.0,      223.0,        0.0,     31.983,      0.000,     124369,     141904,    434.797,    -23.805,       0.00,       0.00,     120.83,       0.00,   -255.248
-141,     410.47,     107167,     410.80,       0.00,     410.80,       1.04,      -0.00,       0.00,     410.47,      386.8,      386.8,     -0.000,      0.037,      1.343,        0.0,      205.2,        0.0,     29.625,      0.000,     125899,     141834,    434.797,    -23.618,       0.00,       0.00,     120.83,       0.00,   -255.211
-140,     408.70,     108124,     411.77,       0.00,     411.77,       0.97,      -0.00,       0.00,     408.70,      387.6,      387.6,     -0.000,      0.037,      1.343,        0.0,      187.3,        0.0,     27.235,      0.000,     127446,     141699,    434.797,    -23.425,       0.00,       0.00,     120.83,       0.00,   -255.174
-139,     406.89,     109085,     412.66,       0.00,     412.66,       0.89,      -0.00,       0.00,     406.89,      388.3,      388.3,     -0.000,      0.037,      1.343,        0.0,      169.9,        0.0,     24.869,      0.000,     128986,     141495,    434.797,    -23.226,       0.00,       0.00,     120.83,       0.00,   -255.138
-138,     405.04,     110051,     413.48,       0.00,     413.48,       0.82,      -0.00,       0.00,     405.04,      389.1,      389.1,     -0.000,      0.036,      1.343,        0.0,      153.4,        0.0,     22.586,      0.000,     130490,     141221,    434.797,    -23.020,       0.00,       0.00,     120.83,       0.00,   -255.102
-137,     403.15,     111023,     414.22,       0.00,     414.22,       0.74,      -0.00,       0.00,     403.15,      389.9,      389.9,     -0.000,      0.036,      1.343,        0.0,      136.9,        0.0,     20.275,      0.000,     132007,     140876,    434.797,    -22.807,       0.00,       0.00,     120.83,       0.00,   -255.065
-136,     401.21,     112001,     414.89,       0.00,     414.89,       0.67,      -0.00,       0.00,     401.21,      390.7,      390.7,     -0.000,      0.036,      1.343,        0.0,      122.5,        0.0,     18.219,      0.000,     133399,     140459,    434.797,    -22.588,       0.00,       0.00,     120.83,       0.00,   -255.030
-135,     399.23,     112986,     415.49,       0.00,     415.49,       0.61,      -0.00,       0.00,     399.23,      391.5,      391.5,     -0.000,      0.036,      1.342,        0.0,      109.9,        0.0,     16.382,      0.000,     134677,     139972,    434.797,    -22.362,       0.00,       0.00,     120.83,       0.00,   -254.994
-134,     397.21,     113982,     416.03,       0.00,     416.03,       0.54,      -0.00,       0.00,     397.21,      392.3,      392.3,     -0.000,      0.035,      1.342,        0.0,       97.4,        0.0,     14.536,      0.000,     135962,     139415,    434.797,    -22.129,       0.00,       0.00,     120.83,       0.00,   -254.959
-133,     395.14,     114988,     416.52,       0.00,     416.52,       0.49,      -0.00,       0.00,     395.14,      393.1,      393.1,     -0.000,      0.035,      1.342,        0.0,       87.2,        0.0,     13.004,      0.000,     137076,     138790,    434.797,    -21.889,       0.00,       0.00,     120.83,       0.00,   -254.923
-132,     393.04,     116007,     416.96,       0.00,     416.96,       0.44,      -0.00,       0.00,     393.04,      394.0,      394.0,     -0.000,      0.035,      1.342,        0.0,       77.7,        0.0,     11.575,      0.000,     138131,     138101,    434.797,    -21.642,       0.00,       0.00,     120.83,       0.00,   -254.889
-131,     390.89,     117042,     417.34,       0.00,     417.34,       0.38,      -0.00,       0.00,     390.89,      394.9,      394.9,     -0.000,      0.035,      1.342,        0.0,       68.3,        0.0,     10.148,      0.000,     139180,     137350,    434.797,    -21.388,       0.00,       0.00,     120.83,       0.00,   -254.854
-130,     388.70,     118093,     417.69,       0.00,     417.69,       0.35,      -0.00,       0.00,     388.70,      395.8,      395.8,     -0.000,      0.034,      1.342,        0.0,       61.9,        0.0,      9.144,      0.000,     139998,     136543,    434.797,    -21.127,       0.00,       0.00,     120.83,       0.00,   -254.820
-129,     386.46,     119164,     418.00,       0.00,     418.00,       0.31,      -0.00,       0.00,     386.46,      396.7,      396.7,     -0.000,      0.034,      1.342,        0.0,       55.6,        0.0,      8.160,      0.000,     140798,     135681,    434.797,    -20.858,       0.00,       0.00,     120.83,       0.00,   -254.786
-128,     384.19,     120257,     418.28,       0.00,     418.28,       0.28,      -0.00,       0.00,     384.19,      397.6,      397.6,     -0.000,      0.034,      1.342,        0.0,       49.7,        0.0,      7.242,      0.000,     141557,     134771,    434.797,    -20.582,       0.00,       0.00,     120.83,       0.00,   -254.752
-127,     381.87,     121372,     418.53,       0.00,     418.53,       0.25,      -0.00,       0.00,     381.87,      398.5,      398.5,     -0.000,      0.033,      1.341,        0.0,       45.8,        0.0,      6.596,      0.000,     142160,     133822,    434.797,    -20.299,       0.00,       0.00,     120.83,       0.00,   -254.719
-126,     379.52,     122514,     418.76,       0.00,     418.76,       0.23,      -0.00,       0.00,     379.52,      399.5,      399.5,     -0.000,      0.033,      1.341,        0.0,       41.9,        0.0,      5.957,      0.000,     142752,     132838,    434.797,    -20.008,       0.00,       0.00,     120.83,       0.00,   -254.686
-125,     377.12,     123683,     418.97,       0.00,     418.97,       0.21,      -0.00,       0.00,     377.12,      400.5,      400.5,     -0.000,      0.033,      1.341,        0.0,       38.6,        0.0,      5.407,      0.000,     143287,     131827,    434.797,    -19.709,       0.00,       0.00,     120.83,       0.00,   -254.653
-124,     374.69,     124882,     419.16,       0.00,     419.16,       0.19,      -0.00,       0.00,     374.69,      401.5,      401.5,     -0.000,      0.032,      1.341,        0.0,       36.2,        0.0,      4.990,      0.000,     143741,     130794,    434.797,    -19.402,       0.00,       0.00,     120.83,       0.00,   -254.621
-123,     372.21,     126112,     419.34,       0.00,     419.34,       0.18,      -0.00,       0.00,     372.21,      402.5,      402.5,     -0.000,      0.032,      1.341,        0.0,       33.8,        0.0,      4.578,      0.000,     144186,     129747,    434.797,    -19.087,       0.00,       0.00,     120.83,       0.00,   -254.589
-122,     369.69,     127375,     419.50,       0.00,     419.50,       0.16,      -0.00,       0.00,     369.69,      403.6,      403.6,     -0.000,      0.032,      1.341,        0.0,       31.5,        0.0,      4.171,      0.000,     144620,     128685,    434.797,    -18.764,       0.00,       0.00,     120.83,       0.00,   -254.557
-121,     367.14,     128672,     419.65,       0.00,     419.65,       0.15,      -0.00,       0.00,     367.14,      404.7,      404.7,     -0.000,      0.031,      1.340,        0.0,       29.1,        0.0,      3.771,      0.000,     145045,     127623,    434.797,    -18.433,       0.00,       0.00,     120.83,       0.00,   -254.526
-120,     364.55,     130004,     419.78,       0.00,     419.78,       0.13,      -0.00,       0.00,     364.55,      405.8,      405.8,     -0.000,      0.031,      1.340,        0.0,       26.8,        0.0,      3.377,      0.000,     145459,     126567,    434.797,    -18.093,       0.00,       0.00,     120.83,       0.00,   -254.496
-119,     361.91,     131372,     419.90,       0.00,     419.90,       0.12,      -0.00,       0.00,     361.91,      406.9,      406.9,     -0.000,      0.030,      1.340,        0.0,       24.4,        0.0,      2.991,      0.000,     145863,     125521,    434.797,    -17.745,       0.00,       0.00,     120.83,       0.00,   -254.465
-118,     359.24,     132778,     420.00,       0.00,     420.00,       0.10,      -0.00,       0.00,     359.24,      408.0,      408.0,     -0.000,      0.030,      1.340,        0.0,       22.1,        0.0,      2.615,      0.000,     146256,     124490,    434.797,    -17.388,       0.00,       0.00,     120.83,       0.00,   -254.435
-117,     356.54,     134222,     420.09,       0.00,     420.09,       0.09,      -0.00,       0.00,     356.54,      409.2,      409.2,     -0.000,      0.030,      1.340,        0.0,       19.7,        0.0,      2.249,      0.000,     146639,     123478,    434.797,    -17.022,       0.00,       0.00,     120.83,       0.00,   -254.406
-116,     353.79,     135707,     420.16,       0.00,     420.16,       0.07,      -0.00,       0.00,     353.79,      410.4,      410.4,     -0.000,      0.029,      1.340,        0.0,       17.3,        0.0,      1.896,      0.000,     147009,     122491,    434.797,    -16.648,       0.00,       0.00,     120.83,       0.00,   -254.377
-115,     351.01,     137233,     420.22,       0.00,     420.22,       0.06,      -0.00,       0.00,     351.01,      411.6,      411.6,     -0.000,      0.029,      1.339,        0.0,       15.0,        0.0,      1.557,      0.000,     147366,     121532,    434.797,    -16.264,       0.00,       0.00,     120.83,       0.00,   -254.348
-114,     348.20,     138803,     420.27,       0.00,     420.27,       0.05,      -0.00,       0.00,     348.20,      412.8,      412.8,     -0.000,      0.028,      1.339,        0.0,       12.8,        0.0,      1.255,      0.000,     147698,     120605,    434.797,    -15.870,       0.00,       0.00,     120.83,       0.00,   -254.320
-113,     345.35,     140418,     420.31,       0.00,     420.31,       0.04,      -0.00,       0.00,     345.35,      414.1,      414.1,     -0.000,      0.028,      1.339,        0.0,       11.4,        0.0,      1.033,      0.000,     147980,     119713,    434.797,    -15.467,       0.00,       0.00,     120.83,       0.00,   -254.292
-112,     342.46,     142081,     420.35,       0.00,     420.35,       0.03,      -0.00,       0.00,     342.46,      415.4,      415.4,     -0.000,      0.027,      1.339,        0.0,       10.0,        0.0,      0.820,      0.000,     148252,     118859,    434.797,    -15.055,       0.00,       0.00,     120.83,       0.00,   -254.265
-111,     339.54,     143794,     420.37,       0.00,     420.37,       0.02,      -0.00,       0.00,     339.54,      416.7,      416.7,     -0.000,      0.027,      1.339,        0.0,        8.5,        0.0,      0.616,      0.000,     148514,     118045,    434.797,    -14.632,       0.00,       0.00,     120.83,       0.00,   -254.238
-110,     336.59,     145558,     420.39,       0.00,     420.39,       0.02,      -0.00,       0.00,     336.59,      418.0,      418.0,     -0.000,      0.026,      1.338,        0.0,        7.0,        0.0,      0.416,      0.000,     148768,     117273,    434.797,    -14.200,       0.00,       0.00,     120.83,       0.00,   -254.212
-109,     333.60,     147375,     420.40,       0.00,     420.40,       0.01,      -0.00,       0.00,     333.60,      419.4,      419.4,     -0.000,      0.026,      1.338,        0.0,        5.4,        0.0,      0.231,      0.000,     149009,     116544,    434.797,    -13.757,       0.00,       0.00,     120.83,       0.00,   -254.186
-108,     330.58,     149248,     420.40,       0.00,     420.40,      -0.00,      -0.00,       0.00,     330.58,      420.8,      420.8,     -0.000,      0.025,      1.338,        0.0,        4.1,        0.0,      0.000,      0.000,     149254,     115861,    434.797,    -13.304,       0.00,       0.00,     120.83,       0.00,   -254.161
-107,     327.53,     151178,     420.39,       0.00,     420.39,      -0.00,      -0.00,       0.00,     327.53,      422.2,      422.2,     -0.000,      0.025,      1.338,        0.0,        3.3,        0.0,     -0.128,      0.000,     149452,     115223,    434.797,    -12.840,       0.00,       0.00,     120.83,       0.00,   -254.136
-106,     324.44,     153167,     420.39,       0.00,     420.39,      -0.00,      -0.00,       0.00,     324.44,      423.7,      423.7,     -0.000,      0.024,      1.338,        0.0,        2.5,        0.0,     -0.141,      0.000,     149588,     114632,    434.797,    -12.366,       0.00,       0.00,     120.83,       0.00,   -254.112
-105,     321.33,     155221,     420.38,       0.00,     420.38,      -0.00,      -0.00,       0.00,     321.33,      425.2,      425.2,     -0.000,      0.024,      1.337,        0.0,        1.7,        0.0,     -0.121,      0.000,     149699,     114086,    434.797,    -11.880,       0.00,       0.00,     120.83,       0.00,   -254.089
-104,     318.19,     157341,     420.38,       0.00,     420.38,      -0.00,      -0.00,       0.00,     318.19,      426.7,      426.7,     -0.000,      0.023,      1.337,        0.0,        1.0,        0.0,     -0.077,      0.000,     149790,     113587,    434.797,    -11.383,       0.00,       0.00,     120.83,       0.00,   -254.066
-103,     315.01,     159530,     420.38,       0.00,     420.38,      -0.00,      -0.00,       0.00,     315.01,      428.2,      428.2,     -0.000,      0.022,      1.337,        0.0,        0.2,        0.0,     -0.015,      0.000,     149864,     113135,    434.797,    -10.875,       0.00,       0.00,     120.83,       0.00,   -254.043
-102,     311.81,     161793,     420.38,       0.00,     420.38,      -0.00,      -0.00,       0.00,     311.81,      429.8,      429.8,     -0.000,      0.022,      1.337,        0.0,        0.0,        0.0,      0.000,      0.000,     149957,     112727,    434.797,    -10.355,       0.00,       0.00,     120.83,       0.00,   -254.022
-101,     308.59,     164129,     420.38,       0.00,     420.38,      -0.00,      -0.00,       0.00,     308.59,      431.4,      431.4,     -0.000,      0.021,      1.336,        0.0,        0.0,        0.0,      0.000,      0.000,     150052,     112360,    434.797,     -9.823,       0.00,       0.00,     120.83,       0.00,   -254.001
-100,     305.33,     166970,     422.09,       0.00,     422.09,       0.00,       0.00,       0.00,     305.33,      432.2,      432.2,     -0.000,      0.009,      1.336,        0.0,        0.0,        0.0,      0.000,      0.000,     150192,     112834,     -0.546,      0.000,       0.00,       0.00,     120.83,       0.00,      0.009
-99,     302.05,     169458,     422.09,       0.00,     422.09,       0.00,       0.00,       0.00,     302.05,      433.9,      433.9,     -0.000,      0.009,      1.336,        0.0,        0.0,        0.0,      0.000,      0.000,     150278,     112544,     -1.104,      0.000,       0.00,       0.00,     120.83,       0.00,      0.019
-98,     298.74,     172028,     422.09,       0.00,     422.09,       0.00,       0.00,       0.00,     298.74,      435.6,      435.6,     -0.000,      0.009,      1.336,        0.0,        0.0,        0.0,      0.000,      0.000,     150361,     112292,     -1.674,      0.000,       0.00,       0.00,     120.83,       0.00,      0.028
-97,     295.41,     174686,     422.09,       0.00,     422.09,       0.00,       0.00,       0.00,     295.41,      437.3,      437.3,     -0.000,      0.009,      1.336,        0.0,        0.0,        0.0,      0.000,      0.000,     150439,     112076,     -2.258,      0.000,       0.00,       0.00,     120.83,       0.00,      0.036
-96,     292.06,     177432,     422.09,       0.00,     422.09,       0.00,       0.00,       0.00,     292.06,      439.0,      439.0,     -0.000,      0.008,      1.335,        0.0,        0.0,        0.0,      0.000,      0.000,     150514,     111894,     -2.855,      0.000,       0.00,       0.00,     120.83,       0.00,      0.044
-95,     288.69,     180273,     422.09,       0.00,     422.09,       0.00,       0.00,       0.00,     288.69,      440.8,      440.8,     -0.000,      0.008,      1.335,        0.0,        0.0,        0.0,      0.000,      0.000,     150585,     111744,     -3.465,      0.000,       0.00,       0.00,     120.83,       0.00,      0.052
-94,     285.29,     183210,     422.09,       0.00,     422.09,       0.00,       0.00,       0.00,     285.29,      442.6,      442.6,     -0.000,      0.008,      1.335,        0.0,        0.0,        0.0,      0.000,      0.000,     150652,     111623,     -4.090,      0.000,       0.00,       0.00,     120.83,       0.00,      0.060
-93,     281.87,     186247,     422.09,       0.00,     422.09,       0.00,       0.00,       0.00,     281.87,      444.5,      444.5,     -0.000,      0.007,      1.334,        0.0,        0.0,        0.0,      0.000,      0.000,     150714,     111529,     -4.728,      0.000,       0.00,       0.00,     120.83,       0.00,      0.067
-92,     278.44,     189390,     422.09,       0.00,     422.09,       0.00,       0.00,       0.00,     278.44,      446.4,      446.4,     -0.000,      0.007,      1.334,        0.0,        0.0,        0.0,      0.000,      0.000,     150774,     111459,     -5.380,      0.000,       0.00,       0.00,     120.83,       0.00,      0.074
-91,     274.98,     192641,     422.09,       0.00,     422.09,       0.00,       0.00,       0.00,     274.98,      448.3,      448.3,     -0.000,      0.007,      1.334,        0.0,        0.0,        0.0,      0.000,      0.000,     150829,     111410,     -6.048,      0.000,       0.00,       0.00,     120.83,       0.00,      0.081
-90,     271.51,     196006,     422.09,       0.00,     422.09,       0.00,       0.00,       0.00,     271.51,      450.3,      450.3,     -0.000,      0.006,      1.334,        0.0,        0.0,        0.0,      0.000,      0.000,     150880,     111380,     -6.730,      0.000,       0.00,       0.00,     120.83,       0.00,      0.087
-89,     268.02,     199489,     422.09,       0.00,     422.09,       0.00,       0.00,       0.00,     268.02,      452.3,      452.3,     -0.000,      0.006,      1.333,        0.0,        0.0,        0.0,      0.000,      0.000,     150928,     111364,     -7.427,      0.000,       0.00,       0.00,     120.83,       0.00,      0.093
-88,     264.52,     203094,     422.09,       0.00,     422.09,       0.00,       0.00,       0.00,     264.52,      454.3,      454.3,     -0.000,      0.005,      1.333,        0.0,        0.0,        0.0,      0.000,      0.000,     150971,     111361,     -8.141,      0.000,       0.00,       0.00,     120.83,       0.00,      0.098
-87,     261.00,     206828,     422.09,       0.00,     422.09,       0.00,       0.00,       0.00,     261.00,      456.4,      456.4,     -0.000,      0.005,      1.333,        0.0,        0.0,        0.0,      0.000,      0.000,     151011,     111368,     -8.870,      0.000,       0.00,       0.00,     120.83,       0.00,      0.103
-86,     257.47,     210695,     422.09,       0.00,     422.09,       0.00,       0.00,       0.00,     257.47,      458.5,      458.5,     -0.000,      0.005,      1.332,        0.0,        0.0,        0.0,      0.000,      0.000,     151047,     111382,     -9.615,      0.000,       0.00,       0.00,     120.83,       0.00,      0.108
-85,     253.93,     214700,     422.09,       0.00,     422.09,       0.00,       0.00,       0.00,     253.93,      460.7,      460.7,     -0.000,      0.004,      1.332,        0.0,        0.0,        0.0,      0.000,      0.000,     151079,     111400,    -10.377,      0.000,       0.00,       0.00,     120.83,       0.00,      0.112
-84,     250.37,     218851,     422.09,       0.00,     422.09,       0.00,       0.00,       0.00,     250.37,      462.9,      462.9,     -0.000,      0.004,      1.332,        0.0,        0.0,        0.0,      0.000,      0.000,     151107,     111419,    -11.155,      0.000,       0.00,       0.00,     120.83,       0.00,      0.116
-83,     246.81,     223152,     422.09,       0.00,     422.09,       0.00,       0.00,       0.00,     246.81,      465.2,      465.2,     -0.000,      0.003,      1.331,        0.0,        0.0,        0.0,      0.000,      0.000,     151132,     111438,    -11.952,      0.000,       0.00,       0.00,     120.83,       0.00,      0.119
-82,     243.24,     227610,     422.09,       0.00,     422.09,       0.00,       0.00,       0.00,     243.24,      467.5,      467.5,     -0.000,      0.003,      1.331,        0.0,        0.0,        0.0,      0.000,      0.000,     151153,     111453,    -12.765,      0.000,       0.00,       0.00,     120.83,       0.00,      0.122
-81,     239.66,     232233,     422.09,       0.00,     422.09,       0.00,       0.00,       0.00,     239.66,      469.9,      469.9,     -0.000,      0.002,      1.331,        0.0,        0.0,        0.0,      0.000,      0.000,     151169,     111462,    -13.597,      0.000,       0.00,       0.00,     120.83,       0.00,      0.125
-80,     236.07,     237026,     422.09,       0.00,     422.09,       0.00,       0.00,       0.00,     236.07,      472.3,      472.3,     -0.000,      0.002,      1.330,        0.0,        0.0,        0.0,      0.000,      0.000,     151182,     111464,    -14.448,      0.000,       0.00,       0.00,     120.83,       0.00,      0.127
-79,     232.48,     241999,     422.09,       0.00,     422.09,       0.00,       0.00,       0.00,     232.48,      474.7,      474.7,     -0.000,      0.001,      1.330,        0.0,        0.0,        0.0,      0.000,      0.000,     151192,     111457,    -15.317,      0.000,       0.00,       0.00,     120.83,       0.00,      0.128
-78,     228.89,     247157,     422.09,       0.00,     422.09,       0.00,       0.00,       0.00,     228.89,      477.3,      477.3,     -0.000,      0.001,      1.329,        0.0,        0.0,        0.0,      0.000,      0.000,     151197,     111439,    -16.205,      0.000,       0.00,       0.00,     120.83,       0.00,      0.129
-77,     225.29,     252511,     422.09,       0.00,     422.09,       0.00,       0.00,       0.00,     225.29,      479.8,      479.8,     -0.000,      0.000,      1.329,        0.0,        0.0,        0.0,      0.000,      0.000,     151198,     111408,    -17.113,      0.000,       0.00,       0.00,     120.83,       0.00,      0.129
-76,     221.70,     258067,     422.09,       0.00,     422.09,       0.00,       0.00,       0.00,     221.70,      482.4,      482.4,     -0.000,     -0.000,      1.329,        0.0,        0.0,        0.0,      0.000,      0.000,     151196,     111364,    -18.042,      0.000,       0.00,       0.00,     120.83,       0.00,      0.129
-75,     218.10,     263837,     422.09,       0.00,     422.09,       0.00,       0.00,       0.00,     218.10,      485.1,      485.1,     -0.000,     -0.001,      1.328,        0.0,        0.0,        0.0,      0.000,      0.000,     151190,     111305,    -18.990,      0.000,       0.00,       0.00,     120.83,       0.00,      0.128
-74,     214.51,     269828,     422.09,       0.00,     422.09,       0.00,       0.00,       0.00,     214.51,      487.8,      487.8,     -0.000,     -0.001,      1.328,        0.0,        0.0,        0.0,      0.000,      0.000,     151180,     111232,    -19.960,      0.000,       0.00,       0.00,     120.83,       0.00,      0.127
-73,     210.92,     276051,     422.09,       0.00,     422.09,       0.00,       0.00,       0.00,     210.92,      490.5,      490.5,     -0.000,     -0.002,      1.327,        0.0,        0.0,        0.0,      0.000,      0.000,     151166,     111143,    -20.951,      0.000,       0.00,       0.00,     120.83,       0.00,      0.125
-72,     207.33,     282516,     422.09,       0.00,     422.09,       0.00,       0.00,       0.00,     207.33,      493.4,      493.4,     -0.000,     -0.003,      1.327,        0.0,        0.0,        0.0,      0.000,      0.000,     151148,     111038,    -21.963,      0.000,       0.00,       0.00,     120.83,       0.00,      0.122
-71,     203.75,     289235,     422.09,       0.00,     422.09,       0.00,       0.00,       0.00,     203.75,      496.2,      496.2,     -0.000,     -0.003,      1.327,        0.0,        0.0,        0.0,      0.000,      0.000,     151126,     110918,    -22.998,      0.000,       0.00,       0.00,     120.83,       0.00,      0.119
-70,     200.17,     296218,     422.09,       0.00,     422.09,       0.00,       0.00,       0.00,     200.17,      499.2,      499.2,     -0.000,     -0.004,      1.326,        0.0,        0.0,        0.0,      0.000,      0.000,     151100,     110783,    -24.056,      0.000,       0.00,       0.00,     120.83,       0.00,      0.115
-69,     196.61,     303479,     422.09,       0.00,     422.09,       0.00,       0.00,       0.00,     196.61,      502.1,      502.1,     -0.000,     -0.005,      1.326,        0.0,        0.0,        0.0,      0.000,      0.000,     151070,     110634,    -25.136,      0.000,       0.00,       0.00,     120.83,       0.00,      0.111
-68,     193.05,     311030,     422.09,       0.00,     422.09,       0.00,       0.00,       0.00,     193.05,      505.2,      505.2,     -0.000,     -0.005,      1.325,        0.0,        0.0,        0.0,      0.000,      0.000,     151036,     110471,    -26.241,      0.000,       0.00,       0.00,     120.83,       0.00,      0.106
-67,     189.51,     318884,     422.09,       0.00,     422.09,       0.00,       0.00,       0.00,     189.51,      508.3,      508.3,     -0.000,     -0.006,      1.325,        0.0,        0.0,        0.0,      0.000,      0.000,     150998,     110296,    -27.369,      0.000,       0.00,       0.00,     120.83,       0.00,      0.099
-66,     185.97,     327056,     422.09,       0.00,     422.09,       0.00,       0.00,       0.00,     185.97,      511.5,      511.5,     -0.000,     -0.007,      1.324,        0.0,        0.0,        0.0,      0.000,      0.000,     150956,     110110,    -28.522,      0.000,       0.00,       0.00,     120.83,       0.00,      0.093
-65,     182.46,     335560,     422.09,       0.00,     422.09,       0.00,       0.00,       0.00,     182.46,      514.7,      514.7,     -0.000,     -0.008,      1.324,        0.0,        0.0,        0.0,      0.000,      0.000,     150911,     109916,    -29.700,      0.000,       0.00,       0.00,     120.83,       0.00,      0.085
-64,     178.95,     344411,     422.09,       0.00,     422.09,       0.00,       0.00,       0.00,     178.95,      518.0,      518.0,     -0.000,     -0.008,      1.323,        0.0,        0.0,        0.0,      0.000,      0.000,     150861,     109714,    -30.904,      0.000,       0.00,       0.00,     120.83,       0.00,      0.077
-63,     175.47,     353626,     422.09,       0.00,     422.09,       0.00,       0.00,       0.00,     175.47,      521.3,      521.3,     -0.000,     -0.009,      1.323,        0.0,        0.0,        0.0,      0.000,      0.000,     150807,     109506,    -32.133,      0.000,       0.00,       0.00,     120.83,       0.00,      0.067
-62,     172.00,     363222,     422.09,       0.00,     422.09,       0.00,       0.00,       0.00,     172.00,      524.7,      524.7,     -0.000,     -0.010,      1.322,        0.0,        0.0,        0.0,      0.000,      0.000,     150749,     109296,    -33.389,      0.000,       0.00,       0.00,     120.83,       0.00,      0.057
-61,     168.55,     373217,     422.09,       0.00,     422.09,       0.00,       0.00,       0.00,     168.55,      528.2,      528.2,     -0.000,     -0.011,      1.322,        0.0,        0.0,        0.0,      0.000,      0.000,     150688,     109086,    -34.673,      0.000,       0.00,       0.00,     120.83,       0.00,      0.046
-60,     165.12,     383629,     422.09,       0.00,     422.09,       0.00,       0.00,       0.00,     165.12,      531.7,      531.7,     -0.000,     -0.012,      1.321,        0.0,        0.0,        0.0,      0.000,      0.000,     150622,     108878,    -35.983,      0.000,       0.00,       0.00,     120.83,       0.00,      0.034
-59,     161.72,     394478,     422.09,       0.00,     422.09,       0.00,       0.00,       0.00,     161.72,      535.4,      535.4,     -0.000,     -0.013,      1.321,        0.0,        0.0,        0.0,      0.000,      0.000,     150553,     108675,    -37.321,      0.000,       0.00,       0.00,     120.83,       0.00,      0.021
-58,     158.34,     405783,     422.09,       0.00,     422.09,       0.00,       0.00,       0.00,     158.34,      539.0,      539.0,     -0.000,     -0.014,      1.320,        0.0,        0.0,        0.0,      0.000,      0.000,     150480,     108479,    -38.688,      0.000,       0.00,       0.00,     120.83,       0.00,      0.007
-57,     154.98,     417568,     422.09,       0.00,     422.09,       0.00,       0.00,       0.00,     154.98,      542.8,      542.8,     -0.000,     -0.015,      1.320,        0.0,        0.0,        0.0,      0.000,      0.000,     150403,     108295,    -40.084,      0.000,       0.00,       0.00,     120.83,       0.00,     -0.008
-56,     151.66,     429853,     422.09,       0.00,     422.09,       0.00,       0.00,       0.00,     151.66,      546.6,      546.6,     -0.000,     -0.016,      1.319,        0.0,        0.0,        0.0,      0.000,      0.000,     150322,     108123,    -41.508,      0.000,       0.00,       0.00,     120.83,       0.00,     -0.024
-55,     148.36,     442662,     422.09,       0.00,     422.09,       0.00,       0.00,       0.00,     148.36,      550.5,      550.5,     -0.000,     -0.017,      1.318,        0.0,        0.0,        0.0,      0.000,      0.000,     150238,     107969,    -42.963,      0.000,       0.00,       0.00,     120.83,       0.00,     -0.042
-54,     145.08,     456019,     422.09,       0.00,     422.09,       0.00,       0.00,       0.00,     145.08,      554.4,      554.4,     -0.000,     -0.019,      1.318,        0.0,        0.0,        0.0,      0.000,      0.000,     150150,     107834,    -44.448,      0.000,       0.00,       0.00,     120.83,       0.00,     -0.060
-53,     141.85,     469949,     422.09,       0.00,     422.09,       0.00,       0.00,       0.00,     141.85,      558.4,      558.4,     -0.000,     -0.020,      1.317,        0.0,        0.0,        0.0,      0.000,      0.000,     150058,     107722,    -45.963,      0.000,       0.00,       0.00,     120.83,       0.00,     -0.080
-52,     138.64,     484479,     422.09,       0.00,     422.09,       0.00,       0.00,       0.00,     138.64,      562.5,      562.5,     -0.000,     -0.021,      1.317,        0.0,        0.0,        0.0,      0.000,      0.000,     149963,     107636,    -47.508,      0.000,       0.00,       0.00,     120.83,       0.00,     -0.101
-51,     135.46,     499634,     422.09,       0.00,     422.09,       0.00,       0.00,       0.00,     135.46,      566.7,      566.7,     -0.000,     -0.022,      1.316,        0.0,        0.0,        0.0,      0.000,      0.000,     149864,     107578,    -49.085,      0.000,       0.00,       0.00,     120.83,       0.00,     -0.124
-50,     132.33,     515443,     422.09,       0.00,     422.09,       0.00,       0.00,       0.00,     132.33,      570.9,      570.9,     -0.000,     -0.024,      1.315,        0.0,        0.0,        0.0,      0.000,      0.000,     149762,     107552,    -50.694,      0.000,       0.00,       0.00,     120.83,       0.00,     -0.148
-49,     129.22,     531935,     422.09,       0.00,     422.09,       0.00,       0.00,       0.00,     129.22,      575.2,      575.2,     -0.000,     -0.025,      1.315,        0.0,        0.0,        0.0,      0.000,      0.000,     149657,     107561,    -52.334,      0.000,       0.00,       0.00,     120.83,       0.00,     -0.173
-48,     126.16,     549139,     422.09,       0.00,     422.09,       0.00,       0.00,       0.00,     126.16,      579.6,      579.6,     -0.000,     -0.027,      1.314,        0.0,        0.0,        0.0,      0.000,      0.000,     149548,     107606,    -54.006,      0.000,       0.00,       0.00,     120.83,       0.00,     -0.200
-47,     123.13,     567086,     422.09,       0.00,     422.09,       0.00,       0.00,       0.00,     123.13,      584.0,      584.0,     -0.000,     -0.029,      1.314,        0.0,        0.0,        0.0,      0.000,      0.000,     149435,     107690,    -55.710,      0.000,       0.00,       0.00,     120.83,       0.00,     -0.228
-46,     120.15,     585805,     422.09,       0.00,     422.09,       0.00,       0.00,       0.00,     120.15,      588.5,      588.5,     -0.000,     -0.030,      1.313,        0.0,        0.0,        0.0,      0.000,      0.000,     149320,     107815,    -57.446,      0.000,       0.00,       0.00,     120.83,       0.00,     -0.259
-45,     117.21,     605330,     422.09,       0.00,     422.09,       0.00,       0.00,       0.00,     117.21,      593.1,      593.1,     -0.000,     -0.032,      1.312,        0.0,        0.0,        0.0,      0.000,      0.000,     149201,     107983,    -59.214,      0.000,       0.00,       0.00,     120.83,       0.00,     -0.291
-44,     114.31,     625691,     422.09,       0.00,     422.09,       0.00,       0.00,       0.00,     114.31,      597.7,      597.7,     -0.000,     -0.034,      1.312,        0.0,        0.0,        0.0,      0.000,      0.000,     149080,     108196,    -61.014,      0.000,       0.00,       0.00,     120.83,       0.00,     -0.324
-43,     111.45,     646921,     422.09,       0.00,     422.09,       0.00,       0.00,       0.00,     111.45,      602.4,      602.4,     -0.000,     -0.036,      1.311,        0.0,        0.0,        0.0,      0.000,      0.000,     148955,     108455,    -62.846,      0.000,       0.00,       0.00,     120.83,       0.00,     -0.360
-42,     108.65,     669051,     422.09,       0.00,     422.09,       0.00,       0.00,       0.00,     108.65,      607.2,      607.2,     -0.000,     -0.038,      1.310,        0.0,        0.0,        0.0,      0.000,      0.000,     148827,     108761,    -64.710,      0.000,       0.00,       0.00,     120.83,       0.00,     -0.398
-41,     105.88,     692113,     422.09,       0.00,     422.09,       0.00,       0.00,       0.00,     105.88,      612.0,      612.0,     -0.000,     -0.040,      1.310,        0.0,        0.0,        0.0,      0.000,      0.000,     148696,     109113,    -66.605,      0.000,       0.00,       0.00,     120.83,       0.00,     -0.438
-40,     103.17,     716138,     422.09,       0.00,     422.09,       0.00,       0.00,       0.00,     103.17,      616.9,      616.9,     -0.000,     -0.042,      1.309,        0.0,        0.0,        0.0,      0.000,      0.000,     148563,     109513,    -68.530,      0.000,       0.00,       0.00,     120.83,       0.00,     -0.479
-39,     100.51,     741157,     422.09,       0.00,     422.09,       0.00,       0.00,       0.00,     100.51,      621.9,      621.9,     -0.000,     -0.044,      1.308,        0.0,        0.0,        0.0,      0.000,      0.000,     148426,     109960,    -70.486,      0.000,       0.00,       0.00,     120.83,       0.00,     -0.524
-38,      97.89,     767197,     422.09,       0.00,     422.09,       0.00,       0.00,       0.00,      97.89,      626.9,      626.9,     -0.000,     -0.047,      1.307,        0.0,        0.0,        0.0,      0.000,      0.000,     148287,     110453,    -72.471,      0.000,       0.00,       0.00,     120.83,       0.00,     -0.570
-37,      95.33,     794285,     422.09,       0.00,     422.09,       0.00,       0.00,       0.00,      95.33,      631.9,      631.9,     -0.000,     -0.049,      1.307,        0.0,        0.0,        0.0,      0.000,      0.000,     148145,     110990,    -74.484,      0.000,       0.00,       0.00,     120.83,       0.00,     -0.619
-36,      92.83,     822446,     422.09,       0.00,     422.09,       0.00,       0.00,       0.00,      92.83,      637.1,      637.1,     -0.000,     -0.052,      1.306,        0.0,        0.0,        0.0,      0.000,      0.000,     148001,     111569,    -76.524,      0.000,       0.00,       0.00,     120.83,       0.00,     -0.671
-35,      90.37,     851701,     422.09,       0.00,     422.09,       0.00,       0.00,       0.00,      90.37,      642.2,      642.2,     -0.000,     -0.054,      1.305,        0.0,        0.0,        0.0,      0.000,      0.000,     147854,     112187,    -78.590,      0.000,       0.00,       0.00,     120.83,       0.00,     -0.725
-34,      87.97,     882067,     422.09,       0.00,     422.09,       0.00,       0.00,       0.00,      87.97,      647.4,      647.4,     -0.000,     -0.057,      1.305,        0.0,        0.0,        0.0,      0.000,      0.000,     147705,     112841,    -80.681,      0.000,       0.00,       0.00,     120.83,       0.00,     -0.782
-33,      85.63,     913556,     422.09,       0.00,     422.09,       0.00,       0.00,       0.00,      85.63,      652.6,      652.6,     -0.000,     -0.060,      1.304,        0.0,        0.0,        0.0,      0.000,      0.000,     147553,     113530,    -82.793,      0.000,       0.00,       0.00,     120.83,       0.00,     -0.842
-32,      83.35,     946175,     422.09,       0.00,     422.09,       0.00,       0.00,       0.00,      83.35,      657.9,      657.9,     -0.000,     -0.063,      1.303,        0.0,        0.0,        0.0,      0.000,      0.000,     147399,     114248,    -84.927,      0.000,       0.00,       0.00,     120.83,       0.00,     -0.905
-31,      81.12,     979925,     422.09,       0.00,     422.09,       0.00,       0.00,       0.00,      81.12,      663.2,      663.2,     -0.000,     -0.066,      1.302,        0.0,        0.0,        0.0,      0.000,      0.000,     147243,     114993,    -87.078,      0.000,       0.00,       0.00,     120.83,       0.00,     -0.971
-30,      78.96,    1014797,     422.09,       0.00,     422.09,       0.00,       0.00,       0.00,      78.96,      668.5,      668.5,     -0.000,     -0.069,      1.302,        0.0,        0.0,        0.0,      0.000,      0.000,     147085,     115759,    -89.245,      0.000,       0.00,       0.00,     120.83,       0.00,     -1.040
-29,      76.85,    1050776,     422.09,       4.22,     417.87,       0.00,       0.00,      70.91,       5.94,     2506.3,      673.8,     -0.258,     -0.026,      1.301,        0.0,        0.0,        0.0,      0.000,      0.000,     146925,     116541,    -91.424,      0.000,      15.35,       4.02,     104.16,       0.00,     -1.325
-28,      74.81,    1105679,     422.09,       4.22,     417.87,       0.00,       0.00,      69.09,       5.72,     2746.4,      681.7,     -0.289,     -0.028,      1.300,        0.0,        0.0,        0.0,      0.000,      0.000,     146764,     117336,    -93.648,      0.000,      29.59,       7.92,      88.55,       0.00,     -1.642
-27,      72.83,    1169850,     422.09,       4.22,     417.87,       0.00,       0.00,      67.35,       5.48,     2907.6,      690.6,     -0.318,     -0.030,      1.298,        0.0,        0.0,        0.0,      0.000,      0.000,     146601,     118137,    -95.927,      0.000,      41.16,      11.36,      75.70,       0.00,     -1.990
-26,      70.91,    1244498,     422.09,       4.22,     417.87,       0.00,       0.00,      65.68,       5.23,     2992.8,      700.4,     -0.345,     -0.032,      1.297,        0.0,        0.0,        0.0,      0.000,      0.000,     146437,     118940,    -98.272,      0.000,      47.21,      13.34,      68.91,       0.00,     -2.367
-25,      69.06,    1330168,     422.09,       5.48,     416.61,       0.00,       0.00,      64.09,       4.97,     3021.7,      711.1,     -0.373,     -0.034,      1.296,        0.0,        0.0,        0.0,      0.000,      0.000,     146271,     119740,   -100.692,      0.000,      48.79,      13.97,      67.13,       0.00,     -2.774
-24,      67.28,    1427082,     422.09,       8.55,     413.54,       0.00,       0.00,      62.56,       4.71,     3031.9,      722.5,     -0.402,     -0.037,      1.294,        0.0,        0.0,        0.0,      0.000,      0.000,     146105,     120532,   -103.194,      0.000,      48.87,      14.12,      67.04,       0.00,     -3.213
-23,      65.56,    1535359,     422.09,      12.27,     409.82,       0.00,       0.00,      61.11,       4.45,     3036.3,      734.5,     -0.436,     -0.041,      1.292,        0.0,        0.0,        0.0,      0.000,      0.000,     145938,     121312,   -105.784,      0.000,      48.47,      14.11,      67.51,       0.00,     -3.690
-22,      63.90,    1655043,     422.09,      16.65,     405.45,       0.00,       0.00,      59.71,       4.19,     3038.9,      747.0,     -0.473,     -0.045,      1.290,        0.0,        0.0,        0.0,      0.000,      0.000,     145771,     122077,   -108.464,      0.000,      47.91,      14.06,      68.14,       0.00,     -4.208
-21,      62.32,    1786102,     422.09,      21.65,     400.44,       0.00,       0.00,      58.38,       3.94,     3041.3,      759.9,     -0.516,     -0.049,      1.288,        0.0,        0.0,        0.0,      0.000,      0.000,     145604,     122822,   -111.235,      0.000,      47.33,      14.00,      68.81,       0.00,     -4.772
-20,      60.80,    1928419,     422.09,      27.28,     394.81,       0.00,       0.00,      57.11,       3.69,     3044.0,      773.0,     -0.563,     -0.053,      1.286,        0.0,        0.0,        0.0,      0.000,      0.000,     145437,     123545,   -114.093,      0.000,      46.76,      13.94,      69.45,       0.00,     -5.389
-19,      59.35,    2081781,     422.09,      33.50,     388.59,       0.00,       0.00,      55.90,       3.46,     3047.1,      786.2,     -0.615,     -0.059,      1.285,        0.0,        0.0,        0.0,      0.000,      0.000,     145271,     124245,   -117.033,      0.000,      46.23,      13.89,      70.06,       0.00,     -6.063
-18,      57.98,    2245867,     422.09,      40.31,     381.79,       0.00,       0.00,      54.75,       3.23,     3050.5,      799.5,     -0.673,     -0.064,      1.283,        0.0,        0.0,        0.0,      0.000,      0.000,     145106,     124917,   -120.047,      0.000,      45.74,      13.85,      70.62,       0.00,     -6.800
-17,      56.67,    2420238,     422.09,      47.67,     374.43,       0.00,       0.00,      53.66,       3.01,     3054.3,      812.7,     -0.737,     -0.070,      1.281,        0.0,        0.0,        0.0,      0.000,      0.000,     144943,     125562,   -123.124,      0.000,      45.28,      13.82,      71.13,       0.00,     -7.608
-16,      55.43,    2604327,     422.09,      55.56,     366.53,       0.00,       0.00,      52.63,       2.80,     3058.3,      825.8,     -0.806,     -0.077,      1.279,        0.0,        0.0,        0.0,      0.000,      0.000,     144781,     126176,   -126.248,      0.000,      44.86,      13.80,      71.62,       0.00,     -8.491
-15,      54.27,    2797429,     422.09,      63.96,     358.13,       0.00,       0.00,      51.67,       2.60,     3062.4,      838.7,     -0.881,     -0.084,      1.277,        0.0,        0.0,        0.0,      0.000,      0.000,     144622,     126759,   -129.401,      0.000,      44.46,      13.79,      72.07,       0.00,     -9.456
-14,      53.18,    2998693,     422.09,      72.84,     349.25,       0.00,       0.00,      50.77,       2.41,     3066.5,      851.4,     -0.962,     -0.091,      1.276,        0.0,        0.0,        0.0,      0.000,      0.000,     144466,     127310,   -132.564,      0.000,      44.08,      13.77,      72.50,       0.00,    -10.509
-13,      52.16,    3207125,     422.09,      82.17,     339.92,       0.00,       0.00,      49.93,       2.23,     3070.6,      863.8,     -1.049,     -0.099,      1.274,        0.0,        0.0,        0.0,      0.000,      0.000,     144313,     127828,   -135.712,      0.000,      43.72,      13.76,      72.91,       0.00,    -11.657
-12,      51.22,    3421578,     422.09,      91.92,     330.17,       0.00,       0.00,      49.17,       2.05,     3074.4,      875.8,     -1.141,     -0.107,      1.272,        0.0,        0.0,        0.0,      0.000,      0.000,     144164,     128314,   -138.818,      0.000,      43.37,      13.75,      73.30,       0.00,    -12.905
-11,      50.35,    3640763,     422.09,     102.06,     320.03,       0.00,       0.00,      48.46,       1.88,     3078.0,      887.4,     -1.239,     -0.115,      1.271,        0.0,        0.0,        0.0,      0.000,      0.000,     144019,     128767,   -141.853,      0.000,      43.03,      13.73,      73.69,       0.00,    -14.259
-10,      49.55,    3863257,     422.09,     112.56,     309.53,       0.00,       0.00,      47.83,       1.72,     3081.2,      898.6,     -1.341,     -0.124,      1.269,        0.0,        0.0,        0.0,      0.000,      0.000,     143879,     129187,   -144.785,      0.000,      42.69,      13.71,      74.07,       0.00,    -15.723
-9,      48.83,    4087511,     422.09,     123.37,     298.72,       0.00,       0.00,      47.26,       1.57,     3084.1,      909.3,     -1.447,     -0.133,      1.268,        0.0,        0.0,        0.0,      0.000,      0.000,     143744,     129575,   -147.582,      0.000,      42.36,      13.68,      74.45,       0.00,    -17.303
-8,      48.18,    4311873,     422.09,     134.48,     287.62,       0.00,       0.00,      46.76,       1.42,     3086.5,      919.4,     -1.557,     -0.141,      1.267,        0.0,        0.0,        0.0,      0.000,      0.000,     143615,     129932,   -150.209,      0.000,      42.02,      13.65,      74.82,       0.00,    -19.001
-7,      47.61,    4534606,     422.09,     145.83,     276.26,       0.00,       0.00,      46.33,       1.28,     3088.5,      929.0,     -1.669,     -0.150,      1.266,        0.0,        0.0,        0.0,      0.000,      0.000,     143492,     130259,   -152.628,      0.000,      41.68,      13.61,      75.21,       0.00,    -20.820
-6,      47.11,    4753919,     422.09,     157.39,     264.70,       0.00,       0.00,      45.97,       1.14,     3089.9,      938.0,     -1.783,     -0.159,      1.265,        0.0,        0.0,        0.0,      0.000,      0.000,     143376,     130557,   -154.805,      0.000,      41.34,      13.56,      75.60,       0.00,    -22.762
-5,      46.69,    4967993,     422.09,     169.13,     252.96,       0.00,       0.00,      45.69,       1.01,     3090.8,      946.3,     -1.897,     -0.168,      1.264,        0.0,        0.0,        0.0,      0.000,      0.000,     143267,     130827,   -156.702,      0.000,      40.98,      13.51,      75.99,       0.00,    -24.827
-4,      46.35,    5175015,     422.09,     181.01,     241.08,       0.00,       0.00,      45.47,       0.88,     3091.0,      954.1,     -2.010,     -0.177,      1.263,        0.0,        0.0,        0.0,      0.000,      0.000,     143165,     131069,   -158.284,      0.000,      40.62,      13.44,      76.40,       0.00,    -27.014
-3,      46.08,    5373214,     422.09,     192.99,     229.11,       0.00,       0.00,      45.33,       0.75,     3090.7,      961.1,     -2.122,     -0.185,      1.262,        0.0,        0.0,        0.0,      0.000,      0.000,     143070,     131286,   -159.516,      0.000,      40.25,      13.37,      76.81,       0.00,    -29.321
-2,      45.89,    5560891,     422.09,     205.02,     217.07,       0.00,       0.00,      45.26,       0.63,     3089.8,      967.4,     -2.230,     -0.193,      1.261,        0.0,        0.0,        0.0,      0.000,      0.000,     142983,     131479,   -160.367,      0.000,      39.87,      13.29,      77.24,       0.00,    -31.745
-1,      45.78,    5736456,     422.09,     217.07,     205.02,       0.00,       0.00,      45.27,       0.51,     3088.2,      973.1,     -2.334,     -0.201,      1.260,        0.0,        0.0,        0.0,      0.000,      0.000,     142904,     131649,   -160.806,      0.000,      39.48,      13.19,      77.67,       0.00,    -34.280
0,      45.74,    5898455,     422.09,     229.11,     192.99,       0.00,       0.00,      45.34,       0.39,     3086.0,      978.0,     -2.433,     -0.208,      1.260,        0.0,        0.0,        0.0,      0.000,      0.000,     142833,     131799,   -160.806,      0.000,      39.08,      13.09,      78.12,       0.00,    -36.921
1,      45.78,    6045601,     422.09,     241.08,     181.01,       0.00,       0.00,      45.50,       0.28,     3083.1,      982.2,     -2.524,     -0.214,      1.259,        0.0,        0.0,        0.0,      0.000,      0.000,     142770,     131929,   -160.344,      0.000,      38.66,      12.98,      78.58,       0.00,    -39.659
2,      45.89,    6176794,     422.09,     252.96,     169.13,       0.00,       0.00,      45.72,       0.17,     3079.6,      985.6,     -2.607,     -0.221,      1.258,        0.0,        0.0,        0.0,      0.000,      0.000,     142715,     132041,   -159.399,      0.000,      38.24,      12.86,      79.06,       0.00,    -42.487
3,      46.08,    6291139,     422.09,     264.70,     157.39,       0.00,       0.00,      46.02,       0.06,     3075.5,      988.2,     -2.682,     -0.226,      1.258,        0.0,        0.0,        0.0,      0.000,      0.000,     142668,     132138,   -157.955,      0.000,      37.80,      12.73,      79.54,       0.00,    -45.395
4,      46.35,    6387956,     422.09,     276.26,     145.83,       0.00,       0.00,      46.35,       0.00,     3070.8,      990.1,     -2.744,     -0.232,      1.257,        0.0,        0.0,        0.0,      0.000,      0.000,     142628,     132220,   -156.002,      0.000,      37.35,      12.59,      80.04,       0.00,    -48.371
5,      46.69,    6466786,     422.09,     287.62,     134.48,       0.00,       0.00,      46.69,       0.00,     3065.5,      991.2,     -2.792,     -0.238,      1.257,        0.0,        0.0,        0.0,      0.000,      0.000,     142595,     132290,   -153.533,      0.000,      36.89,      12.44,      80.55,       0.00,    -51.401
6,      47.11,    6527390,     422.09,     298.72,     123.37,       0.00,       0.00,      47.11,       0.00,     3059.5,      991.6,     -2.829,     -0.244,      1.256,        0.0,        0.0,        0.0,      0.000,      0.000,     142568,     132349,   -150.545,      0.000,      36.43,      12.28,      81.07,       0.00,    -54.475
7,      47.61,    6569741,     422.09,     309.53,     112.56,       0.00,       0.00,      47.61,       0.00,     3053.1,      991.1,     -2.856,     -0.249,      1.256,        0.0,        0.0,        0.0,      0.000,      0.000,     142547,     132399,   -147.039,      0.000,      35.95,      12.12,      81.60,       0.00,    -57.579
8,      48.18,    6594014,     422.09,     320.03,     102.06,       0.00,       0.00,      48.18,       0.00,     3046.0,      989.8,     -2.871,     -0.253,      1.255,        0.0,        0.0,        0.0,      0.000,      0.000,     142530,     132441,   -143.023,      0.000,      35.46,      11.95,      82.14,       0.00,    -60.704
9,      48.83,    6600569,     422.09,     330.17,      91.92,       0.00,       0.00,      48.83,       0.00,     3038.4,      987.7,     -2.875,     -0.257,      1.255,        0.0,        0.0,        0.0,      0.000,      0.000,     142516,     132477,   -138.506,      0.000,      34.96,      11.77,      82.69,       0.00,    -63.836
10,      49.55,    6589935,     422.09,     339.92,      82.17,       0.00,       0.00,      49.55,       0.00,     3030.4,      984.7,     -2.869,     -0.259,      1.254,        0.0,        0.0,        0.0,      0.000,      0.000,     142504,     132509,   -133.504,      0.000,      34.45,      11.59,      83.25,       0.00,    -66.964
11,      50.35,    6562782,     422.09,     349.25,      72.84,       0.00,       0.00,      50.35,       0.00,     3021.8,      980.8,     -2.853,     -0.261,      1.254,        0.0,        0.0,        0.0,      0.000,      0.000,     142492,     132537,   -128.033,      0.000,      33.93,      11.40,      83.82,       0.00,    -70.078
12,      51.22,    6519905,     422.09,     358.13,      63.96,       0.00,       0.00,      51.22,       0.00,     3012.7,      976.0,     -2.827,     -0.262,      1.253,        0.0,        0.0,        0.0,      0.000,      0.000,     142476,     132563,   -122.114,      0.000,      33.41,      11.20,      84.40,       0.00,    -73.167
13,      52.16,    6462198,     422.09,     366.53,      55.56,       0.00,       0.00,      52.16,       0.00,     3003.2,      970.1,     -2.792,     -0.262,      1.253,        0.0,        0.0,        0.0,      0.000,      0.000,     142455,     132589,   -115.772,      0.000,      32.88,      11.00,      84.99,       0.00,    -76.221
14,      53.18,    6390630,     422.09,     374.43,      47.67,       0.00,       0.00,      53.18,       0.00,     2993.2,      963.1,     -2.749,     -0.261,      1.253,        0.0,        0.0,        0.0,      0.000,      0.000,     142423,     132615,   -109.032,      0.000,      32.34,      10.79,      85.58,       0.00,    -79.231
15,      54.27,    6306228,     422.09,     381.79,      40.31,       0.00,       0.00,      54.27,       0.00,     2982.8,      954.8,     -2.698,     -0.259,      1.252,        0.0,        0.0,        0.0,      0.000,      0.000,     142375,     132644,   -101.923,      0.000,      31.79,      10.58,      86.19,       0.00,    -82.187
16,      55.43,    6210050,     422.09,     388.59,      33.50,       0.00,       0.00,      55.43,       0.00,     2972.0,      944.9,     -2.640,     -0.255,      1.252,        0.0,        0.0,        0.0,      0.000,      0.000,     142304,     132675,    -94.474,      0.000,      31.23,      10.37,      86.80,       0.00,    -85.083
17,      56.67,    6103172,     422.09,     394.81,      27.28,       0.00,       0.00,      56.67,       0.00,     2960.8,      933.1,     -2.577,     -0.251,      1.252,        0.0,        0.0,        0.0,      0.000,      0.000,     142204,     132709,    -86.716,      0.000,      30.67,      10.15,      87.42,       0.00,    -87.911
18,      57.98,    5986669,     422.09,     400.44,      21.65,       0.00,       0.00,      57.98,       0.00,     2949.2,      918.8,     -2.508,     -0.245,      1.251,        0.0,        0.0,        0.0,      0.000,      0.000,     142062,     132749,    -78.681,      0.000,      30.09,       9.93,      88.05,       0.00,    -90.665
19,      59.35,    5861605,     422.09,     405.45,      16.65,       0.00,       0.00,      59.35,       0.00,     2937.1,      901.1,     -2.436,     -0.237,      1.251,        0.0,        0.0,        0.0,      0.000,      0.000,     141870,     132793,    -70.402,      0.000,      29.51,       9.70,      88.69,       0.00,    -93.338
20,      60.80,    5729015,     422.09,     409.82,      12.27,       0.00,       0.00,      60.80,       0.00,     2924.7,      878.3,     -2.359,     -0.227,      1.251,        0.0,        0.0,        0.0,      0.000,      0.000,     141613,     132844,    -61.911,      0.000,      28.92,       9.48,      89.34,       0.00,    -95.924
21,      62.32,    5589903,     422.09,     413.54,       8.55,       0.00,       0.00,      62.32,       0.00,     2911.9,      847.5,     -2.280,     -0.213,      1.251,        0.0,        0.0,        0.0,      0.000,      0.000,     141279,     132901,    -53.241,      0.000,      28.32,       9.24,      90.00,       0.00,    -98.417
22,      63.90,    5445224,     422.09,     416.61,       5.48,       0.00,       0.00,      63.90,       0.00,     2898.7,      805.4,     -2.198,     -0.194,      1.250,        0.0,        0.0,        0.0,      0.000,      0.000,     140855,     132965,    -44.423,      0.000,      27.72,       9.01,      90.66,       0.00,   -100.809
23,      65.56,    5295802,     422.09,     417.87,       4.22,       0.00,       0.00,      65.56,       0.00,     2885.1,      764.2,     -2.115,     -0.174,      1.250,        0.0,        0.0,        0.0,      0.000,      0.000,     140329,     133036,    -35.490,      0.000,      27.10,       8.77,      91.34,       0.00,   -103.098
24,      67.28,    5142392,     422.09,     417.87,       4.22,       0.00,       0.00,      67.28,       0.00,     2871.2,      726.3,     -2.031,     -0.155,      1.250,        0.0,        0.0,        0.0,      0.000,      0.000,     139690,     133114,    -26.473,      0.000,      26.48,       8.53,      92.02,       0.00,   -105.284
25,      69.06,    4985723,     422.09,     417.87,       4.22,       0.00,       0.00,      69.06,       0.00,     2857.0,      691.6,     -1.946,     -0.137,      1.250,        0.0,        0.0,        0.0,      0.000,      0.000,     138932,     133199,    -17.402,      0.000,      25.85,       8.29,      92.71,       0.00,   -107.367
26,      70.91,    4821681,     422.09,     422.09,       0.00,       0.00,       0.00,      70.91,       0.00,     2841.5,     2841.5,     -2.500,     -0.000,      1.250,        0.0,        0.0,        0.0,      0.000,      0.000,     138049,     133291,     -8.317,      0.000,      25.17,       8.03,      93.45,       0.00,   -109.867
27,      72.83,    4662236,     422.09,     422.09,       0.00,       0.00,       0.00,      72.83,       0.00,     2826.1,     2826.1,     -2.404,     -0.000,      1.250,        0.0,        0.0,        0.0,      0.000,      0.000,     137041,     133390,      0.767,      0.000,      24.50,       7.78,      94.19,       0.00,   -112.271
28,      74.81,    4507504,     422.09,     422.09,       0.00,       0.00,       0.00,      74.81,       0.00,     2810.7,     2810.7,     -2.312,     -0.000,      1.249,        0.0,        0.0,        0.0,      0.000,      0.000,     135910,     133495,      9.834,      0.000,      23.83,       7.53,      94.92,       0.00,   -114.583
29,      76.85,    4357562,     422.09,     422.09,       0.00,       0.00,       0.00,      76.85,       0.00,     2795.3,     2795.3,     -2.224,     -0.000,      1.249,        0.0,        0.0,        0.0,      0.000,      0.000,     134661,     133606,     18.871,      0.000,      23.18,       7.29,      95.64,       0.00,   -116.808
30,      78.96,    4212449,     422.09,     422.09,       0.00,       0.00,       0.00,      78.96,       0.00,     2780.1,     2780.1,     -2.141,     -0.000,      1.249,        0.0,        0.0,        0.0,      0.000,      0.000,     133304,     133723,     27.865,      0.000,      22.53,       7.05,      96.34,       0.00,   -118.948
31,      81.12,    4072169,     422.09,     422.09,       0.00,       0.00,       0.00,      81.12,       0.00,     2764.9,     2764.9,     -2.061,     -0.000,      1.249,        0.0,        0.0,        0.0,      0.000,      0.000,     131847,     133844,     36.804,      0.000,      21.90,       6.82,      97.03,       0.00,   -121.009
32,      83.35,    3936700,     422.09,     422.09,       0.00,       0.00,       0.00,      83.35,       0.00,     2749.9,     2749.9,     -1.985,     -0.000,      1.249,        0.0,        0.0,        0.0,      0.000,      0.000,     130304,     133969,     45.680,      0.000,      21.28,       6.60,      97.71,       0.00,   -122.994
33,      85.63,    3805996,     422.09,     422.09,       0.00,       0.00,       0.00,      85.63,       0.00,     2735.0,     2735.0,     -1.913,     -0.000,      1.249,        0.0,        0.0,        0.0,      0.000,      0.000,     128685,     134097,     54.482,      0.000,      20.67,       6.38,      98.38,       0.00,   -124.907
34,      87.97,    3679990,     422.09,     422.09,       0.00,       0.00,       0.00,      87.97,       0.00,     2720.1,     2720.1,     -1.844,     -0.000,      1.249,        0.0,        0.0,        0.0,      0.000,      0.000,     127004,     134227,     63.203,      0.000,      20.07,       6.16,      99.03,       0.00,   -126.751
35,      90.37,    3558599,     422.09,     422.09,       0.00,       0.00,       0.00,      90.37,       0.00,     2705.5,     2705.5,     -1.779,     -0.000,      1.249,        0.0,        0.0,        0.0,      0.000,      0.000,     125272,     134357,     71.836,      0.000,      19.48,       5.96,      99.67,       0.00,   -128.529
36,      92.83,    3441725,     422.09,     422.09,       0.00,       0.00,       0.00,      92.83,       0.00,     2690.9,     2690.9,     -1.716,     -0.000,      1.249,        0.0,        0.0,        0.0,      0.000,      0.000,     123502,     134486,     80.374,      0.000,      18.91,       5.75,     100.30,       0.00,   -130.246
37,      95.33,    3329262,     422.09,     422.09,       0.00,       0.00,       0.00,      95.33,       0.00,     2676.5,     2676.5,     -1.657,     -0.000,      1.249,        0.0,        0.0,        0.0,      0.000,      0.000,     121688,     134614,     88.813,      0.000,      18.35,       5.56,     100.91,       0.00,   -131.903
38,      97.89,    3221091,     422.09,     422.09,       0.00,       0.00,       0.00,      97.89,       0.00,     2662.3,     2662.3,     -1.601,     -0.000,      1.249,        0.0,        0.0,        0.0,      0.000,      0.000,     119863,     134738,     97.146,      0.000,      17.80,       5.37,     101.51,       0.00,   -133.504
39,     100.51,    3117091,     422.09,     422.09,       0.00,       0.00,       0.00,     100.51,       0.00,     2648.1,     2648.1,     -1.548,     -0.000,      1.249,        0.0,        0.0,        0.0,      0.000,      0.000,     118032,     134857,    105.371,      0.000,      17.27,       5.19,     102.09,       0.00,   -135.052
40,     103.17,    3017134,     422.09,     422.09,       0.00,       0.00,       0.00,     103.17,       0.00,     2634.2,     2634.2,     -1.497,     -0.000,      1.249,        0.0,        0.0,        0.0,      0.000,      0.000,     116204,     134970,    113.483,      0.000,      16.74,       5.01,     102.66,       0.00,   -136.549
41,     105.88,    2921089,     422.09,     422.09,       0.00,       0.00,       0.00,     105.88,       0.00,     2620.4,     2620.4,     -1.449,     -0.000,      1.249,        0.0,        0.0,        0.0,      0.000,      0.000,     114383,     135075,    121.480,      0.000,      16.23,       4.83,     103.21,       0.00,   -137.997
42,     108.65,    2828823,     422.09,     422.09,       0.00,       0.00,       0.00,     108.65,       0.00,     2606.7,     2606.7,     -1.403,     -0.000,      1.249,        0.0,        0.0,        0.0,      0.000,      0.000,     112577,     135171,    129.359,      0.000,      15.74,       4.67,     103.75,       0.00,   -139.400
43,     111.45,    2740203,     422.09,     422.09,       0.00,       0.00,       0.00,     111.45,       0.00,     2593.2,     2593.2,     -1.359,     -0.000,      1.249,        0.0,        0.0,        0.0,      0.000,      0.000,     110790,     135254,    137.119,      0.000,      15.25,       4.51,     104.28,       0.00,   -140.760
44,     114.31,    2655097,     422.09,     422.09,       0.00,       0.00,       0.00,     114.31,       0.00,     2579.9,     2579.9,     -1.318,     -0.000,      1.249,        0.0,        0.0,        0.0,      0.000,      0.000,     109027,     135325,    144.758,      0.000,      14.78,       4.35,     104.79,       0.00,   -142.077
45,     117.21,    2573374,     422.09,     422.09,       0.00,       0.00,       0.00,     117.21,       0.00,     2566.7,     2566.7,     -1.278,     -0.000,      1.249,        0.0,        0.0,        0.0,      0.000,      0.000,     107282,     135380,    152.275,      0.000,      14.33,       4.20,     105.29,       0.00,   -143.356
46,     120.15,    2494903,     422.09,     422.09,       0.00,       0.00,       0.00,     120.15,       0.00,     2553.6,     2553.6,     -1.241,     -0.000,      1.249,        0.0,        0.0,        0.0,      0.000,      0.000,     105569,     135419,    159.669,      0.000,      13.88,       4.05,     105.77,       0.00,   -144.597
47,     123.13,    2419557,     422.09,     422.09,       0.00,       0.00,       0.00,     123.13,       0.00,     2540.8,     2540.8,     -1.205,     -0.000,      1.249,        0.0,        0.0,        0.0,      0.000,      0.000,     103893,     135439,    166.939,      0.000,      13.45,       3.91,     106.24,       0.00,   -145.802
48,     126.16,    2347212,     422.09,     422.09,       0.00,       0.00,       0.00,     126.16,       0.00,     2528.1,     2528.1,     -1.171,     -0.000,      1.249,        0.0,        0.0,        0.0,      0.000,      0.000,     102254,     135439,    174.085,      0.000,      13.03,       3.77,     106.70,       0.00,   -146.973
49,     129.22,    2277746,     422.09,     422.09,       0.00,       0.00,       0.00,     129.22,       0.00,     2515.5,     2515.5,     -1.139,     -0.000,      1.249,        0.0,        0.0,        0.0,      0.000,      0.000,     100653,     135418,    181.108,      0.000,      12.62,       3.64,     107.14,       0.00,   -148.112
50,     132.33,    2211041,     422.09,     422.09,       0.00,       0.00,       0.00,     132.33,       0.00,     2503.1,     2503.1,     -1.108,     -0.000,      1.249,        0.0,        0.0,        0.0,      0.000,      0.000,      99090,     135373,    188.008,      0.000,      12.22,       3.52,     107.58,       0.00,   -149.220
51,     135.46,    2146983,     422.09,     422.09,       0.00,       0.00,       0.00,     135.46,       0.00,     2490.9,     2490.9,     -1.079,     -0.000,      1.249,        0.0,        0.0,        0.0,      0.000,      0.000,      97567,     135303,    194.784,      0.000,      11.84,       3.39,     107.99,       0.00,   -150.298
52,     138.64,    2085462,     422.09,     422.09,       0.00,       0.00,       0.00,     138.64,       0.00,     2478.9,     2478.9,     -1.051,     -0.000,      1.249,        0.0,        0.0,        0.0,      0.000,      0.000,      96093,     135208,    201.439,      0.000,      11.47,       3.27,     108.40,       0.00,   -151.349
53,     141.85,    2026369,     422.09,     422.09,       0.00,       0.00,       0.00,     141.85,       0.00,     2466.9,     2466.9,     -1.024,     -0.000,      1.249,        0.0,        0.0,        0.0,      0.000,      0.000,      94655,     135085,    207.971,      0.000,      11.11,       3.16,     108.79,       0.00,   -152.373
54,     145.08,    1969602,     422.09,     422.09,       0.00,       0.00,       0.00,     145.08,       0.00,     2455.2,     2455.2,     -0.998,     -0.000,      1.250,        0.0,        0.0,        0.0,      0.000,      0.000,      93254,     134935,    214.383,      0.000,      10.75,       3.05,     109.17,       0.00,   -153.371
55,     148.36,    1915063,     422.09,     422.09,       0.00,       0.00,       0.00,     148.36,       0.00,     2443.6,     2443.6,     -0.974,     -0.000,      1.250,        0.0,        0.0,        0.0,      0.000,      0.000,      91892,     134756,    220.676,      0.000,      10.41,       2.95,     109.54,       0.00,   -154.345
56,     151.66,    1862655,     422.09,     422.09,       0.00,       0.00,       0.00,     151.66,       0.00,     2432.2,     2432.2,     -0.951,     -0.000,      1.250,        0.0,        0.0,        0.0,      0.000,      0.000,      90570,     134548,    226.850,      0.000,      10.09,       2.84,     109.90,       0.00,   -155.295
57,     154.98,    1812287,     422.09,     422.09,       0.00,       0.00,       0.00,     154.98,       0.00,     2420.9,     2420.9,     -0.928,     -0.000,      1.250,        0.0,        0.0,        0.0,      0.000,      0.000,      89287,     134310,    232.907,      0.000,       9.77,       2.74,     110.24,       0.00,   -156.224
58,     158.34,    1763871,     422.09,     422.09,       0.00,       0.00,       0.00,     158.34,       0.00,     2409.8,     2409.8,     -0.907,     -0.000,      1.250,        0.0,        0.0,        0.0,      0.000,      0.000,      88045,     134042,    238.848,      0.000,       9.46,       2.65,     110.58,       0.00,   -157.131
59,     161.72,    1717323,     422.09,     422.09,       0.00,       0.00,       0.00,     161.72,       0.00,     2398.8,     2398.8,     -0.887,     -0.000,      1.250,        0.0,        0.0,        0.0,      0.000,      0.000,      86842,     133744,    244.674,      0.000,       9.16,       2.56,     110.90,       0.00,   -158.018
60,     165.12,    1672563,     422.09,     422.09,       0.00,       0.00,       0.00,     165.12,       0.00,     2388.0,     2388.0,     -0.867,     -0.000,      1.250,        0.0,        0.0,        0.0,      0.000,      0.000,      85680,     133417,    250.388,      0.000,       8.87,       2.47,     111.22,       0.00,   -158.885
61,     168.55,    1629513,     422.09,     422.09,       0.00,       0.00,       0.00,     168.55,       0.00,     2377.3,     2377.3,     -0.849,     -0.000,      1.250,        0.0,        0.0,        0.0,      0.000,      0.000,      84557,     133061,    255.990,      0.000,       8.59,       2.39,     111.52,       0.00,   -159.733
62,     172.00,    1588099,     422.09,     422.09,       0.00,       0.00,       0.00,     172.00,       0.00,     2366.8,     2366.8,     -0.831,     -0.000,      1.250,        0.0,        0.0,        0.0,      0.000,      0.000,      83474,     132678,    261.482,      0.000,       8.32,       2.30,     111.81,       0.00,   -160.564
63,     175.47,    1548252,     422.09,     422.09,       0.00,       0.00,       0.00,     175.47,       0.00,     2356.4,     2356.4,     -0.814,     -0.000,      1.250,        0.0,        0.0,        0.0,      0.000,      0.000,      82429,     132267,    266.865,      0.000,       8.06,       2.23,     112.10,       0.00,   -161.378
64,     178.95,    1509903,     422.09,     422.09,       0.00,       0.00,       0.00,     178.95,       0.00,     2346.2,     2346.2,     -0.797,     -0.000,      1.250,        0.0,        0.0,        0.0,      0.000,      0.000,      81423,     131830,    272.141,      0.000,       7.81,       2.15,     112.37,       0.00,   -162.175
65,     182.46,    1472989,     422.09,     422.09,       0.00,       0.00,       0.00,     182.46,       0.00,     2336.1,     2336.1,     -0.781,     -0.000,      1.250,        0.0,        0.0,        0.0,      0.000,      0.000,      80454,     131368,    277.313,      0.000,       7.56,       2.08,     112.64,       0.00,   -162.956
66,     185.97,    1437447,     422.09,     422.09,       0.00,       0.00,       0.00,     185.97,       0.00,     2326.1,     2326.1,     -0.766,     -0.000,      1.250,        0.0,        0.0,        0.0,      0.000,      0.000,      79524,     130884,    282.380,      0.000,       7.33,       2.01,     112.89,       0.00,   -163.722
67,     189.51,    1403220,     422.09,     422.09,       0.00,       0.00,       0.00,     189.51,       0.00,     2316.3,     2316.3,     -0.752,     -0.000,      1.250,        0.0,        0.0,        0.0,      0.000,      0.000,      78631,     130379,    287.346,      0.000,       7.10,       1.94,     113.14,       0.00,   -164.474
68,     193.05,    1370250,     422.09,     422.09,       0.00,       0.00,       0.00,     193.05,       0.00,     2306.7,     2306.7,     -0.738,     -0.000,      1.251,        0.0,        0.0,        0.0,      0.000,      0.000,      77775,     129856,    292.211,      0.000,       6.88,       1.88,     113.38,       0.00,   -165.212
69,     196.61,    1338486,     422.09,     422.09,       0.00,       0.00,       0.00,     196.61,       0.00,     2297.2,     2297.2,     -0.724,     -0.000,      1.251,        0.0,        0.0,        0.0,      0.000,      0.000,      76956,     129315,    296.978,      0.000,       6.66,       1.81,     113.61,       0.00,   -165.936
70,     200.17,    1307875,     422.09,     422.09,       0.00,       0.00,       0.00,     200.17,       0.00,     2287.8,     2287.8,     -0.712,     -0.000,      1.251,        0.0,        0.0,        0.0,      0.000,      0.000,      76173,     128760,    301.647,      0.000,       6.46,       1.75,     113.83,       0.00,   -166.648
71,     203.75,    1278370,     422.09,     422.09,       0.00,       0.00,       0.00,     203.75,       0.00,     2278.5,     2278.5,     -0.699,     -0.000,      1.251,        0.0,        0.0,        0.0,      0.000,      0.000,      75426,     128193,    306.221,      0.000,       6.26,       1.69,     114.05,       0.00,   -167.347
72,     207.33,    1249923,     422.09,     422.09,       0.00,       0.00,       0.00,     207.33,       0.00,     2269.4,     2269.4,     -0.687,     -0.000,      1.251,        0.0,        0.0,        0.0,      0.000,      0.000,      74714,     127615,    310.701,      0.000,       6.07,       1.64,     114.26,       0.00,   -168.034
73,     210.92,    1222491,     422.09,     422.09,       0.00,       0.00,       0.00,     210.92,       0.00,     2260.5,     2260.5,     -0.676,     -0.000,      1.251,        0.0,        0.0,        0.0,      0.000,      0.000,      74037,     127030,    315.089,      0.000,       5.88,       1.59,     114.46,       0.00,   -168.710
74,     214.51,    1196031,     422.09,     422.09,       0.00,       0.00,       0.00,     214.51,       0.00,     2251.6,     2251.6,     -0.665,     -0.000,      1.251,        0.0,        0.0,        0.0,      0.000,      0.000,      73391,     126440,    319.387,      0.000,       5.70,       1.53,     114.65,       0.00,   -169.375
75,     218.10,    1170503,     422.09,     422.09,       0.00,       0.00,       0.00,     218.10,       0.00,     2242.9,     2242.9,     -0.654,     -0.000,      1.251,        0.0,        0.0,        0.0,      0.000,      0.000,      72780,     125847,    323.595,      0.000,       5.53,       1.48,     114.84,       0.00,   -170.029
76,     221.70,    1145869,     422.09,     422.09,       0.00,       0.00,       0.00,     221.70,       0.00,     2234.3,     2234.3,     -0.644,     -0.000,      1.251,        0.0,        0.0,        0.0,      0.000,      0.000,      72203,     125253,    327.716,      0.000,       5.36,       1.44,     115.02,       0.00,   -170.672
77,     225.29,    1122091,     422.09,     422.09,       0.00,       0.00,       0.00,     225.29,       0.00,     2225.9,     2225.9,     -0.634,     -0.000,      1.251,        0.0,        0.0,        0.0,      0.000,      0.000,      71661,     124661,    331.752,      0.000,       5.20,       1.39,     115.20,       0.00,   -171.306
78,     228.89,    1099136,     422.09,     422.09,       0.00,       0.00,       0.00,     228.89,       0.00,     2217.6,     2217.6,     -0.624,     -0.000,      1.251,        0.0,        0.0,        0.0,      0.000,      0.000,      71153,     124073,    335.702,      0.000,       5.05,       1.35,     115.36,       0.00,   -171.930
79,     232.48,    1076969,     422.09,     422.09,       0.00,       0.00,       0.00,     232.48,       0.00,     2209.4,     2209.4,     -0.615,     -0.000,      1.251,        0.0,        0.0,        0.0,      0.000,      0.000,      70676,     123491,    339.571,      0.000,       4.90,       1.30,     115.53,       0.00,   -172.545
80,     236.07,    1055559,     422.09,     422.09,       0.00,       0.00,       0.00,     236.07,       0.00,     2201.3,     2201.3,     -0.606,     -0.000,      1.252,        0.0,        0.0,        0.0,      0.000,      0.000,      70229,     122918,    343.358,      0.000,       4.75,       1.26,     115.68,       0.00,   -173.151
81,     239.66,    1034876,     422.09,     422.09,       0.00,       0.00,       0.00,     239.66,       0.00,     2193.3,     2193.3,     -0.597,     -0.000,      1.252,        0.0,        0.0,        0.0,      0.000,      0.000,      69811,     122356,    347.065,      0.000,       4.61,       1.22,     115.84,       0.00,   -173.749
82,     243.24,    1014890,     422.09,     422.09,       0.00,       0.00,       0.00,     243.24,       0.00,     2185.5,     2185.5,     -0.589,     -0.000,      1.252,        0.0,        0.0,        0.0,      0.000,      0.000,      69421,     121805,    350.694,      0.000,       4.48,       1.19,     115.98,       0.00,   -174.338
83,     246.81,     995574,     422.09,     422.09,       0.00,       0.00,       0.00,     246.81,       0.00,     2177.8,     2177.8,     -0.581,     -0.000,      1.252,        0.0,        0.0,        0.0,      0.000,      0.000,      69058,     121267,    354.246,      0.000,       4.35,       1.15,     116.12,       0.00,   -174.919
84,     250.37,     976901,     422.09,     422.09,       0.00,       0.00,       0.00,     250.37,       0.00,     2170.2,     2170.2,     -0.573,     -0.000,      1.252,        0.0,        0.0,        0.0,      0.000,      0.000,      68721,     120746,    357.722,      0.000,       4.22,       1.11,     116.26,       0.00,   -175.493
85,     253.93,     958846,     422.09,     422.09,       0.00,       0.00,       0.00,     253.93,       0.00,     2162.7,     2162.7,     -0.566,     -0.000,      1.252,        0.0,        0.0,        0.0,      0.000,      0.000,      68410,     120242,    361.125,      0.000,       4.10,       1.08,     116.39,       0.00,   -176.058
86,     257.47,     941385,     422.09,     422.09,       0.00,       0.00,       0.00,     257.47,       0.00,     2155.3,     2155.3,     -0.559,     -0.000,      1.252,        0.0,        0.0,        0.0,      0.000,      0.000,      68123,     119756,    364.455,      0.000,       3.98,       1.05,     116.52,       0.00,   -176.617
87,     261.00,     924494,     422.09,     422.09,       0.00,       0.00,       0.00,     261.00,       0.00,     2148.1,     2148.1,     -0.552,     -0.000,      1.252,        0.0,        0.0,        0.0,      0.000,      0.000,      67860,     119289,    367.713,      0.000,       3.87,       1.02,     116.64,       0.00,   -177.169
88,     264.52,     908153,     422.09,     422.09,       0.00,       0.00,       0.00,     264.52,       0.00,     2141.0,     2141.0,     -0.545,     -0.000,      1.252,        0.0,        0.0,        0.0,      0.000,      0.000,      67618,     118841,    370.902,      0.000,       3.76,       0.99,     116.76,       0.00,   -177.713
89,     268.02,     892340,     422.09,     422.09,       0.00,       0.00,       0.00,     268.02,       0.00,     2133.9,     2133.9,     -0.538,     -0.000,      1.252,        0.0,        0.0,        0.0,      0.000,      0.000,      67396,     118415,    374.022,      0.000,       3.65,       0.96,     116.87,       0.00,   -178.251
90,     271.51,     877034,     422.09,     422.09,       0.00,       0.00,       0.00,     271.51,       0.00,     2127.0,     2127.0,     -0.532,     -0.000,      1.253,        0.0,        0.0,        0.0,      0.000,      0.000,      67195,     118008,    377.074,      0.000,       3.55,       0.93,     116.98,       0.00,   -178.783
91,     274.98,     862218,     422.09,     422.09,       0.00,       0.00,       0.00,     274.98,       0.00,     2120.2,     2120.2,     -0.525,     -0.000,      1.253,        0.0,        0.0,        0.0,      0.000,      0.000,      67011,     117621,    380.061,      0.000,       3.46,       0.90,     117.09,       0.00,   -179.309
92,     278.44,     847871,     422.09,     422.09,       0.00,       0.00,       0.00,     278.44,       0.00,     2113.5,     2113.5,     -0.519,     -0.000,      1.253,        0.0,        0.0,        0.0,      0.000,      0.000,      66844,     117254,    382.982,      0.000,       3.36,       0.88,     117.19,       0.00,   -179.828
93,     281.87,     833977,     422.09,     422.09,       0.00,       0.00,       0.00,     281.87,       0.00,     2106.9,     2106.9,     -0.514,     -0.000,      1.253,        0.0,        0.0,        0.0,      0.000,      0.000,      66692,     116908,    385.840,      0.000,       3.27,       0.85,     117.29,       0.00,   -180.342
94,     285.29,     820519,     422.09,     422.09,       0.00,       0.00,       0.00,     285.29,       0.00,     2100.4,     2100.4,     -0.508,     -0.000,      1.253,        0.0,        0.0,        0.0,      0.000,      0.000,      66555,     116583,    388.636,      0.000,       3.18,       0.83,     117.38,       0.00,   -180.850
95,     288.69,     807481,     422.09,     422.09,       0.00,       0.00,       0.00,     288.69,       0.00,     2094.0,     2094.0,     -0.502,     -0.000,      1.253,        0.0,        0.0,        0.0,      0.000,      0.000,      66432,     116277,    391.370,      0.000,       3.10,       0.81,     117.48,       0.00,   -181.352
96,     292.06,     794847,     422.09,     422.09,       0.00,       0.00,       0.00,     292.06,       0.00,     2087.7,     2087.7,     -0.497,     -0.000,      1.253,        0.0,        0.0,        0.0,      0.000,      0.000,      66320,     115991,    394.044,      0.000,       3.01,       0.78,     117.56,       0.00,   -181.849
97,     295.41,     782603,     422.09,     422.09,       0.00,       0.00,       0.00,     295.41,       0.00,     2081.5,     2081.5,     -0.492,     -0.000,      1.253,        0.0,        0.0,        0.0,      0.000,      0.000,      66220,     115724,    396.659,      0.000,       2.93,       0.76,     117.65,       0.00,   -182.341
98,     298.74,     770734,     422.09,     422.09,       0.00,       0.00,       0.00,     298.74,       0.00,     2075.4,     2075.4,     -0.487,     -0.000,      1.253,        0.0,        0.0,        0.0,      0.000,      0.000,      66129,     115474,    399.216,      0.000,       2.86,       0.74,     117.73,       0.00,   -182.828
99,     302.05,     759228,     422.09,     422.09,       0.00,       0.00,       0.00,     302.05,       0.00,     2069.4,     2069.4,     -0.482,     -0.000,      1.253,        0.0,        0.0,        0.0,      0.000,      0.000,      66048,     115241,    401.716,      0.000,       2.78,       0.72,     117.81,       0.00,   -183.310
100,     305.33,     748071,     422.09,     422.09,       0.00,       0.00,       0.00,     305.33,       0.00,     2063.5,     2063.5,     -0.477,     -0.000,      1.253,        0.0,        0.0,        0.0,      0.000,      0.000,      65975,     115025,    404.161,      0.000,       2.71,       0.70,     117.89,       0.00,   -183.787
101,     308.59,     737250,     422.09,     422.09,       0.00,       0.00,       0.00,     308.59,       0.00,     2057.7,     2057.7,     -0.473,     -0.000,      1.254,        0.0,        0.0,        0.0,      0.000,      0.000,      65910,     114823,    406.551,      0.000,       2.64,       0.68,     117.97,       0.00,   -184.260
102,     311.81,     726755,     422.09,     422.09,       0.00,       0.00,       0.00,     311.81,       0.00,     2052.0,     2052.0,     -0.468,     -0.000,      1.254,        0.0,        0.0,        0.0,      0.000,      0.000,      65852,     114636,    408.887,      0.000,       2.58,       0.67,     118.04,       0.00,   -184.728
103,     315.01,     716574,     422.09,     422.09,       0.00,       0.00,       0.00,     315.01,       0.00,     2046.4,     2046.4,     -0.464,     -0.000,      1.254,        0.0,        0.0,        0.0,      0.000,      0.000,      65801,     114462,    411.170,      0.000,       2.51,       0.65,     118.11,       0.00,   -185.192
104,     318.19,     706695,     422.09,     422.09,       0.00,       0.00,       0.00,     318.19,       0.00,     2040.9,     2040.9,     -0.460,     -0.000,      1.254,        0.0,        0.0,        0.0,      0.000,      0.000,      65755,     114300,    413.402,      0.000,       2.45,       0.63,     118.17,       0.00,   -185.652
105,     321.33,     697108,     422.09,     422.09,       0.00,       0.00,       0.00,     321.33,       0.00,     2035.4,     2035.4,     -0.455,     -0.000,      1.254,        0.0,        0.0,        0.0,      0.000,      0.000,      65714,     114149,    415.583,      0.000,       2.39,       0.62,     118.24,       0.00,   -186.107
106,     324.44,     687804,     422.09,     422.09,       0.00,       0.00,       0.00,     324.44,       0.00,     2030.1,     2030.1,     -0.451,     -0.000,      1.254,        0.0,        0.0,        0.0,      0.000,      0.000,      65678,     114009,    417.714,      0.000,       2.33,       0.60,     118.30,       0.00,   -186.558
107,     327.53,     678773,     422.09,     422.09,       0.00,       0.00,       0.00,     327.53,       0.00,     2024.8,     2024.8,     -0.447,     -0.000,      1.254,        0.0,        0.0,        0.0,      0.000,      0.000,      65647,     113877,    419.796,      0.000,       2.28,       0.58,     118.36,       0.00,   -187.006
108,     330.58,     670005,     422.09,     422.09,       0.00,       0.00,       0.00,     330.58,       0.00,     2019.6,     2019.6,     -0.444,     -0.000,      1.254,        0.0,        0.0,        0.0,      0.000,      0.000,      65621,     113754,    421.830,      0.000,       2.22,       0.57,     118.42,       0.00,   -187.449
109,     333.60,     661492,     422.09,     422.09,       0.00,       0.00,       0.00,     333.60,       0.00,     2014.5,     2014.5,     -0.440,     -0.000,      1.254,        0.0,        0.0,        0.0,      0.000,      0.000,      65598,     113638,    423.817,      0.000,       2.17,       0.56,     118.48,       0.00,   -187.889
110,     336.59,     653225,     422.09,     422.09,       0.00,       0.00,       0.00,     336.59,       0.00,     2009.5,     2009.5,     -0.436,     -0.000,      1.254,        0.0,        0.0,        0.0,      0.000,      0.000,      65579,     113527,    425.758,      0.000,       2.12,       0.54,     118.53,       0.00,   -188.326
111,     339.54,     645197,     422.09,     422.09,       0.00,       0.00,       0.00,     339.54,       0.00,     2004.6,     2004.6,     -0.433,     -0.000,      1.254,        0.0,        0.0,        0.0,      0.000,      0.000,      65564,     113422,    427.653,      0.000,       2.07,       0.53,     118.59,       0.00,   -188.758
112,     342.46,     637398,     422.09,     422.09,       0.00,       0.00,       0.00,     342.46,       0.00,     1999.8,     1999.8,     -0.429,     -0.000,      1.255,        0.0,        0.0,        0.0,      0.000,      0.000,      65552,     113321,    429.504,      0.000,       2.02,       0.52,     118.64,       0.00,   -189.188
113,     345.35,     629823,     422.09,     422.09,       0.00,       0.00,       0.00,     345.35,       0.00,     1995.0,     1995.0,     -0.426,     -0.000,      1.255,        0.0,        0.0,        0.0,      0.000,      0.000,      65544,     113223,    431.311,      0.000,       1.98,       0.51,     118.69,       0.00,   -189.614
114,     348.20,     622463,     422.09,     422.09,       0.00,       0.00,       0.00,     348.20,       0.00,     1990.3,     1990.3,     -0.423,     -0.000,      1.255,        0.0,        0.0,        0.0,      0.000,      0.000,      65538,     113127,    433.075,      0.000,       1.93,       0.49,     118.74,       0.00,   -190.036
115,     351.01,     615312,     422.09,     422.09,       0.00,       0.00,       0.00,     351.01,       0.00,     1985.7,     1985.7,     -0.419,     -0.000,      1.255,        0.0,        0.0,        0.0,      0.000,      0.000,      65536,     113034,    434.797,      0.000,       1.89,       0.48,     118.78,       0.00,   -190.456
116,     353.79,     608113,     422.09,     422.09,       0.00,       0.00,       0.00,     353.79,       0.00,     1980.3,     1980.3,     -0.853,     -0.000,      1.255,        0.0,        0.0,        0.0,      0.000,      0.000,      65538,     112941,    434.797,     -1.680,       1.84,       0.47,     118.84,       0.00,   -191.309
117,     356.54,     602112,     422.09,     422.09,       0.00,       0.00,       0.00,     356.54,       0.00,     1975.7,     1975.7,     -0.848,     -0.000,      1.255,        0.0,        0.0,        0.0,      0.000,      0.000,      65542,     112849,    434.797,     -3.321,       1.80,       0.46,     118.88,       0.00,   -192.157
118,     359.24,     596284,     422.09,     422.09,       0.00,       0.00,       0.00,     359.24,       0.00,     1971.1,     1971.1,     -0.844,     -0.000,      1.255,        0.0,        0.0,        0.0,      0.000,      0.000,      65549,     112758,    434.797,     -4.923,       1.76,       0.45,     118.93,       0.00,   -193.000
119,     361.91,     590623,     422.09,     422.09,       0.00,      -0.00,       0.00,     361.91,       0.00,     1966.6,     1966.6,     -0.839,     -0.000,      1.255,        0.0,        0.0,        0.4,      0.000,      0.334,      65559,     112734,    434.797,     -6.489,       1.72,       0.44,     118.97,       0.00,   -193.840
120,     364.55,     585117,     422.06,     422.06,       0.00,      -0.00,       0.03,     364.55,       0.00,     1962.1,     1962.1,     -0.835,     -0.000,      1.255,        0.0,        0.0,        2.5,      0.000,      2.086,      65573,     112970,    434.797,     -8.018,       1.68,       0.43,     119.01,       0.00,   -194.674
121,     367.14,     579728,     422.00,     422.00,       0.00,      -0.00,       0.05,     367.14,       0.00,     1957.7,     1957.7,     -0.830,     -0.000,      1.255,        0.0,        0.0,        4.6,      0.000,      3.827,      65589,     113208,    434.797,     -9.510,       1.64,       0.42,     119.05,       0.00,   -195.505
122,     369.69,     574452,     421.93,     421.93,       0.00,      -0.00,       0.08,     369.69,       0.00,     1953.3,     1953.3,     -0.826,     -0.000,      1.255,        0.0,        0.0,        6.7,      0.000,      5.557,      65608,     113460,    434.797,    -10.966,       1.60,       0.41,     119.09,       0.00,   -196.331
123,     372.21,     569286,     421.82,     421.82,       0.00,      -0.00,       0.10,     372.21,       0.00,     1949.0,     1949.0,     -0.822,     -0.000,      1.256,        0.0,        0.0,        8.8,      0.000,      7.277,      65630,     113722,    434.797,    -12.387,       1.57,       0.40,     119.13,       0.00,   -197.152
124,     374.69,     564229,     421.70,     421.70,       0.00,      -0.00,       0.12,     374.69,       0.00,     1944.7,     1944.7,     -0.818,     -0.000,      1.256,        0.0,        0.0,       10.9,      0.000,      8.986,      65655,     113986,    434.797,    -13.773,       1.53,       0.39,     119.17,       0.00,   -197.970
125,     377.12,     559277,     421.54,     421.54,       0.00,      -0.00,       0.16,     377.12,       0.00,     1940.5,     1940.5,     -0.813,     -0.000,      1.256,        0.0,        0.0,       14.1,      0.000,     11.657,      65683,     114436,    434.797,    -15.124,       1.50,       0.38,     119.21,       0.00,   -198.783
126,     379.52,     554405,     421.33,     421.33,       0.00,      -0.00,       0.21,     379.52,       0.00,     1936.3,     1936.3,     -0.809,     -0.000,      1.256,        0.0,        0.0,       18.3,      0.000,     15.032,      65714,     115020,    434.797,    -16.442,       1.47,       0.37,     119.24,       0.00,   -199.592
127,     381.87,     549596,     421.08,     421.08,       0.00,      -0.00,       0.25,     381.87,       0.00,     1932.1,     1932.1,     -0.805,     -0.000,      1.256,        0.0,        0.0,       22.5,      0.000,     18.375,      65747,     115601,    434.797,    -17.725,       1.43,       0.36,     119.28,       0.00,   -200.397
128,     384.19,     544847,     420.77,     420.77,       0.00,      -0.00,       0.31,     384.19,       0.00,     1927.9,     1927.9,     -0.801,     -0.000,      1.256,        0.0,        0.0,       27.4,      0.000,     22.222,      65784,     116292,    434.797,    -18.976,       1.40,       0.36,     119.31,       0.00,   -201.198
129,     386.46,     540147,     420.41,     420.41,       0.00,      -0.00,       0.36,     386.46,       0.00,     1923.7,     1923.7,     -0.796,     -0.000,      1.256,        0.0,        0.0,       32.5,      0.000,     26.196,      65823,     117011,    434.797,    -20.193,       1.37,       0.35,     119.35,       0.00,   -201.995
130,     388.70,     535491,     419.99,     419.99,       0.00,      -0.00,       0.41,     388.70,       0.00,     1919.5,     1919.5,     -0.792,     -0.000,      1.256,        0.0,        0.0,       37.5,      0.000,     30.128,      65864,     117727,    434.797,    -21.377,       1.34,       0.34,     119.38,       0.00,   -202.787
131,     390.89,     530877,     419.51,     419.51,       0.00,      -0.00,       0.49,     390.89,       0.00,     1915.3,     1915.3,     -0.788,     -0.000,      1.256,        0.0,        0.0,       44.3,      0.000,     35.357,      65909,     118702,    434.797,    -22.530,       1.31,       0.33,     119.41,       0.00,   -203.574
132,     393.04,     526276,     418.94,     418.94,       0.00,      -0.00,       0.57,     393.04,       0.00,     1911.1,     1911.1,     -0.783,     -0.000,      1.256,        0.0,        0.0,       52.0,      0.000,     41.171,      65956,     119792,    434.797,    -23.650,       1.28,       0.32,     119.44,       0.00,   -204.358
133,     395.14,     521673,     418.29,     418.29,       0.00,      -0.00,       0.65,     395.14,       0.00,     1906.9,     1906.9,     -0.779,     -0.000,      1.256,        0.0,        0.0,       59.7,      0.000,     46.903,      66006,     120875,    434.797,    -24.738,       1.25,       0.32,     119.48,       0.00,   -205.136
134,     397.21,     517069,     417.53,     417.53,       0.00,      -0.00,       0.76,     397.21,       0.00,     1902.6,     1902.6,     -0.774,     -0.000,      1.256,        0.0,        0.0,       70.4,      0.000,     54.769,      66058,     122405,    434.797,    -25.795,       1.22,       0.31,     119.51,       0.00,   -205.911
135,     399.23,     512415,     416.65,     416.65,       0.00,      -0.00,       0.88,     399.23,       0.00,     1898.3,     1898.3,     -0.769,     -0.000,      1.257,        0.0,        0.0,       81.5,      0.000,     62.854,      66113,     123989,    434.797,    -26.820,       1.19,       0.30,     119.54,       0.00,   -206.680
136,     401.21,     507705,     415.66,     415.66,       0.00,      -0.00,       0.99,     401.21,       0.00,     1893.9,     1893.9,     -0.764,     -0.000,      1.257,        0.0,        0.0,       92.8,      0.000,     70.895,      66171,     125587,    434.797,    -27.815,       1.16,       0.29,     119.57,       0.00,   -207.444
137,     403.15,     502938,     414.53,     414.53,       0.00,      -0.00,       1.14,     403.15,       0.00,     1889.4,     1889.4,     -0.759,     -0.000,      1.257,        0.0,        0.0,      106.8,      0.000,     80.659,      66230,     127563,    434.797,    -28.778,       1.13,       0.29,     119.60,       0.00,   -208.203
138,     405.04,     498074,     413.25,     413.25,       0.00,      -0.00,       1.28,     405.04,       0.00,     1884.9,     1884.9,     -0.754,     -0.000,      1.257,        0.0,        0.0,      120.7,      0.000,     90.233,      66292,     129509,    434.797,    -29.711,       1.10,       0.28,     119.63,       0.00,   -208.957
139,     406.89,     493117,     411.83,     411.83,       0.00,      -0.00,       1.42,     406.89,       0.00,     1880.2,     1880.2,     -0.748,     -0.000,      1.257,        0.0,        0.0,      135.2,      0.000,     99.967,      66356,     131503,    434.797,    -30.613,       1.08,       0.27,     119.66,       0.00,   -209.705
140,     408.70,     488063,     410.24,     410.24,       0.00,      -0.00,       1.58,     408.70,       0.00,     1875.4,     1875.4,     -0.742,     -0.000,      1.257,        0.0,        0.0,      151.2,      0.000,    110.583,      66423,     133691,    434.797,    -31.484,       1.05,       0.27,     119.69,       0.00,   -210.447
141,     410.47,     482889,     408.50,     408.50,       0.00,      -0.00,       1.74,     410.47,       0.00,     1870.5,     1870.5,     -0.736,     -0.000,      1.257,        0.0,        0.0,      167.3,      0.000,    120.999,      66491,     135830,    434.797,    -32.326,       1.02,       0.26,     119.73,       0.00,   -211.183
142,     412.19,     477600,     406.60,     406.60,       0.00,      -0.00,       1.91,     412.19,       0.00,     1865.5,     1865.5,     -0.729,     -0.000,      1.257,        0.0,        0.0,      184.2,      0.000,    131.807,      66561,     138048,    434.797,    -33.137,       0.99,       0.25,     119.76,       0.00,   -211.912
143,     413.86,     472188,     404.51,     404.51,       0.00,      -0.00,       2.08,     413.86,       0.00,     1860.3,     1860.3,     -0.723,     -0.000,      1.257,        0.0,        0.0,      202.4,      0.000,    143.183,      66633,     140380,    434.797,    -33.918,       0.96,       0.24,     119.79,       0.00,   -212.635
144,     415.50,     466638,     402.26,     402.26,       0.00,      -0.00,       2.25,     415.50,       0.00,     1855.0,     1855.0,     -0.716,     -0.000,      1.258,        0.0,        0.0,      220.5,      0.000,    154.363,      66707,     142647,    434.797,    -34.670,       0.93,       0.24,     119.82,       0.00,   -213.351
145,     417.08,     460956,     399.82,     399.82,       0.00,      -0.00,       2.44,     417.08,       0.00,     1849.6,     1849.6,     -0.708,     -0.000,      1.258,        0.0,        0.0,      240.4,      0.000,    166.427,      66782,     145099,    434.797,    -35.392,       0.90,       0.23,     119.85,       0.00,   -214.059
146,     418.63,     455122,     397.18,     397.18,       0.00,      -0.00,       2.64,     418.63,       0.00,     1843.9,     1843.9,     -0.701,     -0.000,      1.258,        0.0,        0.0,      261.3,      0.000,    178.946,      66858,     147634,    434.797,    -36.085,       0.87,       0.22,     119.88,       0.00,   -214.760
147,     420.13,     449126,     394.35,     394.35,       0.00,      -0.00,       2.83,     420.13,       0.00,     1838.1,     1838.1,     -0.693,     -0.000,      1.258,        0.0,        0.0,      282.2,      0.000,    191.281,      66936,     150102,    434.797,    -36.749,       0.84,       0.21,     119.92,       0.00,   -215.453
148,     421.59,     442976,     391.34,     391.34,       0.00,      -0.00,       3.01,     421.59,       0.00,     1832.1,     1832.1,     -0.684,     -0.000,      1.258,        0.0,        0.0,      303.7,      0.000,    202.995,      67014,     152399,    434.797,    -37.385,       0.81,       0.21,     119.95,       0.00,   -216.137
149,     423.00,     436690,     388.18,     388.18,       0.00,      -0.00,       3.16,     423.00,       0.00,     1825.9,     1825.9,     -0.676,     -0.000,      1.258,        0.0,        0.0,      325.3,      0.000,    213.520,      67093,     154382,    434.797,    -37.991,       0.78,       0.20,     119.98,       0.00,   -216.813
150,     424.37,     430303,     384.87,     384.87,       0.00,      -0.00,       3.31,     424.37,       0.00,     1819.6,     1819.6,     -0.667,     -0.000,      1.258,        0.0,        0.0,      347.0,      0.000,    223.728,      67173,     156260,    434.797,    -38.570,       0.75,       0.19,     120.01,       0.00,   -217.480
151,     425.69,     423825,     381.40,     381.40,       0.00,      -0.00,       3.47,     425.69,       0.00,     1813.1,     1813.1,     -0.658,     -0.000,      1.259,        0.0,        0.0,      370.7,      0.000,    234.626,      67253,     158287,    434.797,    -39.122,       0.72,       0.18,     120.04,       0.00,   -218.138
152,     426.97,     417245,     377.78,     377.78,       0.00,      -0.00,       3.62,     426.97,       0.00,     1806.5,     1806.5,     -0.649,     -0.000,      1.259,        0.0,        0.0,      394.4,      0.000,    245.201,      67333,     160210,    434.797,    -39.646,       0.70,       0.18,     120.07,       0.00,   -218.786
153,     428.20,     410575,     374.03,     374.03,       0.00,      -0.00,       3.76,     428.20,       0.00,     1799.7,     1799.7,     -0.639,     -0.000,      1.259,        0.0,        0.0,      418.4,      0.000,    255.592,      67412,     162060,    434.797,    -40.144,       0.67,       0.17,     120.11,       0.00,   -219.425
154,     429.39,     403824,     370.13,     370.13,       0.00,      -0.00,       3.90,     429.39,       0.00,     1792.8,     1792.8,     -0.629,     -0.000,      1.259,        0.0,        0.0,      443.5,      0.000,    266.191,      67491,     163951,    434.797,    -40.615,       0.64,       0.16,     120.14,       0.00,   -220.055
155,     430.54,     396994,     366.10,     366.10,       0.00,      -0.00,       4.03,     430.54,       0.00,     1785.7,     1785.7,     -0.619,     -0.000,      1.259,        0.0,        0.0,      468.6,      0.000,    276.500,      67569,     165762,    434.797,    -41.061,       0.61,       0.15,     120.17,       0.00,   -220.674
156,     431.64,     390097,     361.95,     361.95,       0.00,      -0.00,       4.15,     431.64,       0.00,     1778.4,     1778.4,     -0.609,     -0.000,      1.259,        0.0,        0.0,      493.1,      0.000,    286.279,      67646,     167432,    434.797,    -41.481,       0.58,       0.15,     120.20,       0.00,   -221.283
157,     432.69,     383153,     357.70,     357.70,       0.00,      -0.00,       4.25,     432.69,       0.00,     1771.0,     1771.0,     -0.599,     -0.000,      1.260,        0.0,        0.0,      516.6,      0.000,    295.399,      67721,     168939,    434.797,    -41.877,       0.56,       0.14,     120.23,       0.00,   -221.882
158,     433.70,     376182,     353.36,     353.36,       0.00,      -0.00,       4.34,     433.70,       0.00,     1763.5,     1763.5,     -0.589,     -0.000,      1.260,        0.0,        0.0,      540.0,      0.000,    304.310,      67795,     170432,    434.797,    -42.249,       0.53,       0.13,     120.25,       0.00,   -222.471
159,     434.67,     369194,     348.92,     348.92,       0.00,      -0.00,       4.43,     434.67,       0.00,     1755.8,     1755.8,     -0.578,     -0.000,      1.260,        0.0,        0.0,      564.4,      0.000,    313.374,      67867,     172032,    434.797,    -42.597,       0.50,       0.13,     120.28,       0.00,   -223.049
160,     435.59,     362192,     344.37,     344.37,       0.00,      -0.00,       4.55,     435.59,       0.00,     1748.1,     1748.1,     -0.568,     -0.000,      1.260,        0.0,        0.0,      590.9,      0.000,    324.594,      67936,     174310,    434.797,    -42.923,       0.48,       0.12,     120.31,       0.00,   -223.617
161,     436.47,     355135,     339.70,     339.70,       0.00,      -0.00,       4.67,     436.47,       0.00,     1740.1,     1740.1,     -0.557,     -0.000,      1.260,        0.0,        0.0,      617.4,      0.000,    336.037,      68004,     176744,    434.797,    -43.226,       0.45,       0.11,     120.34,       0.00,   -224.173
162,     437.30,     348029,     334.92,     334.92,       0.00,      -0.00,       4.78,     437.30,       0.00,     1732.0,     1732.0,     -0.546,     -0.000,      1.261,        0.0,        0.0,      643.6,      0.000,    347.311,      68068,     179215,    434.797,    -43.507,       0.43,       0.11,     120.36,       0.00,   -224.720
163,     438.08,     340885,     330.05,     330.05,       0.00,      -0.00,       4.87,     438.08,       0.00,     1723.7,     1723.7,     -0.535,     -0.000,      1.261,        0.0,        0.0,      669.4,      0.000,    358.429,      68130,     181722,    434.797,    -43.768,       0.41,       0.10,     120.39,       0.00,   -225.255
164,     438.83,     333718,     325.09,     325.09,       0.00,      -0.00,       4.96,     438.83,       0.00,     1715.3,     1715.3,     -0.524,     -0.000,      1.261,        0.0,        0.0,      695.2,      0.000,    369.587,      68189,     184321,    434.797,    -44.008,       0.38,       0.10,     120.41,       0.00,   -225.779
165,     439.52,     326536,     320.04,     320.04,       0.00,      -0.00,       5.05,     439.52,       0.00,     1706.8,     1706.8,     -0.513,     -0.000,      1.261,        0.0,        0.0,      721.5,      0.000,    381.040,      68245,     187089,    434.797,    -44.228,       0.36,       0.09,     120.44,       0.00,   -226.292
166,     440.17,     319345,     314.92,     314.92,       0.00,      -0.00,       5.12,     440.17,       0.00,     1698.0,     1698.0,     -0.502,     -0.000,      1.262,        0.0,        0.0,      748.0,      0.000,    392.719,      68299,     190004,    434.797,    -44.429,       0.34,       0.09,     120.46,       0.00,   -226.794
167,     440.78,     312152,     309.73,     309.73,       0.00,      -0.00,       5.19,     440.78,       0.00,     1689.1,     1689.1,     -0.491,     -0.000,      1.262,        0.0,        0.0,      774.5,      0.000,    404.559,      68351,     193043,    434.797,    -44.612,       0.32,       0.08,     120.48,       0.00,   -227.284
168,     441.34,     304965,     304.48,     304.48,       0.00,      -0.00,       5.25,     441.34,       0.00,     1680.1,     1680.1,     -0.479,     -0.000,      1.262,        0.0,        0.0,      800.4,      0.000,    416.312,      68401,     196124,    434.797,    -44.776,       0.30,       0.08,     120.50,       0.00,   -227.763
169,     441.86,     297797,     299.17,     299.17,       0.00,      -0.00,       5.30,     441.86,       0.00,     1671.0,     1671.0,     -0.468,     -0.000,      1.262,        0.0,        0.0,      826.2,      0.000,    428.271,      68450,     199522,    434.797,    -44.923,       0.28,       0.07,     120.53,       0.00,   -228.232
170,     442.33,     290657,     293.84,     293.84,       0.00,      -0.00,       5.33,     442.33,       0.00,     1661.7,     1661.7,     -0.457,     -0.000,      1.263,        0.0,        0.0,      852.0,      0.000,    439.472,      68498,     202687,    434.797,    -45.054,       0.26,       0.07,     120.55,       0.00,   -228.688
171,     442.76,     283568,     288.51,     288.51,       0.00,      -0.00,       5.33,     442.76,       0.00,     1652.3,     1652.3,     -0.446,     -0.000,      1.263,        0.0,        0.0,      877.1,      0.000,    448.570,      68548,     205064,    434.797,    -45.169,       0.24,       0.06,     120.56,       0.00,   -229.134
172,     443.14,     276568,     283.18,     283.18,       0.00,      -0.00,       5.33,     443.14,       0.00,     1642.8,     1642.8,     -0.434,     -0.000,      1.263,        0.0,        0.0,      902.2,      0.000,    457.717,      68599,     207391,    434.797,    -45.268,       0.23,       0.06,     120.58,       0.00,   -229.568
173,     443.48,     269662,     277.92,     277.92,       0.00,      -0.00,       5.27,     443.48,       0.00,     1633.2,     1633.2,     -0.423,     -0.000,      1.264,        0.0,        0.0,      927.3,      0.000,    456.891,      68654,     206090,    434.797,    -45.353,       0.21,       0.05,     120.60,       0.00,   -229.992
174,     443.77,     262909,     272.74,     272.74,       0.00,      -0.00,       5.17,     443.77,       0.00,     1623.7,     1623.7,     -0.413,     -0.000,      1.264,        0.0,        0.0,      952.5,      0.000,    452.463,      68715,     203352,    434.797,    -45.424,       0.20,       0.05,     120.62,       0.00,   -230.405
175,     444.02,     256350,     267.66,     267.66,       0.00,      -0.00,       5.09,     444.02,       0.00,     1614.2,     1614.2,     -0.402,     -0.000,      1.264,        0.0,        0.0,      977.6,      0.000,    446.667,      68783,     200008,    434.797,    -45.482,       0.18,       0.05,     120.63,       0.00,   -230.807
176,     444.22,     249970,     262.61,     262.61,       0.00,      -0.00,       5.05,     444.22,       0.00,     1604.8,     1604.8,     -0.392,     -0.000,      1.265,        0.0,        0.0,     1002.7,      0.000,    439.083,      68862,     195929,    434.797,    -45.527,       0.17,       0.04,     120.65,       0.00,   -231.199
177,     444.38,     243713,     257.61,     257.61,       0.00,      -0.00,       5.00,     444.38,       0.00,     1595.4,     1595.4,     -0.382,     -0.000,      1.265,        0.0,        0.0,     1027.8,      0.000,    431.693,      68955,     191848,    434.797,    -45.560,       0.16,       0.04,     120.66,       0.00,   -231.580
178,     444.49,     237578,     252.66,     252.66,       0.00,      -0.00,       4.95,     444.49,       0.00,     1586.0,     1586.0,     -0.372,     -0.000,      1.265,        0.0,        0.0,     1052.9,      0.000,    424.439,      69065,     187783,    434.797,    -45.581,       0.14,       0.04,     120.67,       0.00,   -231.952
179,     444.56,     231569,     247.76,     247.76,       0.00,      -0.00,       4.90,     444.56,       0.00,     1576.6,     1576.6,     -0.362,     -0.000,      1.266,        0.0,        0.0,     1077.2,      0.000,    417.238,      69197,     183768,    434.797,    -45.591,       0.13,       0.03,     120.68,       0.00,   -232.315
180,     444.58,     225691,     242.92,     242.92,       0.00,      -0.00,       4.84,     444.58,       0.00,     1567.1,     1567.1,     -0.353,     -0.000,      1.266,        0.0,        0.0,     1100.9,      0.000,    409.955,      69354,     179832,    434.797,    -45.591,       0.12,       0.03,     120.69,       0.00,   -232.667
181,     444.56,     219949,     238.15,     238.15,       0.00,      -0.00,       4.77,     444.56,       0.00,     1557.7,     1557.7,     -0.343,     -0.000,      1.266,        0.0,        0.0,     1124.6,      0.000,    402.413,      69542,     175993,    434.797,    -45.582,       0.11,       0.03,     120.71,       0.00,   -233.011
182,     444.49,     214347,     233.46,     233.46,       0.00,      -0.00,       4.69,     444.49,       0.00,     1548.4,     1548.4,     -0.334,     -0.000,      1.267,        0.0,        0.0,     1148.3,      0.000,    394.451,      69766,     172273,    434.797,    -45.562,       0.11,       0.03,     120.71,       0.00,   -233.345
183,     444.38,     208890,     228.85,     228.85,       0.00,      -0.00,       4.61,     444.38,       0.00,     1539.0,     1539.0,     -0.325,     -0.000,      1.267,        0.0,        0.0,     1172.0,      0.000,    385.993,      70030,     168710,    434.797,    -45.534,       0.10,       0.02,     120.72,       0.00,   -233.670
184,     444.22,     203583,     224.33,     224.33,       0.00,      -0.00,       4.52,     444.22,       0.00,     1529.8,     1529.8,     -0.317,     -0.000,      1.267,        0.0,        0.0,     1195.8,      0.000,    377.267,      70342,     165269,    434.797,    -45.497,       0.09,       0.02,     120.73,       0.00,   -233.987
185,     444.02,     198429,     219.91,     219.91,       0.00,      -0.00,       4.42,     444.02,       0.00,     1520.6,     1520.6,     -0.308,     -0.000,      1.268,        0.0,        0.0,     1216.1,      0.000,    367.913,      70710,     162069,    434.797,    -45.453,       0.08,       0.02,     120.74,       0.00,   -234.295
186,     443.77,     193446,     215.60,     215.60,       0.00,      -0.00,       4.31,     443.77,       0.00,     1511.5,     1511.5,     -0.300,     -0.000,      1.268,        0.0,        0.0,     1236.4,      0.000,    357.900,      71140,     159070,    434.797,    -45.401,       0.08,       0.02,     120.75,       0.00,   -234.595
187,     443.48,     188637,     211.41,     211.41,       0.00,      -0.00,       4.19,     443.48,       0.00,     1502.5,     1502.5,     -0.292,     -0.000,      1.268,        0.0,        0.0,     1256.7,      0.000,    347.219,      71637,     156271,    434.797,    -45.341,       0.07,       0.02,     120.75,       0.00,   -234.887
188,     443.14,     184006,     207.34,     207.34,       0.00,      -0.00,       4.07,     443.14,       0.00,     1493.6,     1493.6,     -0.284,     -0.000,      1.269,        0.0,        0.0,     1278.8,      0.000,    335.845,      72209,     153650,    434.797,    -45.275,       0.06,       0.02,     120.76,       0.00,   -235.172
189,     442.76,     179551,     203.40,     203.40,       0.00,      -0.00,       3.95,     442.76,       0.00,     1484.9,     1484.9,     -0.277,     -0.000,      1.269,        0.0,        0.0,     1301.1,      0.000,    323.969,      72861,     151199,    434.797,    -45.202,       0.06,       0.02,     120.76,       0.00,   -235.449
190,     442.33,     175277,     199.58,     199.58,       0.00,      -0.00,       3.82,     442.33,       0.00,     1476.4,     1476.4,     -0.270,     -0.000,      1.269,        0.0,        0.0,     1323.3,      0.000,    311.702,      73599,     148909,    434.797,    -45.124,       0.05,       0.01,     120.77,       0.00,   -235.719
191,     441.86,     171183,     195.90,     195.90,       0.00,      -0.00,       3.68,     441.86,       0.00,     1468.1,     1468.1,     -0.263,     -0.000,      1.270,        0.0,        0.0,     1344.2,      0.000,    298.810,      74424,     146693,    434.797,    -45.039,       0.05,       0.01,     120.77,       0.00,   -235.982
192,     441.34,     167283,     192.37,     192.37,       0.00,      -0.00,       3.53,     441.34,       0.00,     1459.9,     1459.9,     -0.257,     -0.000,      1.270,        0.0,        0.0,     1365.2,      0.000,    285.563,      75341,     144599,    434.797,    -44.949,       0.05,       0.01,     120.78,       0.00,   -236.239
193,     440.78,     163579,     188.99,     188.99,       0.00,      -0.00,       3.38,     440.78,       0.00,     1452.0,     1452.0,     -0.251,     -0.000,      1.270,        0.0,        0.0,     1385.9,      0.000,    272.116,      76348,     142646,    434.797,    -44.853,       0.04,       0.01,     120.78,       0.00,   -236.489
194,     440.17,     160070,     185.76,     185.76,       0.00,      -0.00,       3.23,     440.17,       0.00,     1444.4,     1444.4,     -0.245,     -0.000,      1.271,        0.0,        0.0,     1406.1,      0.000,    258.738,      77444,     140871,    434.797,    -44.752,       0.04,       0.01,     120.79,       0.00,   -236.734
195,     439.52,     156753,     182.68,     182.68,       0.00,      -0.00,       3.08,     439.52,       0.00,     1437.0,     1437.0,     -0.239,     -0.000,      1.271,        0.0,        0.0,     1426.4,      0.000,    245.276,      78625,     139241,    434.797,    -44.647,       0.04,       0.01,     120.79,       0.00,   -236.973
196,     438.83,     153627,     179.76,     179.76,       0.00,      -0.00,       2.93,     438.83,       0.00,     1429.8,     1429.8,     -0.234,     -0.000,      1.271,        0.0,        0.0,     1445.9,      0.000,    231.744,      79884,     137735,    434.797,    -44.536,       0.03,       0.01,     120.79,       0.00,   -237.207
197,     438.08,     150692,     176.98,     176.98,       0.00,      -0.00,       2.77,     438.08,       0.00,     1423.0,     1423.0,     -0.229,     -0.000,      1.271,        0.0,        0.0,     1464.8,      0.000,    218.217,      81213,     136347,    434.797,    -44.421,       0.03,       0.01,     120.79,       0.00,   -237.435
198,     437.30,     147947,     174.36,     174.36,       0.00,      -0.00,       2.62,     437.30,       0.00,     1416.4,     1416.4,     -0.224,     -0.000,      1.272,        0.0,        0.0,     1483.6,      0.000,    204.735,      82602,     135071,    434.797,    -44.301,       0.03,       0.01,     120.80,       0.00,   -237.659
199,     436.47,     145391,     171.90,     171.90,       0.00,      -0.00,       2.47,     436.47,       0.00,     1410.2,     1410.2,     -0.220,     -0.000,      1.272,        0.0,        0.0,     1502.4,      0.000,    191.416,      84041,     133921,    434.797,    -44.177,       0.03,       0.01,     120.80,       0.00,   -237.879
200,     435.59,     143020,     169.58,     169.58,       0.00,      -0.00,       2.31,     435.59,       0.00,     1404.3,     1404.3,     -0.216,     -0.000,      1.272,        0.0,        0.0,     1521.3,      0.000,    178.259,      85517,     132880,    434.797,    -44.049,       0.03,       0.01,     120.80,       0.00,   -238.095
201,     434.67,     140832,     167.42,     167.42,       0.00,      -0.00,       2.16,     434.67,       0.00,     1398.7,     1398.7,     -0.212,     -0.000,      1.272,        0.0,        0.0,     1540.1,      0.000,    165.196,      87019,     131943,    434.797,    -43.916,       0.02,       0.01,     120.80,       0.00,   -238.306
202,     433.70,     138825,     165.42,     165.42,       0.00,      -0.00,       2.01,     433.70,       0.00,     1393.4,     1393.4,     -0.208,     -0.000,      1.273,        0.0,        0.0,     1557.1,      0.000,    152.248,      88537,     131118,    434.797,    -43.779,       0.02,       0.01,     120.80,       0.00,   -238.514
203,     432.69,     137001,     163.57,     163.57,       0.00,      -0.00,       1.85,     432.69,       0.00,     1388.5,     1388.5,     -0.205,     -0.000,      1.273,        0.0,        0.0,     1573.9,      0.000,    139.380,      90058,     130400,    434.797,    -43.637,       0.02,       0.01,     120.81,       0.00,   -238.719
204,     431.64,     135358,     161.87,     161.87,       0.00,      -0.00,       1.69,     431.64,       0.00,     1383.9,     1383.9,     -0.202,     -0.000,      1.273,        0.0,        0.0,     1590.6,      0.000,    126.572,      91574,     129789,    434.797,    -43.491,       0.02,       0.01,     120.81,       0.00,   -238.921
205,     430.54,     133897,     160.33,     160.33,       0.00,      -0.00,       1.54,     430.54,       0.00,     1379.7,     1379.7,     -0.199,     -0.000,      1.273,        0.0,        0.0,     1607.4,      0.000,    113.884,      93074,     129281,    434.797,    -43.341,       0.02,       0.01,     120.81,       0.00,   -239.120
206,     429.39,     132618,     158.95,     158.95,       0.00,      -0.00,       1.38,     429.39,       0.00,     1375.9,     1375.9,     -0.197,     -0.000,      1.273,        0.0,        0.0,     1624.1,      0.000,    101.404,      94551,     128867,    434.797,    -43.186,       0.02,       0.01,     120.81,       0.00,   -239.317
207,     428.20,     131519,     157.72,     157.72,       0.00,      -0.00,       1.23,     428.20,       0.00,     1372.4,     1372.4,     -0.194,     -0.000,      1.274,        0.0,        0.0,     1640.4,      0.000,     89.325,      95998,     128537,    434.797,    -43.027,       0.02,       0.00,     120.81,       0.00,   -239.511
208,     426.97,     130598,     156.64,     156.64,       0.00,      -0.00,       1.08,     426.97,       0.00,     1369.3,     1369.3,     -0.193,     -0.000,      1.274,        0.0,        0.0,     1655.0,      0.000,     77.707,      97409,     128288,    434.797,    -42.863,       0.02,       0.00,     120.81,       0.00,   -239.704
209,     425.69,     129851,     155.71,     155.71,       0.00,      -0.00,       0.93,     425.69,       0.00,     1366.7,     1366.7,     -0.191,     -0.000,      1.274,        0.0,        0.0,     1669.7,      0.000,     66.680,      98781,     128111,    434.797,    -42.694,       0.02,       0.00,     120.81,       0.00,   -239.895
210,     424.37,     129273,     154.91,     154.91,       0.00,      -0.00,       0.80,     424.37,       0.00,     1364.3,     1364.3,     -0.189,     -0.000,      1.274,        0.0,        0.0,     1684.3,      0.000,     56.361,     100109,     128001,    434.797,    -42.520,       0.02,       0.00,     120.81,       0.00,   -240.084
211,     423.00,     128856,     154.24,     154.24,       0.00,      -0.00,       0.67,     423.00,       0.00,     1362.4,     1362.4,     -0.188,     -0.000,      1.274,        0.0,        0.0,     1699.0,      0.000,     46.864,     101394,     127979,    434.797,    -42.341,       0.02,       0.00,     120.81,       0.00,   -240.272
212,     421.59,     128591,     153.69,     153.69,       0.00,      -0.00,       0.55,     421.59,       0.00,     1360.8,     1360.8,     -0.187,     -0.000,      1.274,        0.0,        0.0,     1713.6,      0.000,     38.242,     102633,     128011,    434.797,    -42.156,       0.02,       0.00,     120.81,       0.00,   -240.460
213,     420.13,     128468,     153.25,     153.25,       0.00,      -0.00,       0.44,     420.13,       0.00,     1359.5,     1359.5,     -0.187,     -0.000,      1.274,        0.0,        0.0,     1726.7,      0.000,     30.490,     103829,     128102,    434.797,    -41.966,       0.02,       0.00,     120.81,       0.00,   -240.646
214,     418.63,     128477,     152.90,     152.90,       0.00,      -0.00,       0.35,     418.63,       0.00,     1358.5,     1358.5,     -0.186,     -0.000,      1.274,        0.0,        0.0,     1738.7,      0.000,     23.669,     104982,     128258,    434.797,    -41.771,       0.02,       0.00,     120.81,       0.00,   -240.833
215,     417.08,     128607,     152.64,     152.64,       0.00,      -0.00,       0.26,     417.08,       0.00,     1357.8,     1357.8,     -0.186,     -0.000,      1.274,        0.0,        0.0,     1750.8,      0.000,     17.769,     106092,     128484,    434.797,    -41.569,       0.02,       0.00,     120.81,       0.00,   -241.018
216,     415.50,     128846,     152.45,     152.45,       0.00,      -0.00,       0.19,     415.50,       0.00,     1357.3,     1357.3,     -0.185,     -0.000,      1.274,        0.0,        0.0,     1762.7,      0.000,     12.845,     107161,     128782,    434.797,    -41.361,       0.02,       0.00,     120.81,       0.00,   -241.204
217,     413.86,     129181,     152.31,     152.31,       0.00,      -0.00,       0.13,     413.86,       0.00,     1357.0,     1357.0,     -0.185,     -0.000,      1.274,        0.0,        0.0,     1774.6,      0.000,      8.888,     108190,     129151,    434.797,    -41.148,       0.02,       0.00,     120.81,       0.00,   -241.389
218,     412.19,     129599,     152.22,     152.22,       0.00,      -0.00,       0.09,     412.19,       0.00,     1356.9,     1356.9,     -0.185,     -0.000,      1.274,        0.0,        0.0,     1786.4,      0.000,      5.864,     109181,     129586,    434.797,    -40.928,       0.02,       0.00,     120.81,       0.00,   -241.574
219,     410.47,     130087,     152.11,     152.11,       0.00,      -0.00,       0.11,     410.47,       0.00,     1357.0,     1357.0,     -0.185,     -0.000,      1.274,        0.0,        0.0,     1797.8,      0.000,      7.267,     110134,     130920,    434.797,    -40.701,       0.02,       0.00,     120.81,       0.00,   -241.760
220,     408.70,     130573,     152.03,     152.03,       0.00,      -0.00,       0.09,     408.70,       0.00,     1357.0,     1357.0,     -0.185,     -0.000,      1.274,        0.0,        0.0,     1809.0,      0.000,      5.516,     111052,     131336,    434.797,    -40.468,       0.02,       0.00,     120.81,       0.00,   -241.945
221,     406.89,     131110,     151.95,     151.95,       0.00,      -0.00,       0.07,     406.89,       0.00,     1357.1,     1357.1,     -0.186,     -0.000,      1.274,        0.0,        0.0,     1820.1,      0.000,      4.685,     111935,     131806,    434.797,    -40.228,       0.02,       0.00,     120.81,       0.00,   -242.131
222,     405.04,     131683,     151.87,     151.87,       0.00,      -0.00,       0.08,     405.04,       0.00,     1357.4,     1357.4,     -0.186,     -0.000,      1.274,        0.0,        0.0,     1830.0,      0.000,      5.241,     112786,     132435,    434.797,    -39.981,       0.02,       0.00,     120.81,       0.00,   -242.316
223,     403.15,     132269,     151.76,     151.76,       0.00,      -0.00,       0.11,     403.15,       0.00,     1357.6,     1357.6,     -0.186,     -0.000,      1.274,        0.0,        0.0,     1839.8,      0.000,      6.780,     113606,     133121,    434.797,    -39.728,       0.02,       0.00,     120.81,       0.00,   -242.502
224,     401.21,     132851,     151.68,     151.68,       0.00,      -0.00,       0.08,     401.21,       0.00,     1357.8,     1357.8,     -0.186,     -0.000,      1.274,        0.0,        0.0,     1849.4,      0.000,      5.080,     114395,     132841,    434.797,    -39.468,       0.02,       0.00,     120.81,       0.00,   -242.688
225,     399.23,     133486,     151.55,     151.55,       0.00,      -0.00,       0.13,     399.23,       0.00,     1358.1,     1358.1,     -0.186,     -0.000,      1.274,        0.0,        0.0,     1857.8,      0.000,      7.872,     115157,     133463,    434.797,    -39.201,       0.02,       0.00,     120.81,       0.00,   -242.874
226,     397.21,     134095,     151.36,     151.36,       0.00,      -0.00,       0.19,     397.21,       0.00,     1358.4,     1358.4,     -0.186,     -0.000,      1.274,        0.0,        0.0,     1866.2,      0.000,     11.282,     115890,     134048,    434.797,    -38.927,       0.02,       0.00,     120.81,       0.00,   -243.061
227,     395.14,     134663,     151.11,     151.11,       0.00,      -0.00,       0.25,     395.14,       0.00,     1358.5,     1358.5,     -0.186,     -0.000,      1.274,        0.0,        0.0,     1874.3,      0.000,     15.252,     116598,     134578,    434.797,    -38.646,       0.02,       0.00,     120.81,       0.00,   -243.247
228,     393.04,     135180,     150.78,     150.78,       0.00,      -0.00,       0.33,     393.04,       0.00,     1358.6,     1358.6,     -0.186,     -0.000,      1.274,        0.0,        0.0,     1882.0,      0.000,     19.726,     117281,     135037,    434.797,    -38.358,       0.02,       0.00,     120.81,       0.00,   -243.433
229,     390.89,     135633,     150.37,     150.37,       0.00,      -0.00,       0.41,     390.89,       0.00,     1358.4,     1358.4,     -0.186,     -0.000,      1.274,        0.0,        0.0,     1889.7,      0.000,     24.634,     117940,     135411,    434.797,    -38.064,       0.02,       0.00,     120.81,       0.00,   -243.619
230,     388.70,     136013,     149.86,     149.86,       0.00,      -0.00,       0.51,     388.70,       0.00,     1358.1,     1358.1,     -0.186,     -0.000,      1.274,        0.0,        0.0,     1897.0,      0.000,     29.932,     118575,     135686,    434.797,    -37.763,       0.02,       0.00,     120.81,       0.00,   -243.805
231,     386.46,     136308,     149.25,     149.25,       0.00,      -0.00,       0.61,     386.46,       0.00,     1357.7,     1357.7,     -0.185,     -0.000,      1.274,        0.0,        0.0,     1904.0,      0.000,     35.563,     119188,     135849,    434.797,    -37.456,       0.02,       0.00,     120.81,       0.00,   -243.990
232,     384.19,     136511,     148.55,     148.55,       0.00,      -0.00,       0.71,     384.19,       0.00,     1357.0,     1357.0,     -0.185,     -0.000,      1.274,        0.0,        0.0,     1911.0,      0.000,     41.465,     119780,     135890,    434.797,    -37.142,       0.02,       0.00,     120.81,       0.00,   -244.175
233,     381.87,     136613,     147.73,     147.73,       0.00,      -0.00,       0.82,     381.87,       0.00,     1356.1,     1356.1,     -0.184,     -0.000,      1.274,        0.0,        0.0,     1917.0,      0.000,     47.576,     120351,     135800,    434.797,    -36.823,       0.01,       0.00,     120.81,       0.00,   -244.359
234,     379.52,     136610,     146.80,     146.80,       0.00,      -0.00,       0.93,     379.52,       0.00,     1355.0,     1355.0,     -0.183,     -0.000,      1.274,        0.0,        0.0,     1922.6,      0.000,     53.841,     120902,     135574,    434.797,    -36.499,       0.01,       0.00,     120.81,       0.00,   -244.543
235,     377.12,     136495,     145.77,     145.77,       0.00,      -0.00,       1.04,     377.12,       0.00,     1353.6,     1353.6,     -0.182,     -0.000,      1.275,        0.0,        0.0,     1928.2,      0.000,     60.195,     121433,     135209,    434.797,    -36.169,       0.01,       0.00,     120.81,       0.00,   -244.725
236,     374.69,     136265,     144.62,     144.62,       0.00,      -0.00,       1.15,     374.69,       0.00,     1352.0,     1352.0,     -0.181,     -0.000,      1.275,        0.0,        0.0,     1932.6,      0.000,     66.593,     121945,     134702,    434.797,    -35.834,       0.01,       0.00,     120.81,       0.00,   -244.906
237,     372.21,     135920,     143.36,     143.36,       0.00,      -0.00,       1.26,     372.21,       0.00,     1350.1,     1350.1,     -0.180,     -0.000,      1.275,        0.0,        0.0,     1936.8,      0.000,     72.994,     122439,     134056,    434.797,    -35.495,       0.01,       0.00,     120.81,       0.00,   -245.086
238,     369.69,     135457,     142.00,     142.00,       0.00,      -0.00,       1.36,     369.69,       0.00,     1348.0,     1348.0,     -0.178,     -0.000,      1.275,        0.0,        0.0,     1940.9,      0.000,     79.360,     122915,     133272,    434.797,    -35.151,       0.01,       0.00,     120.81,       0.00,   -245.264
239,     367.14,     134878,     140.53,     140.53,       0.00,      -0.00,       1.47,     367.14,       0.00,     1345.6,     1345.6,     -0.176,     -0.000,      1.275,        0.0,        0.0,     1944.4,      0.000,     85.703,     123374,     132352,    434.797,    -34.804,       0.01,       0.00,     120.82,       0.00,   -245.440
240,     364.55,     134183,     138.96,     138.96,       0.00,      -0.00,       1.57,     364.55,       0.00,     1342.9,     1342.9,     -0.175,     -0.000,      1.275,        0.0,        0.0,     1947.9,      0.000,     91.937,     123815,     131303,    434.797,    -34.454,       0.01,       0.00,     120.82,       0.00,   -245.615
241,     361.91,     133374,     137.30,     137.30,       0.00,      -0.00,       1.66,     361.91,       0.00,     1340.0,     1340.0,     -0.172,     -0.000,      1.275,        0.0,        0.0,     1951.0,      0.000,     98.057,     124241,     130130,    434.797,    -34.100,       0.01,       0.00,     120.82,       0.00,   -245.787
242,     359.24,     132455,     135.54,     135.54,       0.00,      -0.00,       1.76,     359.24,       0.00,     1336.9,     1336.9,     -0.170,     -0.000,      1.275,        0.0,        0.0,     1952.9,      0.000,    104.036,     124653,     128840,    434.797,    -33.744,       0.01,       0.00,     120.82,       0.00,   -245.957
243,     356.54,     131429,     133.70,     133.70,       0.00,      -0.00,       1.84,     356.54,       0.00,     1333.5,     1333.5,     -0.168,     -0.000,      1.275,        0.0,        0.0,     1954.8,      0.000,    109.888,     125048,     127440,    434.797,    -33.386,       0.01,       0.00,     120.82,       0.00,   -246.125
244,     353.79,     130302,     131.78,     131.78,       0.00,      -0.00,       1.92,     353.79,       0.00,     1329.8,     1329.8,     -0.166,     -0.000,      1.276,        0.0,        0.0,     1956.6,      0.000,    115.580,     125427,     125939,    434.797,    -33.026,       0.01,       0.00,     120.82,       0.00,   -246.291
245,     351.01,     129077,     129.79,     129.79,       0.00,      -0.00,       2.00,     351.01,       0.00,     1325.9,     1325.9,     -0.163,     -0.000,      1.276,        0.0,        0.0,     1958.0,      0.000,    121.094,     125791,     124345,    434.797,    -32.665,       0.01,       0.00,     120.82,       0.00,   -246.454
246,     348.20,     127760,     127.72,     127.72,       0.00,      -0.00,       2.06,     348.20,       0.00,     1321.8,     1321.8,     -0.160,     -0.000,      1.276,        0.0,        0.0,     1959.4,      0.000,    126.419,     126140,     122668,    434.797,    -32.303,       0.01,       0.00,     120.82,       0.00,   -246.614
247,     345.35,     126357,     125.60,     125.60,       0.00,      -0.00,       2.13,     345.35,       0.00,     1317.5,     1317.5,     -0.158,     -0.000,      1.276,        0.0,        0.0,     1960.4,      0.000,    131.541,     126474,     120914,    434.797,    -31.940,       0.01,       0.00,     120.82,       0.00,   -246.772
248,     342.46,     124873,     123.42,     123.42,       0.00,      -0.00,       2.18,     342.46,       0.00,     1313.0,     1313.0,     -0.155,     -0.000,      1.276,        0.0,        0.0,     1960.4,      0.000,    136.417,     126795,     119096,    434.797,    -31.578,       0.01,       0.00,     120.82,       0.00,   -246.926
249,     339.54,     123317,     121.19,     121.19,       0.00,      -0.00,       2.23,     339.54,       0.00,     1308.2,     1308.2,     -0.152,     -0.000,      1.277,        0.0,        0.0,     1960.4,      0.000,    141.002,     127102,     117228,    434.797,    -31.215,       0.01,       0.00,     120.82,       0.00,   -247.078
250,     336.59,     121696,     118.93,     118.93,       0.00,      -0.00,       2.26,     336.59,       0.00,     1303.3,     1303.3,     -0.149,     -0.000,      1.277,        0.0,        0.0,     1959.6,      0.000,    145.257,     127397,     115320,    434.797,    -30.854,       0.01,       0.00,     120.82,       0.00,   -247.227
251,     333.60,     120019,     116.63,     116.63,       0.00,      -0.00,       2.30,     333.60,       0.00,     1298.2,     1298.2,     -0.146,     -0.000,      1.277,        0.0,        0.0,     1958.2,      0.000,    149.167,     127678,     113386,    434.797,    -30.493,       0.01,       0.00,     120.82,       0.00,   -247.372
252,     330.58,     118295,     114.31,     114.31,       0.00,      -0.00,       2.32,     330.58,       0.00,     1292.9,     1292.9,     -0.143,     -0.000,      1.277,        0.0,        0.0,     1956.8,      0.000,    152.718,     127947,     111439,    434.797,    -30.134,       0.01,       0.00,     120.82,       0.00,   -247.515
253,     327.53,     116533,     111.98,     111.98,       0.00,      -0.00,       2.33,     327.53,       0.00,     1287.5,     1287.5,     -0.139,     -0.000,      1.278,        0.0,        0.0,     1954.9,      0.000,    155.914,     128204,     109484,    434.797,    -29.777,       0.01,       0.00,     120.82,       0.00,   -247.654
254,     324.44,     114741,     109.64,     109.64,       0.00,      -0.00,       2.34,     324.44,       0.00,     1282.0,     1282.0,     -0.136,     -0.000,      1.278,        0.0,        0.0,     1952.8,      0.000,    158.775,     128449,     107532,    434.797,    -29.421,       0.01,       0.00,     120.82,       0.00,   -247.791
255,     321.33,     112926,     107.29,     107.29,       0.00,      -0.00,       2.35,     321.33,       0.00,     1276.3,     1276.3,     -0.133,     -0.000,      1.278,        0.0,        0.0,     1950.8,      0.000,    161.332,     128682,     105586,    434.797,    -29.068,       0.01,       0.00,     120.82,       0.00,   -247.924
256,     318.19,     111095,     104.95,     104.95,       0.00,      -0.00,       2.34,     318.19,       0.00,     1270.6,     1270.6,     -0.130,     -0.000,      1.279,        0.0,        0.0,     1947.4,      0.000,    163.592,     128905,     103649,    434.797,    -28.717,       0.01,       0.00,     120.82,       0.00,   -248.054
257,     315.01,     109256,     102.62,     102.62,       0.00,      -0.00,       2.33,     315.01,       0.00,     1264.8,     1264.8,     -0.127,     -0.000,      1.279,        0.0,        0.0,     1943.9,      0.000,    165.587,     129117,     101730,    434.797,    -28.369,       0.00,       0.00,     120.82,       0.00,   -248.180
258,     311.81,     107414,     100.30,     100.30,       0.00,      -0.00,       2.32,     311.81,       0.00,     1258.9,     1258.9,     -0.124,     -0.000,      1.279,        0.0,        0.0,     1940.4,      0.000,    167.340,     129318,      99831,    434.797,    -28.024,       0.00,       0.00,     120.82,       0.00,   -248.304
259,     308.59,     105573,      97.99,      97.99,       0.00,      -0.00,       2.30,     308.59,       0.00,     1252.9,     1252.9,     -0.121,     -0.000,      1.279,        0.0,        0.0,     1936.2,      0.000,    168.851,     129509,      97955,    434.797,    -27.681,       0.00,       0.00,     120.83,       0.00,   -248.425
260,     305.33,     103739,      95.71,      95.71,       0.00,      -0.00,       2.28,     305.33,       0.00,     1246.9,     1246.9,     -0.117,     -0.000,      1.280,        0.0,        0.0,     1932.0,      0.000,    170.145,     129691,      96106,    434.797,    -27.342,       0.00,       0.00,     120.83,       0.00,   -248.542
261,     302.05,     101916,      93.44,      93.44,       0.00,      -0.00,       2.26,     302.05,       0.00,     1240.9,     1240.9,     -0.114,     -0.000,      1.280,        0.0,        0.0,     1927.4,      0.000,    171.219,     129862,      94287,    434.797,    -27.007,       0.00,       0.00,     120.83,       0.00,   -248.657
262,     298.74,     100107,      91.21,      91.21,       0.00,      -0.00,       2.23,     298.74,       0.00,     1234.8,     1234.8,     -0.111,     -0.000,      1.280,        0.0,        0.0,     1921.8,      0.000,    172.074,     130025,      92498,    434.797,    -26.675,       0.00,       0.00,     120.83,       0.00,   -248.768
263,     295.41,      98317,      89.00,      89.00,       0.00,      -0.00,       2.21,     295.41,       0.00,     1228.7,     1228.7,     -0.109,     -0.000,      1.281,        0.0,        0.0,     1916.2,      0.000,    172.735,     130179,      90745,    434.797,    -26.346,       0.00,       0.00,     120.83,       0.00,   -248.877
264,     292.06,      96549,      86.83,      86.83,       0.00,      -0.00,       2.17,     292.06,       0.00,     1222.6,     1222.6,     -0.106,     -0.000,      1.281,        0.0,        0.0,     1910.3,      0.000,    173.199,     130325,      89029,    434.797,    -26.021,       0.00,       0.00,     120.83,       0.00,   -248.982
265,     288.69,      94806,      84.69,      84.69,       0.00,      -0.00,       2.14,     288.69,       0.00,     1216.5,     1216.5,     -0.103,     -0.000,      1.281,        0.0,        0.0,     1904.0,      0.000,    173.466,     130462,      87352,    434.797,    -25.700,       0.00,       0.00,     120.83,       0.00,   -249.085
266,     285.29,      93090,      82.59,      82.59,       0.00,      -0.00,       2.10,     285.29,       0.00,     1210.3,     1210.3,     -0.100,     -0.000,      1.282,        0.0,        0.0,     1897.8,      0.000,    173.540,     130592,      85717,    434.797,    -25.383,       0.00,       0.00,     120.83,       0.00,   -249.185
267,     281.87,      91404,      80.52,      80.52,       0.00,      -0.00,       2.07,     281.87,       0.00,     1204.2,     1204.2,     -0.097,     -0.000,      1.282,        0.0,        0.0,     1890.6,      0.000,    173.410,     130714,      84123,    434.797,    -25.070,       0.00,       0.00,     120.83,       0.00,   -249.283
268,     278.44,      89752,      78.49,      78.49,       0.00,      -0.00,       2.03,     278.44,       0.00,     1198.2,     1198.2,     -0.095,     -0.000,      1.283,        0.0,        0.0,     1882.9,      0.000,    173.082,     130829,      82575,    434.797,    -24.761,       0.00,       0.00,     120.83,       0.00,   -249.377
269,     274.98,      88135,      76.51,      76.51,       0.00,      -0.00,       1.99,     274.98,       0.00,     1192.1,     1192.1,     -0.092,     -0.000,      1.283,        0.0,        0.0,     1875.2,      0.000,    172.557,     130937,      81074,    434.797,    -24.455,       0.00,       0.00,     120.83,       0.00,   -249.469
270,     271.51,      86556,      74.56,      74.56,       0.00,      -0.00,       1.94,     271.51,       0.00,     1186.1,     1186.1,     -0.090,     -0.000,      1.283,        0.0,        0.0,     1867.0,      0.000,    171.818,     131038,      79623,    434.797,    -24.154,       0.00,       0.00,     120.83,       0.00,   -249.559
271,     268.02,      85017,      72.66,      72.66,       0.00,      -0.00,       1.90,     268.02,       0.00,     1180.1,     1180.1,     -0.087,     -0.000,      1.284,        0.0,        0.0,     1858.8,      0.000,    170.857,     131133,      78223,    434.797,    -23.857,       0.00,       0.00,     120.83,       0.00,   -249.646
272,     264.52,      83520,      70.81,      70.81,       0.00,      -0.00,       1.85,     264.52,       0.00,     1174.2,     1174.2,     -0.085,     -0.000,      1.284,        0.0,        0.0,     1850.6,      0.000,    169.658,     131222,      76878,    434.797,    -23.564,       0.00,       0.00,     120.83,       0.00,   -249.731
273,     261.00,      82068,      69.00,      69.00,       0.00,      -0.00,       1.81,     261.00,       0.00,     1168.4,     1168.4,     -0.083,     -0.000,      1.284,        0.0,        0.0,     1841.2,      0.000,    168.181,     131306,      75589,    434.797,    -23.274,       0.00,       0.00,     120.83,       0.00,   -249.814
274,     257.47,      80663,      67.24,      67.24,       0.00,      -0.00,       1.76,     257.47,       0.00,     1162.7,     1162.7,     -0.080,     -0.000,      1.285,        0.0,        0.0,     1831.4,      0.000,    166.411,     131383,      74360,    434.797,    -22.989,       0.00,       0.00,     120.83,       0.00,   -249.894
275,     253.93,      79310,      65.53,      65.53,       0.00,      -0.00,       1.71,     253.93,       0.00,     1157.0,     1157.0,     -0.078,     -0.000,      1.285,        0.0,        0.0,     1821.6,      0.000,    164.315,     131456,      73199,    434.797,    -22.708,       0.00,       0.00,     120.83,       0.00,   -249.972
276,     250.37,      78011,      63.88,      63.88,       0.00,      -0.00,       1.65,     250.37,       0.00,     1151.5,     1151.5,     -0.076,     -0.000,      1.285,        0.0,        0.0,     1810.5,      0.000,    161.849,     131523,      72104,    434.797,    -22.430,       0.00,       0.00,     120.83,       0.00,   -250.048
277,     246.81,      76772,      62.28,      62.28,       0.00,      -0.00,       1.60,     246.81,       0.00,     1146.1,     1146.1,     -0.074,     -0.000,      1.286,        0.0,        0.0,     1799.4,      0.000,    158.937,     131586,      71090,    434.797,    -22.156,       0.00,       0.00,     120.83,       0.00,   -250.122
278,     243.24,      75597,      60.74,      60.74,       0.00,      -0.00,       1.54,     243.24,       0.00,     1140.9,     1140.9,     -0.072,     -0.000,      1.286,        0.0,        0.0,     1788.1,      0.000,    155.505,     131644,      70161,    434.797,    -21.886,       0.00,       0.00,     120.83,       0.00,   -250.194
279,     239.66,      74491,      59.26,      59.26,       0.00,      -0.00,       1.48,     239.66,       0.00,     1135.8,     1135.8,     -0.070,     -0.000,      1.286,        0.0,        0.0,     1776.2,      0.000,    151.470,     131697,      69326,    434.797,    -21.619,       0.00,       0.00,     120.83,       0.00,   -250.265
280,     236.07,      73463,      57.85,      57.85,       0.00,      -0.00,       1.41,     236.07,       0.00,     1131.0,     1131.0,     -0.069,     -0.000,      1.287,        0.0,        0.0,     1764.4,      0.000,    146.729,     131747,      68598,    434.797,    -21.355,       0.00,       0.00,     120.83,       0.00,   -250.333
281,     232.48,      72520,      56.50,      56.50,       0.00,      -0.00,       1.34,     232.48,       0.00,     1126.4,     1126.4,     -0.067,     -0.000,      1.287,        0.0,        0.0,     1752.0,      0.000,    141.151,     131792,      67987,    434.797,    -21.095,       0.00,       0.00,     120.83,       0.00,   -250.401
282,     228.89,      71672,      55.24,      55.24,       0.00,      -0.00,       1.27,     228.89,       0.00,     1122.1,     1122.1,     -0.066,     -0.000,      1.287,        0.0,        0.0,     1738.8,      0.000,    134.553,     131834,      67511,    434.797,    -20.837,       0.00,       0.00,     120.83,       0.00,   -250.466
283,     225.29,      70935,      54.06,      54.06,       0.00,      -0.00,       1.18,     225.29,       0.00,     1118.2,     1118.2,     -0.064,     -0.000,      1.287,        0.0,        0.0,     1725.5,      0.000,    126.753,     131871,      67189,    434.797,    -20.582,       0.00,       0.00,     120.83,       0.00,   -250.530
284,     221.70,      70325,      52.97,      52.97,       0.00,      -0.00,       1.09,     221.70,       0.00,     1114.7,     1114.7,     -0.063,     -0.000,      1.288,        0.0,        0.0,     1711.9,      0.000,    117.609,     131906,      67038,    434.797,    -20.329,       0.00,       0.00,     120.83,       0.00,   -250.593
285,     218.10,      69860,      51.99,      51.99,       0.00,      -0.00,       0.98,     218.10,       0.00,     1111.6,     1111.6,     -0.062,     -0.000,      1.288,        0.0,        0.0,     1698.0,      0.000,    106.858,     131937,      67082,    434.797,    -20.078,       0.00,       0.00,     120.83,       0.00,   -250.655
286,     214.51,      69567,      51.12,      51.12,       0.00,      -0.00,       0.86,     214.51,       0.00,     1109.2,     1109.2,     -0.061,     -0.000,      1.288,        0.0,        0.0,     1684.0,      0.000,     94.297,     131964,      67348,    434.797,    -19.828,       0.00,       0.00,     120.83,       0.00,   -250.716
287,     210.92,      69476,      50.39,      50.39,       0.00,      -0.00,       0.73,     210.92,       0.00,     1107.5,     1107.5,     -0.060,     -0.000,      1.288,        0.0,        0.0,     1669.1,      0.000,     79.881,     131989,      67870,    434.797,    -19.579,       0.00,       0.00,     120.83,       0.00,   -250.777
288,     207.33,      69621,      49.81,      49.81,       0.00,      -0.00,       0.58,     207.33,       0.00,     1106.6,     1106.6,     -0.060,     -0.000,      1.288,        0.0,        0.0,     1653.7,      0.000,     63.122,     132010,      68609,    434.797,    -19.329,       0.00,       0.00,     120.83,       0.00,   -250.836
289,     203.75,      70050,      49.41,      49.41,       0.00,      -0.00,       0.41,     203.75,       0.00,     1106.7,     1106.7,     -0.060,     -0.000,      1.288,        0.0,        0.0,     1638.4,      0.000,     44.196,     132029,      69550,    434.797,    -19.079,       0.00,       0.00,     120.83,       0.00,   -250.896
290,     200.17,      70814,      49.19,      49.19,       0.00,      -0.00,       0.22,     200.17,       0.00,     1107.9,     1107.9,     -0.060,     -0.000,      1.288,        0.0,        0.0,     1622.4,      0.000,     23.568,     132045,      70671,    434.797,    -18.826,       0.00,       0.00,     120.83,       0.00,   -250.956
291,     196.61,      71962,      49.14,      49.14,       0.00,      -0.00,       0.05,     196.61,       0.00,     1110.4,     1110.4,     -0.060,     -0.000,      1.288,        0.0,        0.0,     1606.3,      0.000,      5.014,     132058,      72393,    434.797,    -18.570,       0.00,       0.00,     120.83,       0.00,   -251.016
292,     193.05,      73481,      49.46,      49.46,       0.00,      -0.00,      -0.32,     193.05,       0.00,     1114.1,     1114.1,     -0.061,     -0.000,      1.288,        0.0,        0.0,     1590.2,      0.000,    -33.326,     132068,      73554,    434.797,    -18.309,       0.00,       0.00,     120.83,       0.00,   -251.077
293,     189.51,      75767,      49.85,      49.85,       0.00,      -0.00,      -0.39,     189.51,       0.00,     1120.1,     1120.1,     -0.062,     -0.000,      1.287,        0.0,        0.0,     1572.7,      0.000,    -41.003,     132076,      75880,    434.797,    -18.041,       0.00,       0.00,     120.83,       0.00,   -251.139
294,     185.97,      78301,      50.33,      50.33,       0.00,      -0.00,      -0.48,     185.97,       0.00,     1126.8,     1126.8,     -0.064,     -0.000,      1.287,        0.0,        0.0,     1555.3,      0.000,    -49.531,     132081,      78471,    434.797,    -17.764,       0.00,       0.00,     120.83,       0.00,   -251.202
295,     182.46,      81122,      50.88,      50.88,       0.00,      -0.00,      -0.55,     182.46,       0.00,     1134.1,     1134.1,     -0.065,     -0.000,      1.286,        0.0,        0.0,     1537.4,      0.000,    -55.924,     132084,      81345,    434.797,    -17.480,       0.00,       0.00,     120.83,       0.00,   -251.268
296,     178.95,      84210,      51.47,      51.47,       0.00,      -0.00,      -0.59,     178.95,       0.00,     1141.9,     1141.9,     -0.067,     -0.000,      1.286,        0.0,        0.0,     1518.6,      0.000,    -59.501,     132085,      84470,    434.797,    -17.185,       0.00,       0.00,     120.83,       0.00,   -251.335
297,     175.47,      87528,      52.08,      52.08,       0.00,      -0.00,      -0.61,     175.47,       0.00,     1150.1,     1150.1,     -0.069,     -0.000,      1.285,        0.0,        0.0,     1499.8,      0.000,    -59.975,     132083,      87799,    434.797,    -16.881,       0.00,       0.00,     120.83,       0.00,   -251.404
298,     172.00,      91023,      52.68,      52.68,       0.00,      -0.00,      -0.59,     172.00,       0.00,     1158.4,     1158.4,     -0.072,     -0.000,      1.285,        0.0,        0.0,     1481.8,      0.000,    -57.606,     132079,      91280,    434.797,    -16.566,       0.00,       0.00,     120.83,       0.00,   -251.476
299,     168.55,      94640,      53.23,      53.23,       0.00,      -0.00,      -0.55,     168.55,       0.00,     1166.7,     1166.7,     -0.074,     -0.000,      1.284,        0.0,        0.0,     1464.6,      0.000,    -52.601,     132072,      94861,    434.797,    -16.241,       0.00,       0.00,     120.83,       0.00,   -251.550
300,     165.12,      98319,      53.72,      53.72,       0.00,      -0.00,      -0.49,     165.12,       0.00,     1174.8,     1174.8,     -0.076,     -0.000,      1.284,        0.0,        0.0,     1447.5,      0.000,    -45.570,     132064,      98489,    434.797,    -15.905,       0.00,       0.00,     120.83,       0.00,   -251.626
301,     161.72,     102003,      54.12,      54.12,       0.00,      -0.00,      -0.40,     161.72,       0.00,     1182.6,     1182.6,     -0.078,     -0.000,      1.283,        0.0,        0.0,     1429.2,      0.000,    -36.909,     132053,     102117,    434.797,    -15.559,       0.00,       0.00,     120.83,       0.00,   -251.704
302,     158.34,     105634,      54.41,      54.41,       0.00,      -0.00,      -0.30,     158.34,       0.00,     1190.0,     1190.0,     -0.080,     -0.000,      1.283,        0.0,        0.0,     1409.0,      0.000,    -27.116,     132041,     105697,    434.797,    -15.203,       0.00,       0.00,     120.83,       0.00,   -251.784
303,     154.98,     109163,      54.60,      54.60,       0.00,      -0.00,      -0.18,     154.98,       0.00,     1196.7,     1196.7,     -0.082,     -0.000,      1.283,        0.0,        0.0,     1388.7,      0.000,    -16.583,     132026,     109187,    434.797,    -14.838,       0.00,       0.00,     120.83,       0.00,   -251.866
304,     151.66,     112545,      54.60,      54.60,       0.00,      -0.00,      -0.01,     151.66,       0.00,     1202.9,     1202.9,     -0.084,     -0.000,      1.282,        0.0,        0.0,     1367.7,      0.000,     -0.676,     132009,     112586,    434.797,    -14.465,       0.00,       0.00,     120.83,       0.00,   -251.950
305,     148.36,     115594,      54.52,      54.52,       0.00,      -0.00,       0.08,     148.36,       0.00,     1208.1,     1208.1,     -0.085,     -0.000,      1.282,        0.0,        0.0,     1346.1,      0.000,      7.041,     131991,     115580,    434.797,    -14.085,       0.00,       0.00,     120.83,       0.00,   -252.035
306,     145.08,     118520,      54.34,      54.34,       0.00,      -0.00,       0.19,     145.08,       0.00,     1212.8,     1212.8,     -0.086,     -0.000,      1.282,        0.0,        0.0,     1324.4,      0.000,     16.041,     131970,     118444,    434.797,    -13.700,       0.00,       0.00,     120.83,       0.00,   -252.121
307,     141.85,     121262,      54.04,      54.04,       0.00,      -0.00,       0.29,     141.85,       0.00,     1217.0,     1217.0,     -0.087,     -0.000,      1.281,        0.0,        0.0,     1302.3,      0.000,     25.328,     131948,     121074,    434.797,    -13.309,       0.00,       0.00,     120.83,       0.00,   -252.209
308,     138.64,     123791,      53.65,      53.65,       0.00,      -0.00,       0.40,     138.64,       0.00,     1220.5,     1220.5,     -0.088,     -0.000,      1.281,        0.0,        0.0,     1280.0,      0.000,     34.427,     131924,     123445,    434.797,    -12.914,       0.00,       0.00,     120.83,       0.00,   -252.297
309,     135.46,     126091,      53.15,      53.15,       0.00,      -0.00,       0.50,     135.46,       0.00,     1223.4,     1223.4,     -0.089,     -0.000,      1.281,        0.0,        0.0,     1257.6,      0.000,     43.094,     131898,     125554,    434.797,    -12.516,       0.00,       0.00,     120.83,       0.00,   -252.386
310,     132.33,     128160,      52.56,      52.56,       0.00,      -0.00,       0.59,     132.33,       0.00,     1225.8,     1225.8,     -0.089,     -0.000,      1.281,        0.0,        0.0,     1234.6,      0.000,     51.254,     131870,     127406,    434.797,    -12.116,       0.00,       0.00,     120.83,       0.00,   -252.476
311,     129.22,     130001,      51.89,      51.89,       0.00,      -0.00,       0.67,     129.22,       0.00,     1227.6,     1227.6,     -0.090,     -0.000,      1.281,        0.0,        0.0,     1211.6,      0.000,     58.898,     131840,     129014,    434.797,    -11.715,       0.00,       0.00,     120.83,       0.00,   -252.565
312,     126.16,     131617,      51.14,      51.14,       0.00,      -0.00,       0.75,     126.16,       0.00,     1228.8,     1228.8,     -0.090,     -0.000,      1.281,        0.0,        0.0,     1188.4,      0.000,     66.034,     131809,     130389,    434.797,    -11.314,       0.00,       0.00,     120.83,       0.00,   -252.655
313,     123.13,     133016,      50.33,      50.33,       0.00,      -0.00,       0.81,     123.13,       0.00,     1229.6,     1229.6,     -0.090,     -0.000,      1.281,        0.0,        0.0,     1164.0,      0.000,     72.695,     131776,     131545,    434.797,    -10.915,       0.00,       0.00,     120.83,       0.00,   -252.745
314,     120.15,     134209,      49.47,      49.47,       0.00,      -0.00,       0.87,     120.15,       0.00,     1229.8,     1229.8,     -0.090,     -0.000,      1.281,        0.0,        0.0,     1139.6,      0.000,     78.900,     131741,     132496,    434.797,    -10.517,       0.00,       0.00,     120.83,       0.00,   -252.834
315,     117.21,     135204,      48.55,      48.55,       0.00,      -0.00,       0.92,     117.21,       0.00,     1229.7,     1229.7,     -0.089,     -0.000,      1.281,        0.0,        0.0,     1114.9,      0.000,     84.658,     131705,     133259,    434.797,    -10.122,       0.00,       0.00,     120.83,       0.00,   -252.923
316,     114.31,     136012,      47.59,      47.59,       0.00,      -0.00,       0.96,     114.31,       0.00,     1229.1,     1229.1,     -0.089,     -0.000,      1.281,        0.0,        0.0,     1089.8,      0.000,     90.042,     131667,     133858,    434.797,     -9.731,       0.00,       0.00,     120.83,       0.00,   -253.012
317,     111.45,     136645,      46.60,      46.60,       0.00,      -0.00,       0.99,     111.45,       0.00,     1228.2,     1228.2,     -0.088,     -0.000,      1.281,        0.0,        0.0,     1064.7,      0.000,     95.002,     131628,     134296,    434.797,     -9.344,       0.00,       0.00,     120.83,       0.00,   -253.100
318,     108.65,     137114,      45.59,      45.59,       0.00,      -0.00,       1.02,     108.65,       0.00,     1226.9,     1226.9,     -0.087,     -0.000,      1.281,        0.0,        0.0,     1039.6,      0.000,     99.539,     131587,     134587,    434.797,     -8.962,       0.00,       0.00,     120.83,       0.00,   -253.187
319,     105.88,     137432,      44.55,      44.55,       0.00,      -0.00,       1.04,     105.88,       0.00,     1225.3,     1225.3,     -0.086,     -0.000,      1.281,        0.0,        0.0,     1014.5,      0.000,    103.656,     131544,     134744,    434.797,     -8.585,       0.00,       0.00,     120.83,       0.00,   -253.274
320,     103.17,     137615,      43.50,      43.50,       0.00,      -0.00,       1.05,     103.17,       0.00,     1223.3,     1223.3,     -0.085,     -0.000,      1.281,        0.0,        0.0,      989.3,      0.000,    107.348,     131501,     134785,    434.797,     -8.215,       0.00,       0.00,     120.83,       0.00,   -253.359
321,     100.51,     137676,      42.44,      42.44,       0.00,      -0.00,       1.06,     100.51,       0.00,     1221.2,     1221.2,     -0.084,     -0.000,      1.281,        0.0,        0.0,      963.7,      0.000,    110.548,     131456,     134707,    434.797,     -7.852,       0.00,       0.00,     120.83,       0.00,   -253.443
322,      97.89,     137608,      41.35,      41.35,       0.00,      -0.00,       1.09,      97.89,       0.00,     1218.7,     1218.7,     -0.083,     -0.000,      1.281,        0.0,        0.0,      937.9,      0.000,    113.010,     131409,     134462,    434.797,     -7.496,       0.00,       0.00,     120.83,       0.00,   -253.527
323,      95.33,     137345,      40.25,      40.25,       0.00,      -0.00,       1.10,      95.33,       0.00,     1215.9,     1215.9,     -0.082,     -0.000,      1.282,        0.0,        0.0,      912.1,      0.000,    114.695,     131361,     134057,    434.797,     -7.148,       0.00,       0.00,     120.83,       0.00,   -253.609
324,      92.83,     136907,      39.14,      39.14,       0.00,      -0.00,       1.11,      92.83,       0.00,     1212.7,     1212.7,     -0.081,     -0.000,      1.282,        0.0,        0.0,      885.7,      0.000,    115.638,     131313,     133510,    434.797,     -6.808,       0.00,       0.00,     120.83,       0.00,   -253.690
325,      90.37,     136316,      38.04,      38.04,       0.00,      -0.00,       1.11,      90.37,       0.00,     1209.2,     1209.2,     -0.080,     -0.000,      1.282,        0.0,        0.0,      859.2,      0.000,    115.849,     131262,     132846,    434.797,     -6.478,       0.00,       0.00,     120.83,       0.00,   -253.769
326,      87.97,     135596,      36.94,      36.94,       0.00,      -0.00,       1.10,      87.97,       0.00,     1205.4,     1205.4,     -0.078,     -0.000,      1.282,        0.0,        0.0,      832.9,      0.000,    115.300,     131211,     132072,    434.797,     -6.156,       0.00,       0.00,     120.83,       0.00,   -253.847
327,      85.63,     134775,      35.85,      35.85,       0.00,      -0.00,       1.08,      85.63,       0.00,     1201.4,     1201.4,     -0.077,     -0.000,      1.282,        0.0,        0.0,      809.5,      0.000,    114.030,     131159,     131212,    434.797,     -5.845,       0.00,       0.00,     120.83,       0.00,   -253.924
328,      83.35,     133880,      34.79,      34.79,       0.00,      -0.00,       1.06,      83.35,       0.00,     1197.2,     1197.2,     -0.075,     -0.000,      1.283,        0.0,        0.0,      786.0,      0.000,    112.142,     131106,     130307,    434.797,     -5.543,       0.00,       0.00,     120.83,       0.00,   -253.999
329,      81.12,     132935,      33.76,      33.76,       0.00,      -0.00,       1.04,      81.12,       0.00,     1192.9,     1192.9,     -0.074,     -0.000,      1.283,        0.0,        0.0,      762.5,      0.000,    109.673,     131052,     129380,    434.797,     -5.251,       0.00,       0.00,     120.83,       0.00,   -254.073
330,      78.96,     131964,      32.75,      32.75,       0.00,      -0.00,       1.00,      78.96,       0.00,     1188.5,     1188.5,     -0.072,     -0.000,      1.283,        0.0,        0.0,      736.0,      0.000,    106.594,     130997,     128438,    434.797,     -4.969,       0.00,       0.00,     120.83,       0.00,   -254.145
331,      76.85,     130996,      31.79,      31.79,       0.00,      -0.00,       0.96,      76.85,       0.00,     1184.1,     1184.1,     -0.071,     -0.000,      1.283,        0.0,        0.0,      709.5,      0.000,    103.011,     130942,     127519,    434.797,     -4.698,       0.00,       0.00,     120.83,       0.00,   -254.216
332,      74.81,     130052,      30.86,      30.86,       0.00,      -0.00,       0.92,      74.81,       0.00,     1179.7,     1179.7,     -0.069,     -0.000,      1.284,        0.0,        0.0,      683.1,      0.000,     98.989,     130886,     126646,    434.797,     -4.436,       0.00,       0.00,     120.83,       0.00,   -254.286
333,      72.83,     129154,      29.98,      29.98,       0.00,      -0.00,       0.88,      72.83,       0.00,     1175.4,     1175.4,     -0.068,     -0.000,      1.284,        0.0,        0.0,      657.3,      0.000,     94.603,     130829,     125839,    434.797,     -4.184,       0.00,       0.00,     120.83,       0.00,   -254.354
334,      70.91,     128319,      29.15,      29.15,       0.00,      -0.00,       0.83,      70.91,       0.00,     1171.2,     1171.2,     -0.067,     -0.000,      1.284,        0.0,        0.0,      631.5,      0.000,     89.900,     130772,     125112,    434.797,     -3.943,       0.00,       0.00,     120.83,       0.00,   -254.421
335,      69.06,     127566,      28.36,      28.36,       0.00,      -0.00,       0.79,      69.06,       0.00,     1167.2,     1167.2,     -0.066,     -0.000,      1.284,        0.0,        0.0,      605.4,      0.000,     84.943,     130714,     124475,    434.797,     -3.710,       0.00,       0.00,     120.83,       0.00,   -254.486
336,      67.28,     126908,      27.62,      27.62,       0.00,      -0.00,       0.74,      67.28,       0.00,     1163.3,     1163.3,     -0.064,     -0.000,      1.285,        0.0,        0.0,      578.9,      0.000,     79.789,     130656,     123940,    434.797,     -3.488,       0.00,       0.00,     120.83,       0.00,   -254.551
337,      65.56,     126358,      26.93,      26.93,       0.00,      -0.00,       0.69,      65.56,       0.00,     1159.6,     1159.6,     -0.063,     -0.000,      1.285,        0.0,        0.0,      552.4,      0.000,     74.594,     130598,     123534,    434.797,     -3.275,       0.00,       0.00,     120.83,       0.00,   -254.614
338,      63.90,     125919,      26.29,      26.29,       0.00,      -0.00,       0.64,      63.90,       0.00,     1156.2,     1156.2,     -0.062,     -0.000,      1.285,        0.0,        0.0,      526.3,      0.000,     69.404,     130539,     123253,    434.797,     -3.071,       0.00,       0.00,     120.83,       0.00,   -254.677
339,      62.32,     125594,      25.70,      25.70,       0.00,      -0.00,       0.60,      62.32,       0.00,     1152.9,     1152.9,     -0.062,     -0.000,      1.285,        0.0,        0.0,      500.5,      0.000,     64.235,     130480,     123087,    434.797,     -2.876,       0.00,       0.00,     120.83,       0.00,   -254.738
340,      60.80,     125385,      25.15,      25.15,       0.00,      -0.00,       0.55,      60.80,       0.00,     1150.0,     1150.0,     -0.061,     -0.000,      1.285,        0.0,        0.0,      474.7,      0.000,     59.135,     130421,     123033,    434.797,     -2.690,       0.00,       0.00,     120.83,       0.00,   -254.799
341,      59.35,     124878,      24.21,      24.21,       0.00,      -0.00,       0.94,       0.00,       0.00,      691.6,     1114.9,     -0.024,     -0.058,      1.299,        0.0,        0.0,      448.9,      0.000,     59.896,     130361,     124369,    434.797,     -2.514,       0.00,       0.00,     120.83,       0.00,   -254.881
342,      57.98,     124408,      23.64,      23.64,       0.00,      -0.00,       0.58,       0.00,       0.00,     1114.9,     1111.4,     -0.057,     -0.057,      1.259,        0.0,        0.0,      423.0,      0.000,     59.122,     130302,     125444,    434.797,     -2.347,       0.00,       0.00,     120.83,       0.00,   -254.996
343,      56.67,     124026,      23.13,      23.13,       0.00,      -0.00,       0.50,       0.00,       0.00,     1111.4,     1106.7,     -0.056,     -0.056,      1.260,        0.0,        0.0,      397.2,      0.000,     51.696,     130241,     125026,    434.797,     -2.189,       0.00,       0.00,     120.83,       0.00,   -255.108
344,      55.43,     123899,      22.69,      22.69,       0.00,       0.00,       0.44,       0.00,       0.00,     1106.7,     1102.5,     -0.056,     -0.055,      1.260,        0.0,        0.3,      372.1,      0.022,     45.170,     130170,     124834,    434.797,     -2.041,       0.00,       0.00,     120.83,       0.00,   -255.219
345,      54.27,     123991,      22.31,      22.30,       0.00,       0.00,       0.39,       0.00,       0.00,     1102.5,     1098.7,     -0.055,     -0.055,      1.260,        0.0,        1.9,      347.0,      0.132,     39.376,     130058,     124833,    434.797,     -1.901,       0.00,       0.00,     120.83,       0.00,   -255.329
346,      53.18,     124260,      21.98,      21.96,       0.01,       0.01,       0.34,       0.00,       0.00,     1098.7,     1095.1,     -0.054,     -0.054,      1.260,        0.0,        3.5,      322.1,      0.239,     34.219,     129945,     124998,    434.797,     -1.770,       0.00,       0.00,     120.83,       0.00,   -255.438
347,      52.16,     124668,      21.69,      21.67,       0.02,       0.01,       0.29,       0.00,       0.00,     1095.1,     1091.8,     -0.054,     -0.054,      1.261,        0.0,        5.4,      299.1,      0.358,     29.663,     129824,     125310,    434.797,     -1.647,       0.00,       0.00,     120.83,       0.00,   -255.545
348,      51.22,     125200,      21.45,      21.42,       0.04,       0.01,       0.25,       0.00,       0.00,     1091.8,     1088.6,     -0.054,     -0.053,      1.261,        0.0,        7.7,      276.1,      0.483,     25.365,     129697,     125698,    434.797,     -1.534,       0.00,       0.00,     120.83,       0.00,   -255.653
349,      50.35,     125821,      21.25,      21.20,       0.05,       0.02,       0.22,       0.00,       0.00,     1088.6,     1085.5,     -0.053,     -0.053,      1.261,        0.0,       10.1,      253.8,      0.572,     21.471,     129584,     126185,    434.797,     -1.429,       0.00,       0.00,     120.83,       0.00,   -255.759
350,      49.55,     126499,      21.09,      21.02,       0.07,       0.02,       0.18,       0.00,       0.00,     1085.5,     1082.4,     -0.053,     -0.053,      1.261,        0.0,       12.9,      232.8,      0.636,     17.953,     129479,     126762,    434.797,     -1.333,       0.00,       0.00,     120.83,       0.00,   -255.865
351,      48.83,     127208,      20.96,      20.87,       0.09,       0.02,       0.15,       0.00,       0.00,     1082.4,     1079.3,     -0.053,     -0.053,      1.261,        0.0,       16.1,      211.9,      0.640,     14.680,     129398,     127390,    434.797,     -1.246,       0.00,       0.00,     120.83,       0.00,   -255.971
352,      48.18,     127913,      20.85,      20.75,       0.10,       0.02,       0.12,       0.00,       0.00,     1079.3,     1076.3,     -0.053,     -0.052,      1.262,        0.0,       19.2,      192.4,      0.540,     11.639,     129363,     128059,    434.797,     -1.168,       0.00,       0.00,     120.83,       0.00,   -256.076
353,      47.61,     128583,      20.77,      20.66,       0.11,       0.01,       0.09,       0.00,       0.00,     1076.3,     1073.4,     -0.052,     -0.052,      1.262,        0.0,       23.9,      174.3,      0.269,      8.740,     129401,     128740,    434.797,     -1.099,       0.00,       0.00,     120.83,       0.00,   -256.180
354,      47.11,     129159,      20.71,      20.60,       0.11,      -0.01,       0.06,       0.00,       0.00,     1073.4,     1070.4,     -0.052,     -0.052,      1.262,        0.0,       28.9,      156.2,     -0.533,      5.849,     129606,     129391,    434.797,     -1.040,       0.00,       0.00,     120.83,       0.00,   -256.285
355,      46.69,     129688,      20.67,      20.57,       0.10,      -0.01,       0.03,       0.00,       0.00,     1070.4,     1067.3,     -0.052,     -0.052,      1.262,        0.0,       34.0,      141.5,     -1.015,      2.729,     129708,     129942,    434.797,     -0.991,       0.00,       0.00,     120.83,       0.00,   -256.389
356,      46.35,     130422,      20.68,      20.60,       0.08,      -0.02,      -0.03,       0.00,       0.00,     1067.3,     1064.5,     -0.052,     -0.052,      1.262,        0.0,       41.8,      128.1,     -1.463,     -3.175,     129838,     130419,    434.797,     -0.951,       0.00,       0.00,     120.83,       0.00,   -256.493
357,      46.08,     130502,      20.66,      20.60,       0.05,      -0.02,      -0.00,       0.00,       0.00,     1064.5,     1060.2,     -0.052,     -0.051,      1.262,        0.0,       50.4,      114.8,     -2.191,      0.000,     130053,     130509,    434.797,     -0.921,       0.00,       0.00,     120.83,       0.00,   -256.596
358,      45.89,     130742,      20.69,      20.66,       0.03,      -0.03,      -0.05,       0.00,       0.00,     1060.2,     1056.3,     -0.051,     -0.051,      1.263,        0.0,       59.1,      102.8,     -2.252,     -5.057,     129997,     131054,    434.797,     -0.901,       0.00,       0.00,     120.83,       0.00,   -256.698
359,      45.78,     130885,      20.74,      20.74,       0.00,      -0.03,      -0.08,       0.00,       0.00,     1056.3,     1052.1,     -0.051,     -0.051,      1.263,        0.0,       70.8,       91.7,     -2.474,     -7.462,     130027,     131962,    434.797,     -0.891,       0.00,       0.00,     120.83,       0.00,   -256.801
360,      45.74,     130830,      20.80,      20.80,       0.00,      -0.03,      -0.09,       0.00,       0.00,     1052.1,     1047.5,     -0.051,     -0.051,      1.263,        0.0,       82.6,       80.5,     -2.618,     -8.680,     129948,     132989,    434.797,     -0.891,       0.00,       0.00,     120.83,       0.00,   -256.902
