CA, Vcyl, PCyl, Mcyl, Mb, Mu, Min, Mout, Vb, Vu, Tb, Tu, Qb, Qu, Gamma, FuelM, IV A, EV A, IV V, EV V, IV P, EV P, WWork, PWork, CO, NO, CO2, HC, htLoss
-359,      45.36,      84352,      18.31,      18.31,       0.00,      -0.05,      -0.04,       0.00,       0.00,      765.6,      761.1,     -0.025,     -0.024,      1.289,        0.0,       95.0,       72.2,     -3.027,     -2.387,      84157,      84671,    552.116,     -0.076,       0.00,       0.00,     120.83,       0.00,   -439.653
-358,      45.48,      83774,      18.33,      18.33,       0.00,      -0.03,      -0.05,       0.00,       0.00,      761.1,      756.9,     -0.024,     -0.024,      1.290,        0.0,      109.9,       64.5,     -1.707,     -3.342,      83568,      84174,    552.116,     -0.089,       0.00,       0.00,     120.83,       0.00,   -439.701
-357,      45.67,      83234,      18.39,      18.39,       0.00,      -0.00,      -0.06,       0.00,       0.00,      756.9,      752.8,     -0.024,     -0.024,      1.291,        0.0,      124.9,       56.8,      0.000,     -3.777,      82874,      83755,    552.116,     -0.108,       0.00,       0.00,     120.83,       0.00,   -439.749
-356,      45.93,      82705,      18.48,      18.48,       0.00,       0.03,      -0.06,       0.00,       0.00,      752.8,      748.8,     -0.024,     -0.023,      1.291,        0.0,      141.4,       52.7,      1.614,     -4.060,      82174,      83339,    552.116,     -0.134,       0.00,       0.00,     120.83,       0.00,   -439.796
-355,      46.28,      82151,      18.59,      18.59,       0.00,       0.05,      -0.06,       0.00,       0.00,      748.8,      744.8,     -0.023,     -0.023,      1.291,        0.0,      160.2,       48.5,      3.046,     -4.171,      81517,      82926,    552.116,     -0.165,       0.00,       0.00,     120.83,       0.00,   -439.843
-354,      46.70,      81571,      18.73,      18.73,       0.00,       0.07,      -0.06,       0.00,       0.00,      744.8,      740.7,     -0.023,     -0.023,      1.292,        0.0,      179.1,       44.6,      4.522,     -4.196,      80854,      82496,    552.116,     -0.202,       0.00,       0.00,     120.83,       0.00,   -439.889
-353,      47.19,      80977,      18.89,      18.89,       0.00,       0.10,      -0.06,       0.00,       0.00,      740.7,      736.7,     -0.023,     -0.023,      1.292,        0.0,      199.4,       41.8,      6.099,     -4.230,      80178,      82033,    552.116,     -0.246,       0.00,       0.00,     120.83,       0.00,   -439.935
-352,      47.77,      80370,      19.08,      19.08,       0.00,       0.13,      -0.06,       0.00,       0.00,      736.7,      732.7,     -0.023,     -0.022,      1.293,        0.0,      220.6,       39.0,      7.726,     -4.197,      79496,      81553,    552.116,     -0.294,       0.00,       0.00,     120.83,       0.00,   -439.980
-351,      48.41,      79753,      19.30,      19.30,       0.00,       0.16,      -0.06,       0.00,       0.00,      732.7,      728.5,     -0.022,     -0.022,      1.293,        0.0,      241.9,       36.4,      9.401,     -4.135,      78811,      81057,    552.116,     -0.349,       0.00,       0.00,     120.83,       0.00,   -440.025
-350,      49.13,      79135,      19.55,      19.55,       0.00,       0.19,      -0.06,       0.00,       0.00,      728.5,      724.2,     -0.022,     -0.022,      1.294,        0.0,      265.7,       34.4,     11.145,     -4.077,      78120,      80546,    552.116,     -0.409,       0.00,       0.00,     120.83,       0.00,   -440.069
-349,      49.93,      78517,      19.84,      19.84,       0.06,       0.22,      -0.06,       0.00,       0.00,      724.2,      719.8,     -0.022,     -0.022,      1.295,        0.0,      290.1,       32.3,     12.915,     -3.985,      77433,      80037,    552.116,     -0.475,       0.00,       0.00,     120.83,       0.00,   -440.113
-348,      50.80,      77900,      20.15,      19.89,       0.32,       0.26,      -0.06,       0.00,       0.00,      719.8,      715.2,     -0.022,     -0.021,      1.295,        0.0,      314.5,       30.2,     14.708,     -3.868,      76754,      79539,    552.116,     -0.545,       0.00,       0.00,     120.83,       0.00,   -440.156
-347,      51.75,      77287,      20.51,      19.95,       0.62,       0.30,      -0.05,       0.00,       0.00,      715.2,      710.2,     -0.022,     -0.021,      1.296,        0.0,      339.6,       28.1,     16.519,     -3.732,      76082,      79063,    552.116,     -0.621,       0.00,       0.00,     120.83,       0.00,   -440.199
-346,      52.76,      76678,      20.90,      20.00,       0.96,       0.34,      -0.05,       0.00,       0.00,      710.2,      705.0,     -0.021,     -0.021,      1.296,        0.0,      364.8,       26.0,     18.340,     -3.581,      75422,      78621,    552.116,     -0.702,       0.00,       0.00,     120.83,       0.00,   -440.241
-345,      53.85,      76076,      21.33,      20.05,       1.34,       0.38,      -0.05,       0.00,       0.00,      705.0,      699.4,     -0.021,     -0.021,      1.297,        0.0,      389.9,       23.9,     20.170,     -3.417,      74774,      78228,    552.116,     -0.788,       0.00,       0.00,     120.83,       0.00,   -440.283
-344,      55.02,      75481,      21.81,      20.10,       1.77,       0.43,      -0.05,       0.00,       0.00,      699.4,      693.5,     -0.021,     -0.020,      1.298,        0.0,      415.1,       21.8,     22.007,     -3.243,      74139,      77898,    552.116,     -0.878,       0.00,       0.00,     120.83,       0.00,   -440.324
-343,      56.25,      74896,      22.33,      20.14,       2.25,       0.48,      -0.04,       0.00,       0.00,      693.5,      687.1,     -0.020,     -0.020,      1.298,        0.0,      440.2,       19.7,     23.853,     -3.057,      73519,      77648,    552.116,     -0.974,       0.00,       0.00,     120.83,       0.00,   -440.364
-342,      57.56,      74330,      22.90,      20.18,       2.78,       0.53,      -0.04,       0.00,       0.00,      687.1,      680.3,     -0.020,     -0.020,      1.299,        0.0,      465.4,       18.3,     25.706,     -2.960,      72916,      77475,    552.116,     -1.073,       0.00,       0.00,     120.83,       0.00,   -440.404
-341,      58.94,      73782,      23.53,      20.22,       3.36,       0.58,      -0.04,       0.00,       0.00,      680.3,      673.2,     -0.020,     -0.019,      1.300,        0.0,      490.6,       16.9,     27.543,     -2.862,      72335,      77417,    552.116,     -1.178,       0.00,       0.00,     120.83,       0.00,   -440.443
-340,      60.38,      73253,      24.20,      20.26,       3.99,       0.64,      -0.04,       0.00,       0.00,      673.2,      665.6,     -0.019,     -0.019,      1.301,        0.0,      515.7,       15.5,     29.372,     -2.754,      71776,      77494,    552.116,     -1.286,       0.00,       0.00,     120.83,       0.00,   -440.482
-339,      61.90,      72742,      24.93,      20.30,       4.69,       0.69,      -0.04,       0.00,       0.00,      665.6,      657.7,     -0.019,     -0.018,      1.302,        0.0,      539.8,       14.1,     31.182,     -2.634,      71244,      77726,    552.116,     -1.399,       0.00,       0.00,     120.83,       0.00,   -440.519
-338,      63.49,      72249,      25.72,      20.34,       5.44,       0.75,      -0.04,       0.00,       0.00,      657.7,      649.5,     -0.019,     -0.018,      1.303,        0.0,      563.4,       12.7,     32.989,     -2.498,      70734,      78134,    552.116,     -1.516,       0.00,       0.00,     120.83,       0.00,   -440.556
-337,      65.14,      71776,      26.57,      20.37,       6.25,       0.81,      -0.03,       0.00,       0.00,      649.5,      640.9,     -0.018,     -0.018,      1.304,        0.0,      587.0,       11.3,     34.805,     -2.350,      70246,      78736,    552.116,     -1.637,       0.00,       0.00,     120.83,       0.00,   -440.591
-336,      66.86,      71324,      27.47,      20.41,       7.12,       0.87,      -0.03,       0.00,       0.00,      640.9,      632.2,     -0.018,     -0.017,      1.306,        0.0,      611.5,       10.1,     36.646,     -2.197,      69777,      79552,    552.116,     -1.762,       0.00,       0.00,     120.83,       0.00,   -440.626
-335,      68.65,      70894,      28.44,      20.43,       8.06,       0.94,      -0.03,       0.00,       0.00,      632.2,      623.2,     -0.017,     -0.016,      1.307,        0.0,      636.7,        8.8,     38.504,     -2.018,      69328,      80599,    552.116,     -1.891,       0.00,       0.00,     120.83,       0.00,   -440.659
-334,      70.50,      70486,      29.48,      20.46,       9.07,       1.01,      -0.03,       0.00,       0.00,      623.2,      614.0,     -0.017,     -0.016,      1.308,        0.0,      661.8,        7.5,     40.389,     -1.803,      68898,      81893,    552.116,     -2.024,       0.00,       0.00,     120.83,       0.00,   -440.692
-333,      72.41,      70098,      30.57,      20.49,      10.14,       1.07,      -0.02,       0.00,       0.00,      614.0,      604.7,     -0.016,     -0.015,      1.309,        0.0,      687.6,        6.1,     42.303,     -1.535,      68488,      83447,    552.116,     -2.160,       0.00,       0.00,     120.83,       0.00,   -440.723
-332,      74.40,      69730,      31.74,      20.50,      11.29,       1.15,      -0.02,       0.00,       0.00,      604.7,      595.3,     -0.015,     -0.015,      1.311,        0.0,      713.6,        4.7,     44.247,     -1.234,      68097,      85266,    552.116,     -2.301,       0.00,       0.00,     120.83,       0.00,   -440.753
-331,      76.44,      69387,      32.97,      20.52,      12.51,       1.22,      -0.02,       0.00,       0.00,      595.3,      585.9,     -0.015,     -0.014,      1.312,        0.0,      739.5,        3.6,     46.225,     -0.982,      67727,      87324,    552.116,     -2.445,       0.00,       0.00,     120.83,       0.00,   -440.782
-330,      78.54,      69075,      34.28,      20.53,      13.80,       1.29,      -0.01,       0.00,       0.00,      585.9,      576.4,     -0.014,     -0.013,      1.313,        0.0,      765.5,        2.9,     48.227,     -0.819,      67378,      89601,    552.116,     -2.592,       0.00,       0.00,     120.83,       0.00,   -440.810
-329,      80.71,      68793,      35.66,      20.54,      15.17,       1.37,      -0.01,       0.00,       0.00,      576.4,      567.1,     -0.014,     -0.013,      1.315,        0.0,      791.4,        2.2,     50.234,     -0.641,      67058,      92104,    552.116,     -2.743,       0.00,       0.00,     120.83,       0.00,   -440.836
-328,      82.93,      68538,      37.11,      20.55,      16.62,       1.45,      -0.01,       0.00,       0.00,      567.1,      557.8,     -0.013,     -0.012,      1.316,        0.0,      817.4,        1.5,     52.256,     -0.450,      66763,      94807,    552.116,     -2.898,       0.00,       0.00,     120.83,       0.00,   -440.861
-327,      85.22,      68312,      38.64,      20.56,      18.14,       1.53,      -0.00,       0.00,       0.00,      557.8,      548.7,     -0.012,     -0.011,      1.317,        0.0,      843.3,        0.8,     54.296,     -0.249,      66493,      97677,    552.116,     -3.056,       0.00,       0.00,     120.83,       0.00,   -440.884
-326,      87.56,      68113,      40.25,      20.56,      19.75,       1.61,      -0.00,       0.00,       0.00,      548.7,      539.7,     -0.011,     -0.011,      1.319,        0.0,      869.3,        0.1,     56.359,     -0.040,      66247,     100674,    552.116,     -3.217,       0.00,       0.00,     120.83,       0.00,   -440.906
-325,      89.96,      67952,      41.93,      20.56,      21.43,       1.69,      -0.00,       0.00,       0.00,      539.7,      530.9,     -0.011,     -0.010,      1.320,        0.0,      894.9,        0.0,     58.439,      0.000,      66025,     103716,    552.116,     -3.382,       0.00,       0.00,     120.83,       0.00,   -440.927
-324,      92.41,      67828,      43.70,      20.56,      23.20,       1.77,      -0.00,       0.00,       0.00,      530.9,      522.4,     -0.010,     -0.009,      1.321,        0.0,      920.0,        0.0,     60.505,      0.000,      65836,     106810,    552.116,     -3.550,       0.00,       0.00,     120.83,       0.00,   -440.946
-323,      94.92,      65432,      45.52,       0.00,      45.52,       1.82,      -0.00,       0.00,      94.92,      517.5,      517.5,     -0.000,     -0.009,      1.323,        0.0,      945.2,        0.0,     61.501,      0.000,      65945,     109912,    552.116,     -3.716,       0.00,       0.00,     120.83,       0.00,   -440.955
-322,      97.48,      65177,      47.44,       0.00,      47.44,       1.92,      -0.00,       0.00,      97.48,      508.6,      508.6,     -0.000,     -0.008,      1.325,        0.0,      970.8,        0.0,     64.103,      0.000,      65669,     112977,    552.116,     -3.885,       0.00,       0.00,     120.83,       0.00,   -440.963
-321,     100.09,      64994,      49.45,       0.00,      49.45,       2.01,      -0.00,       0.00,     100.09,      500.0,      500.0,     -0.000,     -0.007,      1.326,        0.0,      996.8,        0.0,     66.559,      0.000,      65459,     115959,    552.116,     -4.056,       0.00,       0.00,     120.83,       0.00,   -440.970
-320,     102.75,      64876,      51.56,       0.00,      51.56,       2.10,      -0.00,       0.00,     102.75,      491.9,      491.9,     -0.000,     -0.006,      1.327,        0.0,     1022.7,        0.0,     68.810,      0.000,      65318,     118816,    552.116,     -4.231,       0.00,       0.00,     120.83,       0.00,   -440.976
-319,     105.47,      64820,      53.79,       0.00,      53.79,       2.23,      -0.00,       0.00,     105.47,      484.1,      484.1,     -0.000,     -0.006,      1.328,        0.0,     1048.7,        0.0,     70.491,      0.000,      65335,     121518,    552.116,     -4.408,       0.00,       0.00,     120.83,       0.00,   -440.982
-318,     108.23,      64855,      56.15,       0.00,      56.15,       2.36,      -0.00,       0.00,     108.23,      476.8,      476.8,     -0.000,     -0.005,      1.330,        0.0,     1074.6,        0.0,     71.857,      0.000,      65446,     124044,    552.116,     -4.589,       0.00,       0.00,     120.83,       0.00,   -440.987
-317,     111.04,      64972,      58.63,       0.00,      58.63,       2.48,      -0.00,       0.00,     111.04,      469.7,      469.7,     -0.000,     -0.004,      1.331,        0.0,     1100.6,        0.0,     72.994,      0.000,      65643,     126384,    552.116,     -4.773,       0.00,       0.00,     120.83,       0.00,   -440.991
-316,     113.89,      65161,      61.23,       0.00,      61.23,       2.60,      -0.00,       0.00,     113.89,      463.1,      463.1,     -0.000,     -0.004,      1.332,        0.0,     1126.5,        0.0,     73.920,      0.000,      65915,     128535,    552.116,     -4.960,       0.00,       0.00,     120.83,       0.00,   -440.995
-315,     116.79,      65414,      63.94,       0.00,      63.94,       2.71,      -0.00,       0.00,     116.79,      456.8,      456.8,     -0.000,     -0.003,      1.333,        0.0,     1152.5,        0.0,     74.631,      0.000,      66254,     130498,    552.116,     -5.151,       0.00,       0.00,     120.83,       0.00,   -440.998
-314,     119.73,      65725,      66.76,       0.00,      66.76,       2.83,      -0.00,       0.00,     119.73,      450.9,      450.9,     -0.000,     -0.002,      1.333,        0.0,     1178.4,        0.0,     75.153,      0.000,      66652,     132279,    552.116,     -5.346,       0.00,       0.00,     120.83,       0.00,   -441.000
-313,     122.72,      66087,      69.70,       0.00,      69.70,       2.93,      -0.00,       0.00,     122.72,      445.3,      445.3,     -0.000,     -0.002,      1.334,        0.0,     1204.3,        0.0,     75.531,      0.000,      67103,     133888,    552.116,     -5.545,       0.00,       0.00,     120.83,       0.00,   -441.001
-312,     125.74,      66493,      72.74,       0.00,      72.74,       3.04,      -0.00,       0.00,     125.74,      440.0,      440.0,     -0.000,     -0.001,      1.335,        0.0,     1230.3,        0.0,     75.774,      0.000,      67600,     135334,    552.116,     -5.747,       0.00,       0.00,     120.83,       0.00,   -441.002
-311,     128.81,      66939,      75.88,       0.00,      75.88,       3.14,      -0.00,       0.00,     128.81,      435.1,      435.1,     -0.000,     -0.000,      1.336,        0.0,     1255.1,        0.0,     75.926,      0.000,      68125,     136632,    552.116,     -5.953,       0.00,       0.00,     120.83,       0.00,   -441.003
-310,     131.91,      67418,      79.13,       0.00,      79.13,       3.25,      -0.00,       0.00,     131.91,      430.4,      430.4,     -0.000,      0.000,      1.337,        0.0,     1278.7,        0.0,     76.121,      0.000,      68641,     137796,    552.116,     -6.164,       0.00,       0.00,     120.83,       0.00,   -441.002
-309,     135.05,      67928,      82.47,       0.00,      82.47,       3.34,      -0.00,       0.00,     135.05,      426.0,      426.0,     -0.000,      0.001,      1.337,        0.0,     1302.3,        0.0,     76.216,      0.000,      69185,     138839,    552.116,     -6.378,       0.00,       0.00,     120.83,       0.00,   -441.001
-308,     138.22,      68465,      85.92,       0.00,      85.92,       3.44,      -0.00,       0.00,     138.22,      421.9,      421.9,     -0.000,      0.002,      1.338,        0.0,     1326.5,        0.0,     76.209,      0.000,      69754,     139777,    552.116,     -6.597,       0.00,       0.00,     120.83,       0.00,   -441.000
-307,     141.43,      69026,      89.45,       0.00,      89.45,       3.54,      -0.00,       0.00,     141.43,      418.0,      418.0,     -0.000,      0.002,      1.338,        0.0,     1351.7,        0.0,     76.113,      0.000,      70344,     140623,    552.116,     -6.819,       0.00,       0.00,     120.83,       0.00,   -440.998
-306,     144.67,      69610,      93.09,       0.00,      93.09,       3.63,      -0.00,       0.00,     144.67,      414.3,      414.3,     -0.000,      0.003,      1.339,        0.0,     1376.8,        0.0,     75.928,      0.000,      70955,     141389,    552.116,     -7.046,       0.00,       0.00,     120.83,       0.00,   -440.995
-305,     147.94,      70213,      96.81,       0.00,      96.81,       3.72,      -0.00,       0.00,     147.94,      410.9,      410.9,     -0.000,      0.003,      1.340,        0.0,     1402.5,        0.0,     75.666,      0.000,      71582,     142087,    552.116,     -7.276,       0.00,       0.00,     120.83,       0.00,   -440.992
-304,     151.24,      70833,     100.62,       0.00,     100.62,       3.81,      -0.00,       0.00,     151.24,      407.7,      407.7,     -0.000,      0.004,      1.340,        0.0,     1428.4,        0.0,     75.329,      0.000,      72224,     142726,    552.116,     -7.511,       0.00,       0.00,     120.83,       0.00,   -440.988
-303,     154.57,      71468,     104.52,       0.00,     104.52,       3.90,      -0.00,       0.00,     154.57,      404.6,      404.6,     -0.000,      0.004,      1.340,        0.0,     1454.4,        0.0,     74.919,      0.000,      72878,     143318,    552.116,     -7.750,       0.00,       0.00,     120.83,       0.00,   -440.984
-302,     157.92,      72114,     108.50,       0.00,     108.50,       3.98,      -0.00,       0.00,     157.92,      401.8,      401.8,     -0.000,      0.005,      1.341,        0.0,     1479.6,        0.0,     74.446,      0.000,      73539,     143871,    552.116,     -7.993,       0.00,       0.00,     120.83,       0.00,   -440.979
-301,     161.30,      72768,     112.56,       0.00,     112.56,       4.06,      -0.00,       0.00,     161.30,      399.1,      399.1,     -0.000,      0.005,      1.341,        0.0,     1504.8,        0.0,     73.918,      0.000,      74206,     144392,    552.116,     -8.240,       0.00,       0.00,     120.83,       0.00,   -440.973
-300,     164.71,      73428,     116.68,       0.00,     116.68,       4.13,      -0.00,       0.00,     164.71,      396.5,      396.5,     -0.000,      0.006,      1.342,        0.0,     1529.9,        0.0,     73.339,      0.000,      74876,     144889,    552.116,     -8.491,       0.00,       0.00,     120.83,       0.00,   -440.967
-299,     168.14,      74092,     120.88,       0.00,     120.88,       4.20,      -0.00,       0.00,     168.14,      394.1,      394.1,     -0.000,      0.007,      1.342,        0.0,     1554.3,        0.0,     72.716,      0.000,      75545,     145369,    552.116,     -8.745,       0.00,       0.00,     120.83,       0.00,   -440.961
-298,     171.58,      74755,     125.14,       0.00,     125.14,       4.26,      -0.00,       0.00,     171.58,      391.8,      391.8,     -0.000,      0.007,      1.342,        0.0,     1578.7,        0.0,     72.107,      0.000,      76197,     145838,    552.116,     -9.004,       0.00,       0.00,     120.83,       0.00,   -440.953
-297,     175.05,      75419,     129.47,       0.00,     129.47,       4.33,      -0.00,       0.00,     175.05,      389.7,      389.7,     -0.000,      0.008,      1.343,        0.0,     1602.7,        0.0,     71.470,      0.000,      76845,     146300,    552.116,     -9.266,       0.00,       0.00,     120.83,       0.00,   -440.946
-296,     178.54,      76082,     133.85,       0.00,     133.85,       4.38,      -0.00,       0.00,     178.54,      387.6,      387.6,     -0.000,      0.008,      1.343,        0.0,     1625.5,        0.0,     70.797,      0.000,      77490,     146760,    552.116,     -9.532,       0.00,       0.00,     120.83,       0.00,   -440.938
-295,     182.04,      76739,     138.28,       0.00,     138.28,       4.43,      -0.00,       0.00,     182.04,      385.7,      385.7,     -0.000,      0.009,      1.343,        0.0,     1648.3,        0.0,     70.100,      0.000,      78128,     147221,    552.116,     -9.801,       0.00,       0.00,     120.83,       0.00,   -440.929
-294,     185.56,      77391,     142.77,       0.00,     142.77,       4.48,      -0.00,       0.00,     185.56,      383.9,      383.9,     -0.000,      0.009,      1.344,        0.0,     1670.7,        0.0,     69.382,      0.000,      78760,     147687,    552.116,    -10.074,       0.00,       0.00,     120.83,       0.00,   -440.920
-293,     189.09,      78036,     147.29,       0.00,     147.29,       4.53,      -0.00,       0.00,     189.09,      382.2,      382.2,     -0.000,      0.010,      1.344,        0.0,     1692.7,        0.0,     68.649,      0.000,      79383,     148158,    552.116,    -10.350,       0.00,       0.00,     120.83,       0.00,   -440.910
-292,     192.64,      78674,     151.86,       0.00,     151.86,       4.57,      -0.00,       0.00,     192.64,      380.5,      380.5,     -0.000,      0.010,      1.344,        0.0,     1714.7,        0.0,     67.905,      0.000,      79999,     148637,    552.116,    -10.630,       0.00,       0.00,     120.83,       0.00,   -440.900
-291,     196.19,      79303,     156.47,       0.00,     156.47,       4.61,      -0.00,       0.00,     196.19,      378.9,      378.9,     -0.000,      0.011,      1.344,        0.0,     1735.7,        0.0,     67.152,      0.000,      80605,     149122,    552.116,    -10.912,       0.00,       0.00,     120.83,       0.00,   -440.889
-290,     199.76,      79922,     161.11,       0.00,     161.11,       4.64,      -0.00,       0.00,     199.76,      377.5,      377.5,     -0.000,      0.011,      1.344,        0.0,     1756.1,        0.0,     66.397,      0.000,      81201,     149613,    552.116,    -11.197,       0.00,       0.00,     120.83,       0.00,   -440.878
-289,     203.33,      80530,     165.78,       0.00,     165.78,       4.67,      -0.00,       0.00,     203.33,      376.0,      376.0,     -0.000,      0.012,      1.345,        0.0,     1776.6,        0.0,     65.643,      0.000,      81787,     150109,    552.116,    -11.486,       0.00,       0.00,     120.83,       0.00,   -440.866
-288,     206.91,      81128,     170.48,       0.00,     170.48,       4.70,      -0.00,       0.00,     206.91,      374.7,      374.7,     -0.000,      0.012,      1.345,        0.0,     1795.6,        0.0,     64.887,      0.000,      82362,     150605,    552.116,    -11.776,       0.00,       0.00,     120.83,       0.00,   -440.854
-287,     210.50,      81715,     175.20,       0.00,     175.20,       4.72,      -0.00,       0.00,     210.50,      373.4,      373.4,     -0.000,      0.013,      1.345,        0.0,     1814.5,        0.0,     64.137,      0.000,      82925,     151100,    552.116,    -12.070,       0.00,       0.00,     120.83,       0.00,   -440.841
-286,     214.09,      82289,     179.95,       0.00,     179.95,       4.74,      -0.00,       0.00,     214.09,      372.2,      372.2,     -0.000,      0.013,      1.345,        0.0,     1833.3,        0.0,     63.389,      0.000,      83477,     151587,    552.116,    -12.365,       0.00,       0.00,     120.83,       0.00,   -440.828
-285,     217.69,      82852,     184.71,       0.00,     184.71,       4.76,      -0.00,       0.00,     217.69,      371.0,      371.0,     -0.000,      0.014,      1.345,        0.0,     1851.4,        0.0,     62.642,      0.000,      84017,     152063,    552.116,    -12.663,       0.00,       0.00,     120.83,       0.00,   -440.814
-284,     221.28,      83404,     189.49,       0.00,     189.49,       4.78,      -0.00,       0.00,     221.28,      369.9,      369.9,     -0.000,      0.014,      1.346,        0.0,     1869.4,        0.0,     61.889,      0.000,      84545,     152521,    552.116,    -12.963,       0.00,       0.00,     120.83,       0.00,   -440.800
-283,     224.88,      83943,     194.27,       0.00,     194.27,       4.79,      -0.00,       0.00,     224.88,      368.8,      368.8,     -0.000,      0.015,      1.346,        0.0,     1886.6,        0.0,     61.138,      0.000,      85061,     152954,    552.116,    -13.265,       0.00,       0.00,     120.83,       0.00,   -440.785
-282,     228.47,      84471,     199.07,       0.00,     199.07,       4.79,      -0.00,       0.00,     228.47,      367.8,      367.8,     -0.000,      0.015,      1.346,        0.0,     1901.6,        0.0,     60.386,      0.000,      85564,     153355,    552.116,    -13.569,       0.00,       0.00,     120.83,       0.00,   -440.770
-281,     232.07,      84983,     203.86,       0.00,     203.86,       4.80,      -0.00,       0.00,     232.07,      366.8,      366.8,     -0.000,      0.016,      1.346,        0.0,     1916.6,        0.0,     59.634,      0.000,      86052,     153717,    552.116,    -13.874,       0.00,       0.00,     120.83,       0.00,   -440.754
-280,     235.66,      85482,     208.66,       0.00,     208.66,       4.80,      -0.00,       0.00,     235.66,      365.9,      365.9,     -0.000,      0.016,      1.346,        0.0,     1931.8,        0.0,     58.874,      0.000,      86526,     154032,    552.116,    -14.181,       0.00,       0.00,     120.83,       0.00,   -440.738
-279,     239.24,      85966,     213.45,       0.00,     213.45,       4.79,      -0.00,       0.00,     239.24,      365.0,      365.0,     -0.000,      0.017,      1.346,        0.0,     1947.5,        0.0,     58.100,      0.000,      86986,     154292,    552.116,    -14.489,       0.00,       0.00,     120.83,       0.00,   -440.721
-278,     242.82,      86437,     218.24,       0.00,     218.24,       4.79,      -0.00,       0.00,     242.82,      364.1,      364.1,     -0.000,      0.017,      1.346,        0.0,     1963.2,        0.0,     57.310,      0.000,      87432,     154488,    552.116,    -14.798,       0.00,       0.00,     120.83,       0.00,   -440.704
-277,     246.39,      86895,     223.02,       0.00,     223.02,       4.78,      -0.00,       0.00,     246.39,      363.2,      363.2,     -0.000,      0.018,      1.347,        0.0,     1977.9,        0.0,     56.501,      0.000,      87863,     154613,    552.116,    -15.108,       0.00,       0.00,     120.83,       0.00,   -440.686
-276,     249.96,      87338,     227.78,       0.00,     227.78,       4.76,      -0.00,       0.00,     249.96,      362.4,      362.4,     -0.000,      0.018,      1.347,        0.0,     1991.3,        0.0,     55.679,      0.000,      88280,     154658,    552.116,    -15.419,       0.00,       0.00,     120.83,       0.00,   -440.668
-275,     253.51,      87765,     232.51,       0.00,     232.51,       4.74,      -0.00,       0.00,     253.51,      361.7,      361.7,     -0.000,      0.019,      1.347,        0.0,     2004.6,        0.0,     54.850,      0.000,      88681,     154615,    552.116,    -15.730,       0.00,       0.00,     120.83,       0.00,   -440.649
-274,     257.05,      88175,     237.23,       0.00,     237.23,       4.71,      -0.00,       0.00,     257.05,      360.9,      360.9,     -0.000,      0.019,      1.347,        0.0,     2017.5,        0.0,     54.017,      0.000,      89065,     154476,    552.116,    -16.042,       0.00,       0.00,     120.83,       0.00,   -440.630
-273,     260.58,      88570,     241.92,       0.00,     241.92,       4.69,      -0.00,       0.00,     260.58,      360.2,      360.2,     -0.000,      0.020,      1.347,        0.0,     2030.1,        0.0,     53.188,      0.000,      89434,     154236,    552.116,    -16.354,       0.00,       0.00,     120.83,       0.00,   -440.611
-272,     264.10,      88948,     246.58,       0.00,     246.58,       4.66,      -0.00,       0.00,     264.10,      359.5,      359.5,     -0.000,      0.020,      1.347,        0.0,     2042.7,        0.0,     52.372,      0.000,      89787,     153886,    552.116,    -16.666,       0.00,       0.00,     120.83,       0.00,   -440.591
-271,     267.61,      89312,     251.21,       0.00,     251.21,       4.63,      -0.00,       0.00,     267.61,      358.8,      358.8,     -0.000,      0.020,      1.347,        0.0,     2054.6,        0.0,     51.578,      0.000,      90127,     153422,    552.116,    -16.979,       0.00,       0.00,     120.83,       0.00,   -440.570
-270,     271.09,      89661,     255.81,       0.00,     255.81,       4.60,      -0.00,       0.00,     271.09,      358.2,      358.2,     -0.000,      0.021,      1.347,        0.0,     2066.3,        0.0,     50.819,      0.000,      90453,     152838,    552.116,    -17.291,       0.00,       0.00,     120.83,       0.00,   -440.549
-269,     274.57,      89997,     260.39,       0.00,     260.39,       4.58,      -0.00,       0.00,     274.57,      357.6,      357.6,     -0.000,      0.021,      1.347,        0.0,     2078.0,        0.0,     50.104,      0.000,      90769,     152132,    552.116,    -17.602,       0.00,       0.00,     120.83,       0.00,   -440.528
-268,     278.02,      90322,     264.95,       0.00,     264.95,       4.55,      -0.00,       0.00,     278.02,      357.0,      357.0,     -0.000,      0.022,      1.347,        0.0,     2087.4,        0.0,     49.453,      0.000,      91076,     151300,    552.116,    -17.914,       0.00,       0.00,     120.83,       0.00,   -440.506
-267,     281.46,      90638,     269.48,       0.00,     269.48,       4.54,      -0.00,       0.00,     281.46,      356.4,      356.4,     -0.000,      0.022,      1.348,        0.0,     2096.8,        0.0,     48.882,      0.000,      91375,     150342,    552.116,    -18.224,       0.00,       0.00,     120.83,       0.00,   -440.484
-266,     284.87,      90947,     274.01,       0.00,     274.01,       4.52,      -0.00,       0.00,     284.87,      355.8,      355.8,     -0.000,      0.023,      1.348,        0.0,     2106.0,        0.0,     48.402,      0.000,      91671,     149260,    552.116,    -18.534,       0.00,       0.00,     120.83,       0.00,   -440.461
-265,     288.27,      91252,     278.52,       0.00,     278.52,       4.52,      -0.00,       0.00,     288.27,      355.3,      355.3,     -0.000,      0.023,      1.348,        0.0,     2114.7,        0.0,     48.024,      0.000,      91966,     148056,    552.116,    -18.843,       0.00,       0.00,     120.83,       0.00,   -440.438
-264,     291.65,      91557,     283.05,       0.00,     283.05,       4.52,      -0.00,       0.00,     291.65,      354.8,      354.8,     -0.000,      0.024,      1.348,        0.0,     2123.3,        0.0,     47.757,      0.000,      92265,     146735,    552.116,    -19.151,       0.00,       0.00,     120.83,       0.00,   -440.415
-263,     295.00,      91866,     287.59,       0.00,     287.59,       4.54,      -0.00,       0.00,     295.00,      354.3,      354.3,     -0.000,      0.024,      1.348,        0.0,     2131.6,        0.0,     47.602,      0.000,      92571,     145303,    552.116,    -19.458,       0.00,       0.00,     120.83,       0.00,   -440.390
-262,     298.33,      92184,     292.16,       0.00,     292.16,       4.57,      -0.00,       0.00,     298.33,      353.8,      353.8,     -0.000,      0.024,      1.348,        0.0,     2139.5,        0.0,     47.561,      0.000,      92889,     143768,    552.116,    -19.764,       0.00,       0.00,     120.83,       0.00,   -440.366
-261,     301.63,      92513,     296.76,       0.00,     296.76,       4.60,      -0.00,       0.00,     301.63,      353.3,      353.3,     -0.000,      0.025,      1.348,        0.0,     2147.3,        0.0,     47.627,      0.000,      93223,     142140,    552.116,    -20.069,       0.00,       0.00,     120.83,       0.00,   -440.341
-260,     304.91,      92858,     301.41,       0.00,     301.41,       4.65,      -0.00,       0.00,     304.91,      352.9,      352.9,     -0.000,      0.025,      1.348,        0.0,     2153.5,        0.0,     47.790,      0.000,      93575,     140429,    552.116,    -20.372,       0.00,       0.00,     120.83,       0.00,   -440.316
-259,     308.17,      93221,     306.11,       0.00,     306.11,       4.70,      -0.00,       0.00,     308.17,      352.5,      352.5,     -0.000,      0.026,      1.348,        0.0,     2159.0,        0.0,     48.038,      0.000,      93947,     138649,    552.116,    -20.674,       0.00,       0.00,     120.83,       0.00,   -440.290
-258,     311.40,      93604,     310.86,       0.00,     310.86,       4.76,      -0.00,       0.00,     311.40,      352.2,      352.2,     -0.000,      0.026,      1.348,        0.0,     2164.5,        0.0,     48.355,      0.000,      94343,     136811,    552.116,    -20.975,       0.00,       0.00,     120.83,       0.00,   -440.264
-257,     314.60,      94010,     315.69,       0.00,     315.69,       4.82,      -0.00,       0.00,     314.60,      351.9,      351.9,     -0.000,      0.027,      1.348,        0.0,     2169.3,        0.0,     48.731,      0.000,      94763,     134930,    552.116,    -21.275,       0.00,       0.00,     120.83,       0.00,   -440.237
-256,     317.77,      94441,     320.58,       0.00,     320.58,       4.89,      -0.00,       0.00,     317.77,      351.6,      351.6,     -0.000,      0.027,      1.348,        0.0,     2174.0,        0.0,     49.129,      0.000,      95209,     133019,    552.116,    -21.573,       0.00,       0.00,     120.83,       0.00,   -440.210
-255,     320.91,      94896,     325.54,       0.00,     325.54,       4.96,      -0.00,       0.00,     320.91,      351.3,      351.3,     -0.000,      0.027,      1.348,        0.0,     2178.5,        0.0,     49.538,      0.000,      95681,     131092,    552.116,    -21.870,       0.00,       0.00,     120.83,       0.00,   -440.183
-254,     324.03,      95378,     330.57,       0.00,     330.57,       5.03,      -0.00,       0.00,     324.03,      351.0,      351.0,     -0.000,      0.028,      1.348,        0.0,     2181.4,        0.0,     49.941,      0.000,      96179,     129162,    552.116,    -22.165,       0.00,       0.00,     120.83,       0.00,   -440.155
-253,     327.11,      95883,     335.66,       0.00,     335.66,       5.10,      -0.00,       0.00,     327.11,      350.8,      350.8,     -0.000,      0.028,      1.348,        0.0,     2184.2,        0.0,     50.325,      0.000,      96700,     127242,    552.116,    -22.459,       0.00,       0.00,     120.83,       0.00,   -440.126
-252,     330.16,      96412,     340.82,       0.00,     340.82,       5.16,      -0.00,       0.00,     330.16,      350.6,      350.6,     -0.000,      0.029,      1.348,        0.0,     2187.0,        0.0,     50.680,      0.000,      97244,     125343,    552.116,    -22.752,       0.00,       0.00,     120.83,       0.00,   -440.098
-251,     333.18,      96963,     346.04,       0.00,     346.04,       5.22,      -0.00,       0.00,     333.18,      350.4,      350.4,     -0.000,      0.029,      1.348,        0.0,     2188.6,        0.0,     50.995,      0.000,      97810,     123476,    552.116,    -23.043,       0.00,       0.00,     120.83,       0.00,   -440.068
-250,     336.17,      97536,     351.32,       0.00,     351.32,       5.28,      -0.00,       0.00,     336.17,      350.3,      350.3,     -0.000,      0.030,      1.348,        0.0,     2190.2,        0.0,     51.268,      0.000,      98396,     121651,    552.116,    -23.333,       0.00,       0.00,     120.83,       0.00,   -440.039
-249,     339.12,      98128,     356.65,       0.00,     356.65,       5.33,      -0.00,       0.00,     339.12,      350.1,      350.1,     -0.000,      0.030,      1.348,        0.0,     2191.5,        0.0,     51.495,      0.000,      99000,     119876,    552.116,    -23.621,       0.00,       0.00,     120.83,       0.00,   -440.009
-248,     342.04,      98738,     362.02,       0.00,     362.02,       5.37,      -0.00,       0.00,     342.04,      350.0,      350.0,     -0.000,      0.030,      1.348,        0.0,     2192.3,        0.0,     51.671,      0.000,      99620,     118159,    552.116,    -23.908,       0.00,       0.00,     120.83,       0.00,   -439.978
-247,     344.93,      99364,     367.44,       0.00,     367.44,       5.42,      -0.00,       0.00,     344.93,      349.9,      349.9,     -0.000,      0.031,      1.348,        0.0,     2193.1,        0.0,     51.797,      0.000,     100255,     116505,    552.116,    -24.193,       0.00,       0.00,     120.83,       0.00,   -439.948
-246,     347.78,     100005,     372.89,       0.00,     372.89,       5.45,      -0.00,       0.00,     347.78,      349.8,      349.8,     -0.000,      0.031,      1.349,        0.0,     2193.1,        0.0,     51.873,      0.000,     100904,     114918,    552.116,    -24.477,       0.00,       0.00,     120.83,       0.00,   -439.916
-245,     350.60,     100659,     378.36,       0.00,     378.36,       5.48,      -0.00,       0.00,     350.60,      349.8,      349.8,     -0.000,      0.032,      1.349,        0.0,     2192.4,        0.0,     51.901,      0.000,     101563,     113401,    552.116,    -24.758,       0.00,       0.00,     120.83,       0.00,   -439.885
-244,     353.38,     101324,     383.86,       0.00,     383.86,       5.50,      -0.00,       0.00,     353.38,      349.7,      349.7,     -0.000,      0.032,      1.349,        0.0,     2191.6,        0.0,     51.882,      0.000,     102232,     111957,    552.116,    -25.038,       0.00,       0.00,     120.83,       0.00,   -439.853
-243,     356.12,     101998,     389.38,       0.00,     389.38,       5.52,      -0.00,       0.00,     356.12,      349.7,      349.7,     -0.000,      0.033,      1.349,        0.0,     2189.7,        0.0,     51.819,      0.000,     102908,     110585,    552.116,    -25.316,       0.00,       0.00,     120.83,       0.00,   -439.820
-242,     358.83,     102680,     394.91,       0.00,     394.91,       5.53,      -0.00,       0.00,     358.83,      349.6,      349.6,     -0.000,      0.033,      1.349,        0.0,     2187.4,        0.0,     51.714,      0.000,     103591,     109286,    552.116,    -25.592,       0.00,       0.00,     120.83,       0.00,   -439.787
-241,     361.50,     103369,     400.45,       0.00,     400.45,       5.53,      -0.00,       0.00,     361.50,      349.6,      349.6,     -0.000,      0.033,      1.349,        0.0,     2185.0,        0.0,     51.570,      0.000,     104279,     108059,    552.116,    -25.866,       0.00,       0.00,     120.83,       0.00,   -439.754
-240,     364.13,     104062,     405.98,       0.00,     405.98,       5.53,      -0.00,       0.00,     364.13,      349.6,      349.6,     -0.000,      0.034,      1.349,        0.0,     2181.2,        0.0,     51.389,      0.000,     104970,     106901,    552.116,    -26.138,       0.00,       0.00,     120.83,       0.00,   -439.720
-239,     366.72,     104759,     411.51,       0.00,     411.51,       5.53,      -0.00,       0.00,     366.72,      349.6,      349.6,     -0.000,      0.034,      1.349,        0.0,     2177.3,        0.0,     51.174,      0.000,     105664,     105810,    552.116,    -26.408,       0.00,       0.00,     120.83,       0.00,   -439.686
-238,     369.28,     105458,     417.02,       0.00,     417.02,       5.52,      -0.00,       0.00,     369.28,      349.6,      349.6,     -0.000,      0.035,      1.349,        0.0,     2173.3,        0.0,     50.929,      0.000,     106359,     104784,    552.116,    -26.675,       0.00,       0.00,     120.83,       0.00,   -439.651
-237,     371.79,     106159,     422.53,       0.00,     422.53,       5.50,      -0.00,       0.00,     371.79,      349.6,      349.6,     -0.000,      0.035,      1.349,        0.0,     2168.6,        0.0,     50.653,      0.000,     107054,     103819,    552.116,    -26.940,       0.00,       0.00,     120.83,       0.00,   -439.617
-236,     374.27,     106860,     428.01,       0.00,     428.01,       5.49,      -0.00,       0.00,     374.27,      349.6,      349.6,     -0.000,      0.035,      1.349,        0.0,     2163.9,        0.0,     50.352,      0.000,     107749,     102911,    552.116,    -27.202,       0.00,       0.00,     120.83,       0.00,   -439.581
-235,     376.71,     107561,     433.48,       0.00,     433.48,       5.46,      -0.00,       0.00,     376.71,      349.6,      349.6,     -0.000,      0.036,      1.349,        0.0,     2158.6,        0.0,     50.025,      0.000,     108442,     102057,    552.116,    -27.462,       0.00,       0.00,     120.83,       0.00,   -439.545
-234,     379.10,     108262,     438.91,       0.00,     438.91,       5.43,      -0.00,       0.00,     379.10,      349.7,      349.7,     -0.000,      0.036,      1.349,        0.0,     2152.3,        0.0,     49.676,      0.000,     109134,     101252,    552.116,    -27.720,       0.00,       0.00,     120.83,       0.00,   -439.509
-233,     381.46,     108960,     444.31,       0.00,     444.31,       5.40,      -0.00,       0.00,     381.46,      349.7,      349.7,     -0.000,      0.036,      1.349,        0.0,     2146.1,        0.0,     49.308,      0.000,     109823,     100492,    552.116,    -27.974,       0.00,       0.00,     120.83,       0.00,   -439.473
-232,     383.77,     109655,     449.68,       0.00,     449.68,       5.37,      -0.00,       0.00,     383.77,      349.7,      349.7,     -0.000,      0.037,      1.349,        0.0,     2138.9,        0.0,     48.921,      0.000,     110509,      99775,    552.116,    -28.226,       0.00,       0.00,     120.83,       0.00,   -439.436
-231,     386.05,     110348,     455.01,       0.00,     455.01,       5.33,      -0.00,       0.00,     386.05,      349.8,      349.8,     -0.000,      0.037,      1.349,        0.0,     2131.1,        0.0,     48.519,      0.000,     111191,      99096,    552.116,    -28.474,       0.00,       0.00,     120.83,       0.00,   -439.399
-230,     388.28,     111036,     460.30,       0.00,     460.30,       5.29,      -0.00,       0.00,     388.28,      349.8,      349.8,     -0.000,      0.038,      1.349,        0.0,     2123.2,        0.0,     48.103,      0.000,     111868,      98452,    552.116,    -28.720,       0.00,       0.00,     120.83,       0.00,   -439.361
-229,     390.47,     111720,     465.54,       0.00,     465.54,       5.24,      -0.00,       0.00,     390.47,      349.9,      349.9,     -0.000,      0.038,      1.349,        0.0,     2114.8,        0.0,     47.675,      0.000,     112541,      97840,    552.116,    -28.962,       0.00,       0.00,     120.83,       0.00,   -439.323
-228,     392.62,     112400,     470.74,       0.00,     470.74,       5.20,      -0.00,       0.00,     392.62,      349.9,      349.9,     -0.000,      0.038,      1.348,        0.0,     2106.1,        0.0,     47.235,      0.000,     113209,      97258,    552.116,    -29.202,       0.00,       0.00,     120.83,       0.00,   -439.285
-227,     394.73,     113075,     475.89,       0.00,     475.89,       5.15,      -0.00,       0.00,     394.73,      350.0,      350.0,     -0.000,      0.039,      1.348,        0.0,     2097.5,        0.0,     46.778,      0.000,     113872,      96705,    552.116,    -29.438,       0.00,       0.00,     120.83,       0.00,   -439.246
-226,     396.79,     113745,     480.98,       0.00,     480.98,       5.09,      -0.00,       0.00,     396.79,      350.0,      350.0,     -0.000,      0.039,      1.348,        0.0,     2087.6,        0.0,     46.317,      0.000,     114529,      96179,    552.116,    -29.670,       0.00,       0.00,     120.83,       0.00,   -439.207
-225,     398.82,     114409,     486.02,       0.00,     486.02,       5.04,      -0.00,       0.00,     398.82,      350.1,      350.1,     -0.000,      0.039,      1.348,        0.0,     2077.5,        0.0,     45.852,      0.000,     115181,      95679,    552.116,    -29.899,       0.00,       0.00,     120.83,       0.00,   -439.168
-224,     400.80,     115068,     491.01,       0.00,     491.01,       4.98,      -0.00,       0.00,     400.80,      350.2,      350.2,     -0.000,      0.040,      1.348,        0.0,     2067.5,        0.0,     45.378,      0.000,     115826,      95205,    552.116,    -30.124,       0.00,       0.00,     120.83,       0.00,   -439.128
-223,     402.73,     115721,     495.93,       0.00,     495.93,       4.92,      -0.00,       0.00,     402.73,      350.2,      350.2,     -0.000,      0.040,      1.348,        0.0,     2056.0,        0.0,     44.898,      0.000,     116467,      94759,    552.116,    -30.346,       0.00,       0.00,     120.83,       0.00,   -439.088
-222,     404.63,     116368,     500.79,       0.00,     500.79,       4.86,      -0.00,       0.00,     404.63,      350.3,      350.3,     -0.000,      0.040,      1.348,        0.0,     2044.2,        0.0,     44.413,      0.000,     117100,      94341,    552.116,    -30.564,       0.00,       0.00,     120.83,       0.00,   -439.048
-221,     406.48,     117008,     505.60,       0.00,     505.60,       4.80,      -0.00,       0.00,     406.48,      350.4,      350.4,     -0.000,      0.041,      1.348,        0.0,     2032.3,        0.0,     43.927,      0.000,     117727,      93954,    552.116,    -30.778,       0.00,       0.00,     120.83,       0.00,   -439.007
-220,     408.29,     117643,     510.33,       0.00,     510.33,       4.74,      -0.00,       0.00,     408.29,      350.5,      350.5,     -0.000,      0.041,      1.348,        0.0,     2019.7,        0.0,     43.434,      0.000,     118349,      93601,    552.116,    -30.988,       0.00,       0.00,     120.83,       0.00,   -438.966
-219,     410.05,     118271,     515.00,       0.00,     515.00,       4.67,      -0.00,       0.00,     410.05,      350.6,      350.6,     -0.000,      0.041,      1.348,        0.0,     2007.2,        0.0,     42.937,      0.000,     118963,      93284,    552.116,    -31.194,       0.00,       0.00,     120.83,       0.00,   -438.925
-218,     411.77,     118893,     519.61,       0.00,     519.61,       4.60,      -0.00,       0.00,     411.77,      350.6,      350.6,     -0.000,      0.042,      1.348,        0.0,     1994.1,        0.0,     42.436,      0.000,     119571,      93007,    552.116,    -31.396,       0.00,       0.00,     120.83,       0.00,   -438.883
-217,     413.45,     119509,     524.14,       0.00,     524.14,       4.53,      -0.00,       0.00,     413.45,      350.7,      350.7,     -0.000,      0.042,      1.348,        0.0,     1980.0,        0.0,     41.930,      0.000,     120173,      92774,    552.116,    -31.594,       0.00,       0.00,     120.83,       0.00,   -438.841
-216,     415.08,     120118,     528.60,       0.00,     528.60,       4.46,      -0.00,       0.00,     415.08,      350.8,      350.8,     -0.000,      0.042,      1.348,        0.0,     1965.8,        0.0,     41.422,      0.000,     120768,      92590,    552.116,    -31.787,       0.00,       0.00,     120.83,       0.00,   -438.799
-215,     416.67,     120720,     532.99,       0.00,     532.99,       4.39,      -0.00,       0.00,     416.67,      350.9,      350.9,     -0.000,      0.042,      1.348,        0.0,     1950.9,        0.0,     40.909,      0.000,     121357,      92459,    552.116,    -31.976,       0.00,       0.00,     120.83,       0.00,   -438.757
-214,     418.21,     121316,     537.30,       0.00,     537.30,       4.31,      -0.00,       0.00,     418.21,      351.0,      351.0,     -0.000,      0.043,      1.348,        0.0,     1935.1,        0.0,     40.392,      0.000,     121938,      92387,    552.116,    -32.161,       0.00,       0.00,     120.83,       0.00,   -438.714
-213,     419.71,     121904,     541.54,       0.00,     541.54,       4.24,      -0.00,       0.00,     419.71,      351.1,      351.1,     -0.000,      0.043,      1.348,        0.0,     1919.4,        0.0,     39.871,      0.000,     122513,      92378,    552.116,    -32.341,       0.00,       0.00,     120.83,       0.00,   -438.671
-212,     421.17,     122486,     545.70,       0.00,     545.70,       4.16,      -0.00,       0.00,     421.17,      351.2,      351.2,     -0.000,      0.043,      1.348,        0.0,     1902.6,        0.0,     39.344,      0.000,     123081,      92438,    552.116,    -32.517,       0.00,       0.00,     120.83,       0.00,   -438.627
-211,     422.58,     123061,     549.78,       0.00,     549.78,       4.08,      -0.00,       0.00,     422.58,      351.3,      351.3,     -0.000,      0.044,      1.348,        0.0,     1885.3,        0.0,     38.810,      0.000,     123641,      92572,    552.116,    -32.688,       0.00,       0.00,     120.83,       0.00,   -438.584
-210,     423.95,     123629,     553.78,       0.00,     553.78,       4.00,      -0.00,       0.00,     423.95,      351.4,      351.4,     -0.000,      0.044,      1.348,        0.0,     1868.0,        0.0,     38.277,      0.000,     124195,      92785,    552.116,    -32.854,       0.00,       0.00,     120.83,       0.00,   -438.540
-209,     425.27,     124189,     557.70,       0.00,     557.70,       3.92,      -0.00,       0.00,     425.27,      351.5,      351.5,     -0.000,      0.044,      1.348,        0.0,     1849.9,        0.0,     37.728,      0.000,     124740,      93080,    552.116,    -33.016,       0.00,       0.00,     120.83,       0.00,   -438.496
-208,     426.55,     124743,     561.53,       0.00,     561.53,       3.83,      -0.00,       0.00,     426.55,      351.6,      351.6,     -0.000,      0.044,      1.348,        0.0,     1831.9,        0.0,     37.163,      0.000,     125279,      93464,    552.116,    -33.173,       0.00,       0.00,     120.83,       0.00,   -438.452
-207,     427.79,     125288,     565.28,       0.00,     565.28,       3.75,      -0.00,       0.00,     427.79,      351.7,      351.7,     -0.000,      0.044,      1.348,        0.0,     1813.6,        0.0,     36.590,      0.000,     125809,      93940,    552.116,    -33.325,       0.00,       0.00,     120.83,       0.00,   -438.407
-206,     428.98,     125827,     568.93,       0.00,     568.93,       3.66,      -0.00,       0.00,     428.98,      351.8,      351.8,     -0.000,      0.045,      1.348,        0.0,     1793.9,        0.0,     36.009,      0.000,     126333,      94510,    552.116,    -33.471,       0.00,       0.00,     120.83,       0.00,   -438.363
-205,     430.12,     126357,     572.50,       0.00,     572.50,       3.57,      -0.00,       0.00,     430.12,      352.0,      352.0,     -0.000,      0.045,      1.348,        0.0,     1774.3,        0.0,     35.408,      0.000,     126848,      95177,    552.116,    -33.613,       0.00,       0.00,     120.83,       0.00,   -438.318
-204,     431.22,     126880,     575.98,       0.00,     575.98,       3.48,      -0.00,       0.00,     431.22,      352.1,      352.1,     -0.000,      0.045,      1.348,        0.0,     1754.1,        0.0,     34.788,      0.000,     127354,      95941,    552.116,    -33.750,       0.00,       0.00,     120.83,       0.00,   -438.273
-203,     432.28,     127394,     579.36,       0.00,     579.36,       3.38,      -0.00,       0.00,     432.28,      352.2,      352.2,     -0.000,      0.045,      1.348,        0.0,     1732.8,        0.0,     34.152,      0.000,     127852,      96804,    552.116,    -33.882,       0.00,       0.00,     120.83,       0.00,   -438.227
-202,     433.29,     127900,     582.65,       0.00,     582.65,       3.28,      -0.00,       0.00,     433.29,      352.3,      352.3,     -0.000,      0.046,      1.348,        0.0,     1711.6,        0.0,     33.493,      0.000,     128341,      97763,    552.116,    -34.008,       0.00,       0.00,     120.83,       0.00,   -438.182
-201,     434.25,     128396,     585.83,       0.00,     585.83,       3.19,      -0.00,       0.00,     434.25,      352.5,      352.5,     -0.000,      0.046,      1.348,        0.0,     1689.9,        0.0,     32.807,      0.000,     128820,      98816,    552.116,    -34.129,       0.00,       0.00,     120.83,       0.00,   -438.136
-200,     435.17,     128883,     588.92,       0.00,     588.92,       3.08,      -0.00,       0.00,     435.17,      352.6,      352.6,     -0.000,      0.046,      1.348,        0.0,     1667.9,        0.0,     32.098,      0.000,     129290,      99958,    552.116,    -34.245,       0.00,       0.00,     120.83,       0.00,   -438.090
-199,     436.05,     129361,     591.90,       0.00,     591.90,       2.98,      -0.00,       0.00,     436.05,      352.7,      352.7,     -0.000,      0.046,      1.348,        0.0,     1645.9,        0.0,     31.358,      0.000,     129750,     101185,    552.116,    -34.356,       0.00,       0.00,     120.83,       0.00,   -438.044
-198,     436.88,     129829,     594.77,       0.00,     594.77,       2.88,      -0.00,       0.00,     436.88,      352.8,      352.8,     -0.000,      0.046,      1.348,        0.0,     1624.3,        0.0,     30.587,      0.000,     130200,     102489,    552.116,    -34.461,       0.00,       0.00,     120.83,       0.00,   -437.998
-197,     437.67,     130287,     597.55,       0.00,     597.55,       2.77,      -0.00,       0.00,     437.67,      353.0,      353.0,     -0.000,      0.046,      1.348,        0.0,     1602.9,        0.0,     29.781,      0.000,     130639,     103862,    552.116,    -34.560,       0.00,       0.00,     120.83,       0.00,   -437.952
-196,     438.41,     130735,     600.21,       0.00,     600.21,       2.66,      -0.00,       0.00,     438.41,      353.1,      353.1,     -0.000,      0.046,      1.348,        0.0,     1581.4,        0.0,     28.935,      0.000,     131068,     105293,    552.116,    -34.654,       0.00,       0.00,     120.83,       0.00,   -437.905
-195,     439.11,     131172,     602.76,       0.00,     602.76,       2.55,      -0.00,       0.00,     439.11,      353.2,      353.2,     -0.000,      0.047,      1.348,        0.0,     1558.0,        0.0,     28.050,      0.000,     131485,     106773,    552.116,    -34.743,       0.00,       0.00,     120.83,       0.00,   -437.859
-194,     439.76,     131598,     605.19,       0.00,     605.19,       2.43,      -0.00,       0.00,     439.76,      353.4,      353.4,     -0.000,      0.047,      1.348,        0.0,     1533.6,        0.0,     27.130,      0.000,     131888,     108288,    552.116,    -34.825,       0.00,       0.00,     120.83,       0.00,   -437.812
-193,     440.37,     132012,     607.50,       0.00,     607.50,       2.31,      -0.00,       0.00,     440.37,      353.5,      353.5,     -0.000,      0.047,      1.348,        0.0,     1509.2,        0.0,     26.167,      0.000,     132279,     109826,    552.116,    -34.903,       0.00,       0.00,     120.83,       0.00,   -437.765
-192,     440.93,     132413,     609.69,       0.00,     609.69,       2.19,      -0.00,       0.00,     440.93,      353.7,      353.7,     -0.000,      0.047,      1.348,        0.0,     1483.4,        0.0,     25.158,      0.000,     132658,     111374,    552.116,    -34.974,       0.00,       0.00,     120.83,       0.00,   -437.718
-191,     441.44,     132801,     611.76,       0.00,     611.76,       2.07,      -0.00,       0.00,     441.44,      353.8,      353.8,     -0.000,      0.047,      1.348,        0.0,     1457.5,        0.0,     24.103,      0.000,     133023,     112919,    552.116,    -35.040,       0.00,       0.00,     120.83,       0.00,   -437.671
-190,     441.92,     133176,     613.70,       0.00,     613.70,       1.94,      -0.00,       0.00,     441.92,      354.0,      354.0,     -0.000,      0.047,      1.348,        0.0,     1431.6,        0.0,     22.999,      0.000,     133376,     114449,    552.116,    -35.100,       0.00,       0.00,     120.83,       0.00,   -437.624
-189,     442.34,     133537,     615.51,       0.00,     615.51,       1.81,      -0.00,       0.00,     442.34,      354.1,      354.1,     -0.000,      0.047,      1.348,        0.0,     1406.5,        0.0,     21.845,      0.000,     133716,     115952,    552.116,    -35.154,       0.00,       0.00,     120.83,       0.00,   -437.577
-188,     442.73,     133885,     617.20,       0.00,     617.20,       1.69,      -0.00,       0.00,     442.73,      354.2,      354.2,     -0.000,      0.047,      1.348,        0.0,     1381.3,        0.0,     20.643,      0.000,     134043,     117420,    552.116,    -35.202,       0.00,       0.00,     120.83,       0.00,   -437.530
-187,     443.06,     134219,     618.76,       0.00,     618.76,       1.56,      -0.00,       0.00,     443.06,      354.4,      354.4,     -0.000,      0.047,      1.348,        0.0,     1355.9,        0.0,     19.387,      0.000,     134356,     118842,    552.116,    -35.244,       0.00,       0.00,     120.83,       0.00,   -437.483
-186,     443.36,     134539,     620.18,       0.00,     620.18,       1.43,      -0.00,       0.00,     443.36,      354.5,      354.5,     -0.000,      0.047,      1.348,        0.0,     1329.9,        0.0,     18.076,      0.000,     134657,     120213,    552.116,    -35.280,       0.00,       0.00,     120.83,       0.00,   -437.436
-185,     443.60,     134845,     621.44,       0.00,     621.44,       1.26,      -0.00,       0.00,     443.60,      354.7,      354.7,     -0.000,      0.047,      1.348,        0.0,     1304.0,        0.0,     19.332,      0.000,     134910,     121527,    552.116,    -35.311,       0.00,       0.00,     120.83,       0.00,   -437.388
-184,     443.81,     135127,     622.69,       0.00,     622.69,       1.24,      -0.00,       0.00,     443.81,      354.8,      354.8,     -0.000,      0.047,      1.348,        0.0,     1278.1,        0.0,     12.756,      0.000,     135265,     122780,    552.116,    -35.335,       0.00,       0.00,     120.83,       0.00,   -437.341
-183,     443.96,     135424,     624.00,       0.00,     624.00,       1.31,      -0.00,       0.00,     443.96,      355.0,      355.0,     -0.000,      0.047,      1.348,        0.0,     1252.1,        0.0,     21.456,      0.000,     135532,     123970,    552.116,    -35.353,       0.00,       0.00,     120.83,       0.00,   -437.294
-182,     444.08,     135756,     625.29,       0.00,     625.29,       1.29,      -0.00,       0.00,     444.08,      355.2,      355.2,     -0.000,      0.047,      1.348,        0.0,     1226.2,        0.0,     21.837,      0.000,     135873,     125095,    552.116,    -35.365,       0.00,       0.00,     120.83,       0.00,   -437.247
-181,     444.14,     136102,     626.48,       0.00,     626.48,       1.19,      -0.00,       0.00,     444.14,      355.4,      355.4,     -0.000,      0.047,      1.348,        0.0,     1200.2,        0.0,     20.696,      0.000,     136175,     126157,    552.116,    -35.372,       0.00,       0.00,     120.83,       0.00,   -437.199
-180,     444.16,     136441,     626.86,       0.00,     626.86,       0.37,      -0.00,       0.00,     444.16,      355.6,      355.6,     -0.000,      0.047,      1.348,        0.0,     1174.3,        0.0,      0.714,      0.000,     136691,     127155,    552.116,    -35.372,       0.00,       0.00,     120.83,       0.00,   -437.152
-179,     444.14,     136598,     627.62,       0.00,     627.62,       0.77,      -0.00,       0.00,     444.14,      355.7,      355.7,     -0.000,      0.047,      1.348,        0.0,     1148.3,        0.0,     13.515,      0.000,     136516,     128093,    552.116,    -35.365,       0.00,       0.00,     120.83,       0.00,   -437.105
-178,     444.08,     136869,     628.05,       0.00,     628.05,       0.43,      -0.00,       0.00,     444.08,      355.9,      355.9,     -0.000,      0.047,      1.348,        0.0,     1123.1,        0.0,      0.764,      0.000,     137020,     128972,    552.116,    -35.353,       0.00,       0.00,     120.83,       0.00,   -437.058
-177,     443.96,     137077,     628.54,       0.00,     628.54,       0.49,      -0.00,       0.00,     443.96,      356.1,      356.1,     -0.000,      0.047,      1.348,        0.0,     1098.0,        0.0,      8.837,      0.000,     136974,     129796,    552.116,    -35.335,       0.00,       0.00,     120.83,       0.00,   -437.011
-176,     443.81,     137318,     628.80,       0.00,     628.80,       0.26,      -0.00,       0.00,     443.81,      356.2,      356.2,     -0.000,      0.047,      1.348,        0.0,     1072.7,        0.0,      0.824,      0.000,     137373,     130569,    552.116,    -35.310,       0.00,       0.00,     120.83,       0.00,   -436.963
-175,     443.60,     137522,     628.84,       0.00,     628.84,       0.05,      -0.00,       0.00,     443.60,      356.4,      356.4,     -0.000,      0.047,      1.348,        0.0,     1046.7,        0.0,      0.857,      0.000,     137500,     131293,    552.116,    -35.279,       0.00,       0.00,     120.83,       0.00,   -436.916
-174,     443.36,     137692,     628.89,       0.00,     628.89,       0.05,      -0.00,       0.00,     443.36,      356.6,      356.6,     -0.000,      0.047,      1.348,        0.0,     1020.8,        0.0,      0.888,      0.000,     137635,     131973,    552.116,    -35.242,       0.00,       0.00,     120.83,       0.00,   -436.870
-173,     443.06,     137881,     628.93,       0.00,     628.93,       0.04,      -0.00,       0.00,     443.06,      356.8,      356.8,     -0.000,      0.047,      1.348,        0.0,      994.9,        0.0,      0.836,      0.000,     137788,     132613,    552.116,    -35.198,       0.00,       0.00,     120.83,       0.00,   -436.823
-172,     442.73,     138088,     628.98,       0.00,     628.98,       0.04,      -0.00,       0.00,     442.73,      357.0,      357.0,     -0.000,      0.047,      1.347,        0.0,      968.9,        0.0,      0.780,      0.000,     137957,     133215,    552.116,    -35.149,       0.00,       0.00,     120.83,       0.00,   -436.776
-171,     442.34,     138314,     629.02,       0.00,     629.02,       0.04,      -0.00,       0.00,     442.34,      357.2,      357.2,     -0.000,      0.047,      1.347,        0.0,      943.0,        0.0,      0.733,      0.000,     138144,     133785,    552.116,    -35.093,       0.00,       0.00,     120.83,       0.00,   -436.729
-170,     441.92,     138559,     629.05,       0.00,     629.05,       0.04,      -0.00,       0.00,     441.92,      357.4,      357.4,     -0.000,      0.046,      1.347,        0.0,      918.4,        0.0,      0.675,      0.000,     138349,     134324,    552.116,    -35.031,       0.00,       0.00,     120.83,       0.00,   -436.683
-169,     441.44,     138823,     628.55,       0.00,     628.55,      -0.50,      -0.00,       0.00,     441.44,      357.7,      357.7,     -0.000,      0.046,      1.347,        0.0,      894.8,        0.0,     -8.774,      0.000,     138755,     134837,    552.116,    -34.962,       0.00,       0.00,     120.83,       0.00,   -436.637
-168,     440.93,     138948,     627.86,       0.00,     627.86,      -0.69,      -0.00,       0.00,     440.93,      357.8,      357.8,     -0.000,      0.046,      1.347,        0.0,      871.2,        0.0,    -12.055,      0.000,     138813,     135325,    552.116,    -34.887,       0.00,       0.00,     120.83,       0.00,   -436.590
-167,     440.37,     139035,     627.06,       0.00,     627.06,      -0.80,      -0.00,       0.00,     440.37,      358.0,      358.0,     -0.000,      0.046,      1.347,        0.0,      846.4,        0.0,    -13.935,      0.000,     138849,     135791,    552.116,    -34.806,       0.00,       0.00,     120.83,       0.00,   -436.544
-166,     439.76,     139109,     626.17,       0.00,     626.17,      -0.89,      -0.00,       0.00,     439.76,      358.1,      358.1,     -0.000,      0.046,      1.347,        0.0,      820.5,        0.0,    -15.501,      0.000,     138869,     136238,    552.116,    -34.718,       0.00,       0.00,     120.83,       0.00,   -436.498
-165,     439.11,     139175,     625.19,       0.00,     625.19,      -0.97,      -0.00,       0.00,     439.11,      358.2,      358.2,     -0.000,      0.046,      1.347,        0.0,      794.5,        0.0,    -16.968,      0.000,     138875,     136666,    552.116,    -34.624,       0.00,       0.00,     120.83,       0.00,   -436.452
-164,     438.41,     139236,     624.14,       0.00,     624.14,      -1.06,      -0.00,       0.00,     438.41,      358.3,      358.3,     -0.000,      0.046,      1.347,        0.0,      769.2,        0.0,    -18.380,      0.000,     138866,     137077,    552.116,    -34.524,       0.00,       0.00,     120.83,       0.00,   -436.407
-163,     437.67,     139291,     623.00,       0.00,     623.00,      -1.13,      -0.00,       0.00,     437.67,      358.4,      358.4,     -0.000,      0.046,      1.347,        0.0,      744.0,        0.0,    -19.742,      0.000,     138843,     137471,    552.116,    -34.418,       0.00,       0.00,     120.83,       0.00,   -436.361
-162,     436.88,     139343,     621.80,       0.00,     621.80,      -1.21,      -0.00,       0.00,     436.88,      358.5,      358.5,     -0.000,      0.046,      1.347,        0.0,      718.8,        0.0,    -21.056,      0.000,     138803,     137848,    552.116,    -34.305,       0.00,       0.00,     120.83,       0.00,   -436.315
-161,     436.05,     139391,     620.52,       0.00,     620.52,      -1.28,      -0.00,       0.00,     436.05,      358.6,      358.6,     -0.000,      0.045,      1.347,        0.0,      692.9,        0.0,    -22.326,      0.000,     138746,     138210,    552.116,    -34.186,       0.00,       0.00,     120.83,       0.00,   -436.270
-160,     435.17,     139436,     619.17,       0.00,     619.17,      -1.35,      -0.00,       0.00,     435.17,      358.7,      358.7,     -0.000,      0.045,      1.347,        0.0,      667.0,        0.0,    -23.547,      0.000,     138669,     138555,    552.116,    -34.061,       0.00,       0.00,     120.83,       0.00,   -436.225
-159,     434.25,     139480,     617.75,       0.00,     617.75,      -1.41,      -0.00,       0.00,     434.25,      358.8,      358.8,     -0.000,      0.045,      1.347,        0.0,      641.1,        0.0,    -24.709,      0.000,     138572,     138884,    552.116,    -33.929,       0.00,       0.00,     120.83,       0.00,   -436.180
-158,     433.29,     139524,     616.28,       0.00,     616.28,      -1.48,      -0.00,       0.00,     433.29,      358.9,      358.9,     -0.000,      0.045,      1.347,        0.0,      615.1,        0.0,    -25.813,      0.000,     138460,     139194,    552.116,    -33.791,       0.00,       0.00,     120.83,       0.00,   -436.135
-157,     432.28,     139568,     614.74,       0.00,     614.74,      -1.53,      -0.00,       0.00,     432.28,      359.0,      359.0,     -0.000,      0.045,      1.347,        0.0,      589.2,        0.0,    -26.851,      0.000,     138328,     139484,    552.116,    -33.647,       0.00,       0.00,     120.83,       0.00,   -436.090
-156,     431.22,     139614,     613.16,       0.00,     613.16,      -1.59,      -0.00,       0.00,     431.22,      359.1,      359.1,     -0.000,      0.045,      1.347,        0.0,      563.5,        0.0,    -27.803,      0.000,     138175,     139754,    552.116,    -33.496,       0.00,       0.00,     120.83,       0.00,   -436.045
-155,     430.12,     139663,     611.52,       0.00,     611.52,      -1.63,      -0.00,       0.00,     430.12,      359.2,      359.2,     -0.000,      0.044,      1.347,        0.0,      538.3,        0.0,    -28.668,      0.000,     137999,     140002,    552.116,    -33.340,       0.00,       0.00,     120.83,       0.00,   -436.001
-154,     428.98,     139718,     609.85,       0.00,     609.85,      -1.67,      -0.00,       0.00,     428.98,      359.3,      359.3,     -0.000,      0.044,      1.347,        0.0,      513.2,        0.0,    -29.437,      0.000,     137797,     140224,    552.116,    -33.177,       0.00,       0.00,     120.83,       0.00,   -435.957
-153,     427.79,     139779,     608.14,       0.00,     608.14,      -1.71,      -0.00,       0.00,     427.79,      359.4,      359.4,     -0.000,      0.044,      1.347,        0.0,      488.0,        0.0,    -30.104,      0.000,     137564,     140419,    552.116,    -33.007,       0.00,       0.00,     120.83,       0.00,   -435.912
-152,     426.55,     139850,     606.40,       0.00,     606.40,      -1.74,      -0.00,       0.00,     426.55,      359.5,      359.5,     -0.000,      0.044,      1.347,        0.0,      462.9,        0.0,    -30.664,      0.000,     137297,     140584,    552.116,    -32.831,       0.00,       0.00,     120.83,       0.00,   -435.868
-151,     425.27,     139932,     604.65,       0.00,     604.65,      -1.76,      -0.00,       0.00,     425.27,      359.6,      359.6,     -0.000,      0.044,      1.347,        0.0,      437.7,        0.0,    -31.107,      0.000,     136990,     140716,    552.116,    -32.649,       0.00,       0.00,     120.83,       0.00,   -435.825
-150,     423.95,     140027,     602.88,       0.00,     602.88,      -1.77,      -0.00,       0.00,     423.95,      359.7,      359.7,     -0.000,      0.044,      1.347,        0.0,      412.6,        0.0,    -31.422,      0.000,     136637,     140813,    552.116,    -32.461,       0.00,       0.00,     120.83,       0.00,   -435.781
-149,     422.58,     140139,     601.10,       0.00,     601.10,      -1.77,      -0.00,       0.00,     422.58,      359.9,      359.9,     -0.000,      0.043,      1.347,        0.0,      387.4,        0.0,    -31.599,      0.000,     136230,     140872,    552.116,    -32.266,       0.00,       0.00,     120.83,       0.00,   -435.738
-148,     421.17,     140270,     599.34,       0.00,     599.34,      -1.77,      -0.00,       0.00,     421.17,      360.0,      360.0,     -0.000,      0.043,      1.347,        0.0,      362.2,        0.0,    -31.621,      0.000,     135762,     140890,    552.116,    -32.065,       0.00,       0.00,     120.83,       0.00,   -435.694
-147,     419.71,     140423,     597.58,       0.00,     597.58,      -1.75,      -0.00,       0.00,     419.71,      360.2,      360.2,     -0.000,      0.043,      1.347,        0.0,      337.1,        0.0,    -31.472,      0.000,     135221,     140863,    552.116,    -31.857,       0.00,       0.00,     120.83,       0.00,   -435.652
-146,     418.21,     140603,     595.87,       0.00,     595.87,      -1.71,      -0.00,       0.00,     418.21,      360.4,      360.4,     -0.000,      0.043,      1.347,        0.0,      311.9,        0.0,    -30.955,      0.000,     134508,     140788,    552.116,    -31.643,       0.00,       0.00,     120.83,       0.00,   -435.609
-145,     416.67,     140816,     594.21,       0.00,     594.21,      -1.66,      -0.00,       0.00,     416.67,      360.6,      360.6,     -0.000,      0.043,      1.347,        0.0,      287.4,        0.0,    -30.158,      0.000,     133668,     140664,    552.116,    -31.423,       0.00,       0.00,     120.83,       0.00,   -435.566
-144,     415.08,     141068,     592.61,       0.00,     592.61,      -1.60,      -0.00,       0.00,     415.08,      360.8,      360.8,     -0.000,      0.042,      1.347,        0.0,      265.4,        0.0,    -29.303,      0.000,     132808,     140487,    552.116,    -31.195,       0.00,       0.00,     120.83,       0.00,   -435.524
-143,     413.45,     141361,     591.09,       0.00,     591.09,      -1.53,      -0.00,       0.00,     413.45,      361.1,      361.1,     -0.000,      0.042,      1.347,        0.0,      243.4,        0.0,    -28.233,      0.000,     131850,     140254,    552.116,    -30.961,       0.00,       0.00,     120.83,       0.00,   -435.482
-142,     411.77,     141700,     589.63,       0.00,     589.63,      -1.45,      -0.00,       0.00,     411.77,      361.4,      361.4,     -0.000,      0.042,      1.347,        0.0,      223.0,        0.0,    -27.095,      0.000,     130866,     139964,    552.116,    -30.721,       0.00,       0.00,     120.83,       0.00,   -435.440
-141,     410.05,     142085,     588.25,       0.00,     588.25,      -1.38,      -0.00,       0.00,     410.05,      361.7,      361.7,     -0.000,      0.042,      1.347,        0.0,      205.2,        0.0,    -25.999,      0.000,     129907,     139615,    552.116,    -30.473,       0.00,       0.00,     120.83,       0.00,   -435.399
-140,     408.29,     142518,     586.94,       0.00,     586.94,      -1.30,      -0.00,       0.00,     408.29,      362.0,      362.0,     -0.000,      0.041,      1.347,        0.0,      187.3,        0.0,    -24.733,      0.000,     128868,     139204,    552.116,    -30.219,       0.00,       0.00,     120.83,       0.00,   -435.357
-139,     406.48,     143001,     585.72,       0.00,     585.72,      -1.22,      -0.00,       0.00,     406.48,      362.4,      362.4,     -0.000,      0.041,      1.347,        0.0,      169.9,        0.0,    -23.347,      0.000,     127775,     138733,    552.116,    -29.957,       0.00,       0.00,     120.83,       0.00,   -435.316
-138,     404.63,     143537,     584.59,       0.00,     584.59,      -1.13,      -0.00,       0.00,     404.63,      362.8,      362.8,     -0.000,      0.041,      1.347,        0.0,      153.4,        0.0,    -21.900,      0.000,     126653,     138199,    552.116,    -29.688,       0.00,       0.00,     120.83,       0.00,   -435.276
-137,     402.73,     144128,     583.55,       0.00,     583.55,      -1.04,      -0.00,       0.00,     402.73,      363.3,      363.3,     -0.000,      0.040,      1.347,        0.0,      136.9,        0.0,    -20.291,      0.000,     125456,     137604,    552.116,    -29.412,       0.00,       0.00,     120.83,       0.00,   -435.235
-136,     400.80,     144777,     582.60,       0.00,     582.60,      -0.95,      -0.00,       0.00,     400.80,      363.7,      363.7,     -0.000,      0.040,      1.346,        0.0,      122.5,        0.0,    -18.827,      0.000,     124325,     136948,    552.116,    -29.129,       0.00,       0.00,     120.83,       0.00,   -435.195
-135,     398.82,     145483,     581.72,       0.00,     581.72,      -0.88,      -0.00,       0.00,     398.82,      364.3,      364.3,     -0.000,      0.040,      1.346,        0.0,      109.9,        0.0,    -17.532,      0.000,     123266,     136232,    552.116,    -28.838,       0.00,       0.00,     120.83,       0.00,   -435.155
-134,     396.79,     146243,     580.92,       0.00,     580.92,      -0.80,      -0.00,       0.00,     396.79,      364.8,      364.8,     -0.000,      0.039,      1.346,        0.0,       97.4,        0.0,    -16.117,      0.000,     122147,     135459,    552.116,    -28.539,       0.00,       0.00,     120.83,       0.00,   -435.116
-133,     394.73,     147060,     580.18,       0.00,     580.18,      -0.73,      -0.00,       0.00,     394.73,      365.4,      365.4,     -0.000,      0.039,      1.346,        0.0,       87.2,        0.0,    -14.953,      0.000,     121137,     134631,    552.116,    -28.232,       0.00,       0.00,     120.83,       0.00,   -435.077
-132,     392.62,     147930,     579.51,       0.00,     579.51,      -0.67,      -0.00,       0.00,     392.62,      366.0,      366.0,     -0.000,      0.039,      1.346,        0.0,       77.7,        0.0,    -13.815,      0.000,     120130,     133751,    552.116,    -27.917,       0.00,       0.00,     120.83,       0.00,   -435.038
-131,     390.47,     148854,     578.91,       0.00,     578.91,      -0.61,      -0.00,       0.00,     390.47,      366.6,      366.6,     -0.000,      0.038,      1.346,        0.0,       68.3,        0.0,    -12.580,      0.000,     119072,     132824,    552.116,    -27.594,       0.00,       0.00,     120.83,       0.00,   -435.000
-130,     388.28,     149834,     578.35,       0.00,     578.35,      -0.56,      -0.00,       0.00,     388.28,      367.3,      367.3,     -0.000,      0.038,      1.346,        0.0,       61.9,        0.0,    -11.795,      0.000,     118201,     131853,    552.116,    -27.263,       0.00,       0.00,     120.83,       0.00,   -434.962
-129,     386.05,     150863,     577.83,       0.00,     577.83,      -0.52,      -0.00,       0.00,     386.05,      368.0,      368.0,     -0.000,      0.037,      1.346,        0.0,       55.6,        0.0,    -10.962,      0.000,     117297,     130843,    552.116,    -26.923,       0.00,       0.00,     120.83,       0.00,   -434.925
-128,     383.77,     151944,     577.35,       0.00,     577.35,      -0.47,      -0.00,       0.00,     383.77,      368.7,      368.7,     -0.000,      0.037,      1.346,        0.0,       49.7,        0.0,    -10.144,      0.000,     116390,     129799,    552.116,    -26.574,       0.00,       0.00,     120.83,       0.00,   -434.888
-127,     381.46,     153077,     576.91,       0.00,     576.91,      -0.45,      -0.00,       0.00,     381.46,      369.5,      369.5,     -0.000,      0.037,      1.346,        0.0,       45.8,        0.0,     -9.653,      0.000,     115610,     128726,    552.116,    -26.216,       0.00,       0.00,     120.83,       0.00,   -434.851
-126,     379.10,     154258,     576.49,       0.00,     576.49,      -0.42,      -0.00,       0.00,     379.10,      370.3,      370.3,     -0.000,      0.036,      1.346,        0.0,       41.9,        0.0,     -9.121,      0.000,     114798,     127630,    552.116,    -25.850,       0.00,       0.00,     120.83,       0.00,   -434.815
-125,     376.71,     155488,     576.09,       0.00,     576.09,      -0.39,      -0.00,       0.00,     376.71,      371.1,      371.1,     -0.000,      0.036,      1.345,        0.0,       38.6,        0.0,     -8.677,      0.000,     114013,     126516,    552.116,    -25.474,       0.00,       0.00,     120.83,       0.00,   -434.779
-124,     374.27,     156768,     575.71,       0.00,     575.71,      -0.38,      -0.00,       0.00,     374.27,      371.9,      371.9,     -0.000,      0.035,      1.345,        0.0,       36.2,        0.0,     -8.406,      0.000,     113288,     125389,    552.116,    -25.089,       0.00,       0.00,     120.83,       0.00,   -434.744
-123,     371.79,     158095,     575.35,       0.00,     575.35,      -0.36,      -0.00,       0.00,     371.79,      372.8,      372.8,     -0.000,      0.035,      1.345,        0.0,       33.8,        0.0,     -8.107,      0.000,     112539,     124256,    552.116,    -24.694,       0.00,       0.00,     120.83,       0.00,   -434.709
-122,     369.28,     159471,     575.01,       0.00,     575.01,      -0.34,      -0.00,       0.00,     369.28,      373.7,      373.7,     -0.000,      0.034,      1.345,        0.0,       31.5,        0.0,     -7.781,      0.000,     111770,     123122,    552.116,    -24.290,       0.00,       0.00,     120.83,       0.00,   -434.674
-121,     366.72,     160899,     574.68,       0.00,     574.68,      -0.33,      -0.00,       0.00,     366.72,      374.6,      374.6,     -0.000,      0.034,      1.345,        0.0,       29.1,        0.0,     -7.428,      0.000,     110978,     121992,    552.116,    -23.876,       0.00,       0.00,     120.83,       0.00,   -434.641
-120,     364.13,     162381,     574.37,       0.00,     574.37,      -0.31,      -0.00,       0.00,     364.13,      375.5,      375.5,     -0.000,      0.033,      1.345,        0.0,       26.8,        0.0,     -7.045,      0.000,     110164,     120872,    552.116,    -23.452,       0.00,       0.00,     120.83,       0.00,   -434.607
-119,     361.50,     163917,     574.09,       0.00,     574.09,      -0.29,      -0.00,       0.00,     361.50,      376.5,      376.5,     -0.000,      0.033,      1.345,        0.0,       24.4,        0.0,     -6.631,      0.000,     109328,     119766,    552.116,    -23.017,       0.00,       0.00,     120.83,       0.00,   -434.574
-118,     358.83,     165511,     573.83,       0.00,     573.83,      -0.26,      -0.00,       0.00,     358.83,      377.4,      377.4,     -0.000,      0.032,      1.344,        0.0,       22.1,        0.0,     -6.185,      0.000,     108471,     118678,    552.116,    -22.572,       0.00,       0.00,     120.83,       0.00,   -434.542
-117,     356.12,     167165,     573.59,       0.00,     573.59,      -0.24,      -0.00,       0.00,     356.12,      378.4,      378.4,     -0.000,      0.032,      1.344,        0.0,       19.7,        0.0,     -5.704,      0.000,     107592,     117614,    552.116,    -22.117,       0.00,       0.00,     120.83,       0.00,   -434.510
-116,     353.38,     168880,     573.37,       0.00,     573.37,      -0.22,      -0.00,       0.00,     353.38,      379.5,      379.5,     -0.000,      0.031,      1.344,        0.0,       17.3,        0.0,     -5.181,      0.000,     106692,     116576,    552.116,    -21.650,       0.00,       0.00,     120.83,       0.00,   -434.479
-115,     350.60,     170660,     573.18,       0.00,     573.18,      -0.19,      -0.00,       0.00,     350.60,      380.5,      380.5,     -0.000,      0.031,      1.344,        0.0,       15.0,        0.0,     -4.603,      0.000,     105766,     115567,    552.116,    -21.173,       0.00,       0.00,     120.83,       0.00,   -434.449
-114,     347.78,     172508,     573.02,       0.00,     573.02,      -0.16,      -0.00,       0.00,     347.78,      381.6,      381.6,     -0.000,      0.030,      1.344,        0.0,       12.8,        0.0,     -4.054,      0.000,     104848,     114590,    552.116,    -20.684,       0.00,       0.00,     120.83,       0.00,   -434.418
-113,     344.93,     174424,     572.87,       0.00,     572.87,      -0.15,      -0.00,       0.00,     344.93,      382.8,      382.8,     -0.000,      0.029,      1.344,        0.0,       11.4,        0.0,     -3.702,      0.000,     104003,     113646,    552.116,    -20.184,       0.00,       0.00,     120.83,       0.00,   -434.389
-112,     342.04,     176408,     572.73,       0.00,     572.73,      -0.13,      -0.00,       0.00,     342.04,      383.9,      383.9,     -0.000,      0.029,      1.344,        0.0,       10.0,        0.0,     -3.327,      0.000,     103148,     112737,    552.116,    -19.671,       0.00,       0.00,     120.83,       0.00,   -434.360
-111,     339.12,     178462,     572.62,       0.00,     572.62,      -0.11,      -0.00,       0.00,     339.12,      385.1,      385.1,     -0.000,      0.028,      1.343,        0.0,        8.5,        0.0,     -2.921,      0.000,     102284,     111863,    552.116,    -19.147,       0.00,       0.00,     120.83,       0.00,   -434.332
-110,     336.17,     180590,     572.52,       0.00,     572.52,      -0.10,      -0.00,       0.00,     336.17,      386.3,      386.3,     -0.000,      0.028,      1.343,        0.0,        7.0,        0.0,     -2.448,      0.000,     101399,     111025,    552.116,    -18.611,       0.00,       0.00,     120.83,       0.00,   -434.305
-109,     333.18,     182794,     572.45,       0.00,     572.45,      -0.07,      -0.00,       0.00,     333.18,      387.5,      387.5,     -0.000,      0.027,      1.343,        0.0,        5.4,        0.0,     -1.943,      0.000,     100508,     110223,    552.116,    -18.061,       0.00,       0.00,     120.83,       0.00,   -434.278
-108,     330.16,     185077,     572.39,       0.00,     572.39,      -0.06,      -0.00,       0.00,     330.16,      388.8,      388.8,     -0.000,      0.026,      1.343,        0.0,        4.1,        0.0,     -1.518,      0.000,      99650,     109458,    552.116,    -17.500,       0.00,       0.00,     120.83,       0.00,   -434.252
-107,     327.11,     187441,     572.35,       0.00,     572.35,      -0.05,      -0.00,       0.00,     327.11,      390.1,      390.1,     -0.000,      0.025,      1.343,        0.0,        3.3,        0.0,     -1.249,      0.000,      98854,     108728,    552.116,    -16.925,       0.00,       0.00,     120.83,       0.00,   -434.226
-106,     324.03,     189886,     572.31,       0.00,     572.31,      -0.04,      -0.00,       0.00,     324.03,      391.4,      391.4,     -0.000,      0.025,      1.342,        0.0,        2.5,        0.0,     -0.955,      0.000,      98054,     108032,    552.116,    -16.336,       0.00,       0.00,     120.83,       0.00,   -434.201
-105,     320.91,     192415,     572.28,       0.00,     572.28,      -0.03,      -0.00,       0.00,     320.91,      392.8,      392.8,     -0.000,      0.024,      1.342,        0.0,        1.7,        0.0,     -0.659,      0.000,      97264,     107371,    552.116,    -15.734,       0.00,       0.00,     120.83,       0.00,   -434.177
-104,     317.77,     195031,     572.27,       0.00,     572.27,      -0.01,      -0.00,       0.00,     317.77,      394.1,      394.1,     -0.000,      0.023,      1.342,        0.0,        1.0,        0.0,     -0.362,      0.000,      96482,     106743,    552.116,    -15.118,       0.00,       0.00,     120.83,       0.00,   -434.154
-103,     314.60,     197738,     572.27,       0.00,     572.27,      -0.00,      -0.00,       0.00,     314.60,      395.5,      395.5,     -0.000,      0.022,      1.342,        0.0,        0.2,        0.0,     -0.063,      0.000,      95708,     106146,    552.116,    -14.488,       0.00,       0.00,     120.83,       0.00,   -434.132
-102,     311.40,     200538,     572.26,       0.00,     572.26,      -0.00,      -0.00,       0.00,     311.40,      397.0,      397.0,     -0.000,      0.022,      1.342,        0.0,        0.0,        0.0,      0.000,      0.000,      95024,     105581,    552.116,    -13.844,       0.00,       0.00,     120.83,       0.00,   -434.110
-101,     308.17,     203430,     572.26,       0.00,     572.26,      -0.00,      -0.00,       0.00,     308.17,      398.5,      398.5,     -0.000,      0.021,      1.341,        0.0,        0.0,        0.0,      0.000,      0.000,      94370,     105046,    552.116,    -13.184,       0.00,       0.00,     120.83,       0.00,   -434.089
-100,     304.91,     206391,     572.24,       0.00,     572.24,       0.00,       0.00,       0.00,     304.91,      399.9,      399.9,     -0.000,      0.009,      1.341,        0.0,        0.0,        0.0,      0.000,      0.000,      93727,     104553,     -0.674,      0.000,       0.00,       0.00,     120.83,       0.00,      0.009
-99,     301.63,     209466,     572.24,       0.00,     572.24,       0.00,       0.00,       0.00,     301.63,      401.4,      401.4,     -0.000,      0.009,      1.341,        0.0,        0.0,        0.0,      0.000,      0.000,      93092,     104074,     -1.364,      0.000,       0.00,       0.00,     120.83,       0.00,      0.018
-98,     298.33,     212643,     572.24,       0.00,     572.24,       0.00,       0.00,       0.00,     298.33,      403.0,      403.0,     -0.000,      0.009,      1.341,        0.0,        0.0,        0.0,      0.000,      0.000,      92466,     103624,     -2.070,      0.000,       0.00,       0.00,     120.83,       0.00,      0.027
-97,     295.00,     215927,     572.24,       0.00,     572.24,       0.00,       0.00,       0.00,     295.00,      404.6,      404.6,     -0.000,      0.008,      1.340,        0.0,        0.0,        0.0,      0.000,      0.000,      91847,     103200,     -2.791,      0.000,       0.00,       0.00,     120.83,       0.00,      0.035
-96,     291.65,     219322,     572.24,       0.00,     572.24,       0.00,       0.00,       0.00,     291.65,      406.2,      406.2,     -0.000,      0.008,      1.340,        0.0,        0.0,        0.0,      0.000,      0.000,      91235,     102803,     -3.529,      0.000,       0.00,       0.00,     120.83,       0.00,      0.043
-95,     288.27,     222833,     572.24,       0.00,     572.24,       0.00,       0.00,       0.00,     288.27,      407.8,      407.8,     -0.000,      0.007,      1.340,        0.0,        0.0,        0.0,      0.000,      0.000,      90629,     102434,     -4.284,      0.000,       0.00,       0.00,     120.83,       0.00,      0.050
-94,     284.87,     226463,     572.24,       0.00,     572.24,       0.00,       0.00,       0.00,     284.87,      409.5,      409.5,     -0.000,      0.007,      1.340,        0.0,        0.0,        0.0,      0.000,      0.000,      90028,     102091,     -5.055,      0.000,       0.00,       0.00,     120.83,       0.00,      0.057
-93,     281.46,     230219,     572.24,       0.00,     572.24,       0.00,       0.00,       0.00,     281.46,      411.2,      411.2,     -0.000,      0.006,      1.339,        0.0,        0.0,        0.0,      0.000,      0.000,      89432,     101776,     -5.844,      0.000,       0.00,       0.00,     120.83,       0.00,      0.063
-92,     278.02,     234103,     572.24,       0.00,     572.24,       0.00,       0.00,       0.00,     278.02,      412.9,      412.9,     -0.000,      0.006,      1.339,        0.0,        0.0,        0.0,      0.000,      0.000,      88840,     101489,     -6.651,      0.000,       0.00,       0.00,     120.83,       0.00,      0.069
-91,     274.57,     238123,     572.24,       0.00,     572.24,       0.00,       0.00,       0.00,     274.57,      414.7,      414.7,     -0.000,      0.005,      1.339,        0.0,        0.0,        0.0,      0.000,      0.000,      88253,     101231,     -7.476,      0.000,       0.00,       0.00,     120.83,       0.00,      0.074
-90,     271.09,     242283,     572.24,       0.00,     572.24,       0.00,       0.00,       0.00,     271.09,      416.5,      416.5,     -0.000,      0.005,      1.339,        0.0,        0.0,        0.0,      0.000,      0.000,      87669,     101003,     -8.319,      0.000,       0.00,       0.00,     120.83,       0.00,      0.079
-89,     267.61,     246590,     572.24,       0.00,     572.24,       0.00,       0.00,       0.00,     267.61,      418.4,      418.4,     -0.000,      0.004,      1.338,        0.0,        0.0,        0.0,      0.000,      0.000,      87088,     100806,     -9.181,      0.000,       0.00,       0.00,     120.83,       0.00,      0.084
-88,     264.10,     251048,     572.24,       0.00,     572.24,       0.00,       0.00,       0.00,     264.10,      420.3,      420.3,     -0.000,      0.004,      1.338,        0.0,        0.0,        0.0,      0.000,      0.000,      86513,     100641,    -10.062,      0.000,       0.00,       0.00,     120.83,       0.00,      0.087
-87,     260.58,     255665,     572.24,       0.00,     572.24,       0.00,       0.00,       0.00,     260.58,      422.2,      422.2,     -0.000,      0.003,      1.338,        0.0,        0.0,        0.0,      0.000,      0.000,      85942,     100510,    -10.964,      0.000,       0.00,       0.00,     120.83,       0.00,      0.091
-86,     257.05,     260447,     572.24,       0.00,     572.24,       0.00,       0.00,       0.00,     257.05,      424.2,      424.2,     -0.000,      0.003,      1.338,        0.0,        0.0,        0.0,      0.000,      0.000,      85374,     100415,    -11.885,      0.000,       0.00,       0.00,     120.83,       0.00,      0.094
-85,     253.51,     265401,     572.24,       0.00,     572.24,       0.00,       0.00,       0.00,     253.51,      426.2,      426.2,     -0.000,      0.002,      1.337,        0.0,        0.0,        0.0,      0.000,      0.000,      84810,     100357,    -12.827,      0.000,       0.00,       0.00,     120.83,       0.00,      0.096
-84,     249.96,     270535,     572.24,       0.00,     572.24,       0.00,       0.00,       0.00,     249.96,      428.2,      428.2,     -0.000,      0.002,      1.337,        0.0,        0.0,        0.0,      0.000,      0.000,      84249,     100337,    -13.789,      0.000,       0.00,       0.00,     120.83,       0.00,      0.098
-83,     246.39,     275855,     572.24,       0.00,     572.24,       0.00,       0.00,       0.00,     246.39,      430.3,      430.3,     -0.000,      0.001,      1.337,        0.0,        0.0,        0.0,      0.000,      0.000,      83690,     100358,    -14.774,      0.000,       0.00,       0.00,     120.83,       0.00,      0.099
-82,     242.82,     281370,     572.24,       0.00,     572.24,       0.00,       0.00,       0.00,     242.82,      432.5,      432.5,     -0.000,      0.000,      1.336,        0.0,        0.0,        0.0,      0.000,      0.000,      83132,     100422,    -15.780,      0.000,       0.00,       0.00,     120.83,       0.00,      0.099
-81,     239.24,     287089,     572.24,       0.00,     572.24,       0.00,       0.00,       0.00,     239.24,      434.7,      434.7,     -0.000,     -0.000,      1.336,        0.0,        0.0,        0.0,      0.000,      0.000,      82575,     100530,    -16.808,      0.000,       0.00,       0.00,     120.83,       0.00,      0.099
-80,     235.66,     293019,     572.24,       0.00,     572.24,       0.00,       0.00,       0.00,     235.66,      436.9,      436.9,     -0.000,     -0.001,      1.336,        0.0,        0.0,        0.0,      0.000,      0.000,      82016,     100683,    -17.859,      0.000,       0.00,       0.00,     120.83,       0.00,      0.098
-79,     232.07,     299171,     572.24,       0.00,     572.24,       0.00,       0.00,       0.00,     232.07,      439.1,      439.1,     -0.000,     -0.002,      1.335,        0.0,        0.0,        0.0,      0.000,      0.000,      81454,     100884,    -18.934,      0.000,       0.00,       0.00,     120.83,       0.00,      0.096
-78,     228.47,     305555,     572.24,       0.00,     572.24,       0.00,       0.00,       0.00,     228.47,      441.5,      441.5,     -0.000,     -0.002,      1.335,        0.0,        0.0,        0.0,      0.000,      0.000,      80888,     101134,    -20.032,      0.000,       0.00,       0.00,     120.83,       0.00,      0.094
-77,     224.88,     312180,     572.24,       0.00,     572.24,       0.00,       0.00,       0.00,     224.88,      443.8,      443.8,     -0.000,     -0.003,      1.335,        0.0,        0.0,        0.0,      0.000,      0.000,      80318,     101433,    -21.155,      0.000,       0.00,       0.00,     120.83,       0.00,      0.091
-76,     221.28,     319057,     572.24,       0.00,     572.24,       0.00,       0.00,       0.00,     221.28,      446.2,      446.2,     -0.000,     -0.004,      1.334,        0.0,        0.0,        0.0,      0.000,      0.000,      79743,     101783,    -22.302,      0.000,       0.00,       0.00,     120.83,       0.00,      0.087
-75,     217.69,     326197,     572.24,       0.00,     572.24,       0.00,       0.00,       0.00,     217.69,      448.7,      448.7,     -0.000,     -0.005,      1.334,        0.0,        0.0,        0.0,      0.000,      0.000,      79163,     102183,    -23.475,      0.000,       0.00,       0.00,     120.83,       0.00,      0.083
-74,     214.09,     333613,     572.24,       0.00,     572.24,       0.00,       0.00,       0.00,     214.09,      451.2,      451.2,     -0.000,     -0.005,      1.333,        0.0,        0.0,        0.0,      0.000,      0.000,      78577,     102635,    -24.674,      0.000,       0.00,       0.00,     120.83,       0.00,      0.078
-73,     210.50,     341316,     572.24,       0.00,     572.24,       0.00,       0.00,       0.00,     210.50,      453.7,      453.7,     -0.000,     -0.006,      1.333,        0.0,        0.0,        0.0,      0.000,      0.000,      77986,     103137,    -25.899,      0.000,       0.00,       0.00,     120.83,       0.00,      0.071
-72,     206.91,     349321,     572.24,       0.00,     572.24,       0.00,       0.00,       0.00,     206.91,      456.3,      456.3,     -0.000,     -0.007,      1.333,        0.0,        0.0,        0.0,      0.000,      0.000,      77391,     103690,    -27.151,      0.000,       0.00,       0.00,     120.83,       0.00,      0.064
-71,     203.33,     357640,     572.24,       0.00,     572.24,       0.00,       0.00,       0.00,     203.33,      459.0,      459.0,     -0.000,     -0.008,      1.332,        0.0,        0.0,        0.0,      0.000,      0.000,      76792,     104291,    -28.431,      0.000,       0.00,       0.00,     120.83,       0.00,      0.057
-70,     199.76,     366288,     572.24,       0.00,     572.24,       0.00,       0.00,       0.00,     199.76,      461.7,      461.7,     -0.000,     -0.009,      1.332,        0.0,        0.0,        0.0,      0.000,      0.000,      76189,     104939,    -29.738,      0.000,       0.00,       0.00,     120.83,       0.00,      0.048
-69,     196.19,     375280,     572.24,       0.00,     572.24,       0.00,       0.00,       0.00,     196.19,      464.5,      464.5,     -0.000,     -0.010,      1.331,        0.0,        0.0,        0.0,      0.000,      0.000,      75584,     105633,    -31.075,      0.000,       0.00,       0.00,     120.83,       0.00,      0.038
-68,     192.64,     384632,     572.24,       0.00,     572.24,       0.00,       0.00,       0.00,     192.64,      467.3,      467.3,     -0.000,     -0.011,      1.331,        0.0,        0.0,        0.0,      0.000,      0.000,      74978,     106369,    -32.441,      0.000,       0.00,       0.00,     120.83,       0.00,      0.027
-67,     189.09,     394361,     572.24,       0.00,     572.24,       0.00,       0.00,       0.00,     189.09,      470.2,      470.2,     -0.000,     -0.012,      1.331,        0.0,        0.0,        0.0,      0.000,      0.000,      74372,     107145,    -33.836,      0.000,       0.00,       0.00,     120.83,       0.00,      0.015
-66,     185.56,     404484,     572.24,       0.00,     572.24,       0.00,       0.00,       0.00,     185.56,      473.1,      473.1,     -0.000,     -0.013,      1.330,        0.0,        0.0,        0.0,      0.000,      0.000,      73767,     107957,    -35.262,      0.000,       0.00,       0.00,     120.83,       0.00,      0.003
-65,     182.04,     415020,     572.24,       0.00,     572.24,       0.00,       0.00,       0.00,     182.04,      476.1,      476.1,     -0.000,     -0.014,      1.330,        0.0,        0.0,        0.0,      0.000,      0.000,      73164,     108802,    -36.719,      0.000,       0.00,       0.00,     120.83,       0.00,     -0.011
-64,     178.54,     425987,     572.24,       0.00,     572.24,       0.00,       0.00,       0.00,     178.54,      479.1,      479.1,     -0.000,     -0.015,      1.329,        0.0,        0.0,        0.0,      0.000,      0.000,      72564,     109677,    -38.208,      0.000,       0.00,       0.00,     120.83,       0.00,     -0.027
-63,     175.05,     437407,     572.24,       0.00,     572.24,       0.00,       0.00,       0.00,     175.05,      482.2,      482.2,     -0.000,     -0.016,      1.329,        0.0,        0.0,        0.0,      0.000,      0.000,      71970,     110575,    -39.729,      0.000,       0.00,       0.00,     120.83,       0.00,     -0.043
-62,     171.58,     449301,     572.24,       0.00,     572.24,       0.00,       0.00,       0.00,     171.58,      485.4,      485.4,     -0.000,     -0.018,      1.328,        0.0,        0.0,        0.0,      0.000,      0.000,      71384,     111492,    -41.282,      0.000,       0.00,       0.00,     120.83,       0.00,     -0.061
-61,     168.14,     461690,     572.24,       0.00,     572.24,       0.00,       0.00,       0.00,     168.14,      488.6,      488.6,     -0.000,     -0.019,      1.328,        0.0,        0.0,        0.0,      0.000,      0.000,      70806,     112424,    -42.870,      0.000,       0.00,       0.00,     120.83,       0.00,     -0.079
-60,     164.71,     474598,     572.24,       0.00,     572.24,       0.00,       0.00,       0.00,     164.71,      491.9,      491.9,     -0.000,     -0.020,      1.327,        0.0,        0.0,        0.0,      0.000,      0.000,      70241,     113365,    -44.491,      0.000,       0.00,       0.00,     120.83,       0.00,     -0.100
-59,     161.30,     488049,     572.24,       0.00,     572.24,       0.00,       0.00,       0.00,     161.30,      495.2,      495.2,     -0.000,     -0.022,      1.327,        0.0,        0.0,        0.0,      0.000,      0.000,      69689,     114310,    -46.147,      0.000,       0.00,       0.00,     120.83,       0.00,     -0.121
-58,     157.92,     502070,     572.24,       0.00,     572.24,       0.00,       0.00,       0.00,     157.92,      498.6,      498.6,     -0.000,     -0.023,      1.326,        0.0,        0.0,        0.0,      0.000,      0.000,      69154,     115254,    -47.838,      0.000,       0.00,       0.00,     120.83,       0.00,     -0.144
-57,     154.57,     516686,     572.24,       0.00,     572.24,       0.00,       0.00,       0.00,     154.57,      502.1,      502.1,     -0.000,     -0.025,      1.326,        0.0,        0.0,        0.0,      0.000,      0.000,      68639,     116192,    -49.564,      0.000,       0.00,       0.00,     120.83,       0.00,     -0.169
-56,     151.24,     531925,     572.24,       0.00,     572.24,       0.00,       0.00,       0.00,     151.24,      505.6,      505.6,     -0.000,     -0.026,      1.325,        0.0,        0.0,        0.0,      0.000,      0.000,      68145,     117120,    -51.328,      0.000,       0.00,       0.00,     120.83,       0.00,     -0.195
-55,     147.94,     547816,     572.24,       0.00,     572.24,       0.00,       0.00,       0.00,     147.94,      509.2,      509.2,     -0.000,     -0.028,      1.325,        0.0,        0.0,        0.0,      0.000,      0.000,      67676,     118033,    -53.128,      0.000,       0.00,       0.00,     120.83,       0.00,     -0.223
-54,     144.67,     564390,     572.24,       0.00,     572.24,       0.00,       0.00,       0.00,     144.67,      512.9,      512.9,     -0.000,     -0.030,      1.324,        0.0,        0.0,        0.0,      0.000,      0.000,      67235,     118928,    -54.965,      0.000,       0.00,       0.00,     120.83,       0.00,     -0.253
-53,     141.43,     581678,     572.24,       0.00,     572.24,       0.00,       0.00,       0.00,     141.43,      516.6,      516.6,     -0.000,     -0.031,      1.324,        0.0,        0.0,        0.0,      0.000,      0.000,      66824,     119802,    -56.840,      0.000,       0.00,       0.00,     120.83,       0.00,     -0.284
-52,     138.22,     599713,     572.24,       0.00,     572.24,       0.00,       0.00,       0.00,     138.22,      520.4,      520.4,     -0.000,     -0.033,      1.323,        0.0,        0.0,        0.0,      0.000,      0.000,      66447,     120651,    -58.754,      0.000,       0.00,       0.00,     120.83,       0.00,     -0.318
-51,     135.05,     618528,     572.24,       0.00,     572.24,       0.00,       0.00,       0.00,     135.05,      524.3,      524.3,     -0.000,     -0.035,      1.322,        0.0,        0.0,        0.0,      0.000,      0.000,      66108,     121475,    -60.706,      0.000,       0.00,       0.00,     120.83,       0.00,     -0.353
-50,     131.91,     638158,     572.24,       0.00,     572.24,       0.00,       0.00,       0.00,     131.91,      528.2,      528.2,     -0.000,     -0.037,      1.322,        0.0,        0.0,        0.0,      0.000,      0.000,      65810,     122270,    -62.697,      0.000,       0.00,       0.00,     120.83,       0.00,     -0.390
-49,     128.81,     658639,     572.24,       0.00,     572.24,       0.00,       0.00,       0.00,     128.81,      532.2,      532.2,     -0.000,     -0.040,      1.321,        0.0,        0.0,        0.0,      0.000,      0.000,      65559,     123036,    -64.728,      0.000,       0.00,       0.00,     120.83,       0.00,     -0.430
-48,     125.74,     680009,     572.24,       0.00,     572.24,       0.00,       0.00,       0.00,     125.74,      536.2,      536.2,     -0.000,     -0.042,      1.321,        0.0,        0.0,        0.0,      0.000,      0.000,      65359,     123772,    -66.799,      0.000,       0.00,       0.00,     120.83,       0.00,     -0.472
-47,     122.72,     702306,     572.24,       0.00,     572.24,       0.00,       0.00,       0.00,     122.72,      540.3,      540.3,     -0.000,     -0.044,      1.320,        0.0,        0.0,        0.0,      0.000,      0.000,      65218,     124478,    -68.909,      0.000,       0.00,       0.00,     120.83,       0.00,     -0.516
-46,     119.73,     725568,     572.24,       0.00,     572.24,       0.00,       0.00,       0.00,     119.73,      544.5,      544.5,     -0.000,     -0.047,      1.319,        0.0,        0.0,        0.0,      0.000,      0.000,      65140,     125152,    -71.059,      0.000,       0.00,       0.00,     120.83,       0.00,     -0.563
-45,     116.79,     749834,     572.24,       0.00,     572.24,       0.00,       0.00,       0.00,     116.79,      548.8,      548.8,     -0.000,     -0.049,      1.319,        0.0,        0.0,        0.0,      0.000,      0.000,      65135,     125797,    -73.249,      0.000,       0.00,       0.00,     120.83,       0.00,     -0.612
-44,     113.89,     775146,     572.24,       0.00,     572.24,       0.00,       0.00,       0.00,     113.89,      553.1,      553.1,     -0.000,     -0.052,      1.318,        0.0,        0.0,        0.0,      0.000,      0.000,      65209,     126412,    -75.480,      0.000,       0.00,       0.00,     120.83,       0.00,     -0.665
-43,     111.04,     801542,     572.24,       0.00,     572.24,       0.00,       0.00,       0.00,     111.04,      557.4,      557.4,     -0.000,     -0.055,      1.317,        0.0,        0.0,        0.0,      0.000,      0.000,      65371,     126997,    -77.749,      0.000,       0.00,       0.00,     120.83,       0.00,     -0.720
-42,     108.23,     829065,     572.24,       0.00,     572.24,       0.00,       0.00,       0.00,     108.23,      561.9,      561.9,     -0.000,     -0.058,      1.317,        0.0,        0.0,        0.0,      0.000,      0.000,      65629,     127554,    -80.059,      0.000,       0.00,       0.00,     120.83,       0.00,     -0.778
-41,     105.47,     857752,     572.24,       0.00,     572.24,       0.00,       0.00,       0.00,     105.47,      566.4,      566.4,     -0.000,     -0.061,      1.316,        0.0,        0.0,        0.0,      0.000,      0.000,      65992,     128083,    -82.407,      0.000,       0.00,       0.00,     120.83,       0.00,     -0.839
-40,     102.75,     887645,     572.24,       0.00,     572.24,       0.00,       0.00,       0.00,     102.75,      570.9,      570.9,     -0.000,     -0.065,      1.315,        0.0,        0.0,        0.0,      0.000,      0.000,      66463,     128586,    -84.794,      0.000,       0.00,       0.00,     120.83,       0.00,     -0.904
-39,     100.09,     918780,     572.24,       0.00,     572.24,       0.00,       0.00,       0.00,     100.09,      575.5,      575.5,     -0.000,     -0.068,      1.315,        0.0,        0.0,        0.0,      0.000,      0.000,      67049,     129063,    -87.218,      0.000,       0.00,       0.00,     120.83,       0.00,     -0.972
-38,      97.48,     951193,     572.24,       0.00,     572.24,       0.00,       0.00,       0.00,      97.48,      580.1,      580.1,     -0.000,     -0.072,      1.314,        0.0,        0.0,        0.0,      0.000,      0.000,      67749,     129516,    -89.679,      0.000,       0.00,       0.00,     120.83,       0.00,     -1.044
-37,      94.92,     984920,     572.24,       0.00,     572.24,       0.00,       0.00,       0.00,      94.92,      584.9,      584.9,     -0.000,     -0.076,      1.313,        0.0,        0.0,        0.0,      0.000,      0.000,      68562,     129944,    -92.175,      0.000,       0.00,       0.00,     120.83,       0.00,     -1.119
-36,      92.41,    1019990,     572.24,       0.00,     572.24,       0.00,       0.00,       0.00,      92.41,      589.6,      589.6,     -0.000,     -0.080,      1.313,        0.0,        0.0,        0.0,      0.000,      0.000,      69482,     130350,    -94.705,      0.000,       0.00,       0.00,     120.83,       0.00,     -1.199
-35,      89.96,    1056431,     572.24,       0.00,     572.24,       0.00,       0.00,       0.00,      89.96,      594.4,      594.4,     -0.000,     -0.084,      1.312,        0.0,        0.0,        0.0,      0.000,      0.000,      70496,     130733,    -97.268,      0.000,       0.00,       0.00,     120.83,       0.00,     -1.283
-34,      87.56,    1094264,     572.24,       0.00,     572.24,       0.00,       0.00,       0.00,      87.56,      599.2,      599.2,     -0.000,     -0.088,      1.311,        0.0,        0.0,        0.0,      0.000,      0.000,      71581,     131095,    -99.862,      0.000,       0.00,       0.00,     120.83,       0.00,     -1.371
-33,      85.22,    1133507,     572.24,       0.00,     572.24,       0.00,       0.00,       0.00,      85.22,      604.1,      604.1,     -0.000,     -0.093,      1.311,        0.0,        0.0,        0.0,      0.000,      0.000,      72727,     131436,   -102.483,      0.000,       0.00,       0.00,     120.83,       0.00,     -1.464
-32,      82.93,    1174167,     572.24,       0.00,     572.24,       0.00,       0.00,       0.00,      82.93,      608.9,      608.9,     -0.000,     -0.098,      1.310,        0.0,        0.0,        0.0,      0.000,      0.000,      73909,     131756,   -105.130,      0.000,       0.00,       0.00,     120.83,       0.00,     -1.562
-31,      80.71,    1216247,     572.24,       0.00,     572.24,       0.00,       0.00,       0.00,      80.71,      613.9,      613.9,     -0.000,     -0.103,      1.309,        0.0,        0.0,        0.0,      0.000,      0.000,      75106,     132055,   -107.800,      0.000,       0.00,       0.00,     120.83,       0.00,     -1.665
-30,      78.54,    1259737,     572.24,       0.00,     572.24,       0.00,       0.00,       0.00,      78.54,      618.8,      618.8,     -0.000,     -0.108,      1.309,        0.0,        0.0,        0.0,      0.000,      0.000,      76299,     132333,   -110.490,      0.000,       0.00,       0.00,     120.83,       0.00,     -1.773
-29,      76.44,    1304617,     572.24,       0.00,     572.24,       0.00,       0.00,       0.00,      76.44,      623.7,      623.7,     -0.000,     -0.114,      1.308,        0.0,        0.0,        0.0,      0.000,      0.000,      77471,     132591,   -113.195,      0.000,       0.00,       0.00,     120.83,       0.00,     -1.887
-28,      74.40,    1350855,     572.24,       5.72,     566.52,       0.00,       0.00,      72.41,       1.98,     2489.9,      628.6,     -0.437,     -0.038,      1.307,        0.0,        0.0,        0.0,      0.000,      0.000,      78613,     132829,   -115.913,      0.000,      13.52,       3.65,     106.16,       0.00,     -2.362
-27,      72.41,    1424666,     572.24,       5.72,     566.52,       0.00,       0.00,      70.50,       1.92,     2733.1,      636.5,     -0.494,     -0.041,      1.306,        0.0,        0.0,        0.0,      0.000,      0.000,      79716,     133044,   -118.689,      0.000,      26.82,       7.38,      91.61,       0.00,     -2.897
-26,      70.50,    1511529,     572.24,       5.72,     566.52,       0.00,       0.00,      68.65,       1.85,     2898.5,      645.3,     -0.549,     -0.044,      1.304,        0.0,        0.0,        0.0,      0.000,      0.000,      80780,     133239,   -121.537,      0.000,      38.11,      10.78,      79.13,       0.00,     -3.489
-25,      68.65,    1613111,     572.24,       5.72,     566.52,       0.00,       0.00,      66.86,       1.79,     2987.1,      655.1,     -0.603,     -0.047,      1.303,        0.0,        0.0,        0.0,      0.000,      0.000,      81806,     133410,   -124.472,      0.000,      44.21,      12.80,      72.31,       0.00,     -4.140
-24,      66.86,    1730162,     572.24,       7.44,     564.80,       0.00,       0.00,      65.14,       1.72,     3017.8,      665.8,     -0.660,     -0.052,      1.302,        0.0,        0.0,        0.0,      0.000,      0.000,      82804,     133559,   -127.505,      0.000,      45.86,      13.45,      70.47,       0.00,     -4.851
-23,      65.14,    1862945,     572.24,      11.59,     560.65,       0.00,       0.00,      63.49,       1.65,     3029.0,      677.2,     -0.723,     -0.057,      1.300,        0.0,        0.0,        0.0,      0.000,      0.000,      83772,     133684,   -130.648,      0.000,      45.98,      13.62,      70.34,       0.00,     -5.632
-22,      63.49,    2011558,     572.24,      16.64,     555.60,       0.00,       0.00,      61.90,       1.59,     3033.8,      689.2,     -0.796,     -0.064,      1.298,        0.0,        0.0,        0.0,      0.000,      0.000,      84720,     133784,   -133.905,      0.000,      45.58,      13.61,      70.79,       0.00,     -6.491
-21,      61.90,    2175979,     572.24,      22.57,     549.67,       0.00,       0.00,      60.38,       1.52,     3036.6,      701.6,     -0.879,     -0.071,      1.296,        0.0,        0.0,        0.0,      0.000,      0.000,      85654,     133859,   -137.280,      0.000,      45.01,      13.55,      71.43,       0.00,     -7.441
-20,      60.38,    2356075,     572.24,      29.36,     542.88,       0.00,       0.00,      58.94,       1.45,     3038.8,      714.4,     -0.973,     -0.079,      1.294,        0.0,        0.0,        0.0,      0.000,      0.000,      86582,     133906,   -140.772,      0.000,      44.40,      13.48,      72.13,       0.00,     -8.494
-19,      58.94,    2551585,     572.24,      36.98,     535.26,       0.00,       0.00,      57.56,       1.38,     3041.0,      727.4,     -1.080,     -0.089,      1.292,        0.0,        0.0,        0.0,      0.000,      0.000,      87510,     133926,   -144.376,      0.000,      43.79,      13.40,      72.82,       0.00,     -9.663
-18,      57.56,    2762103,     572.24,      45.42,     526.82,       0.00,       0.00,      56.25,       1.31,     3043.5,      740.4,     -1.200,     -0.099,      1.289,        0.0,        0.0,        0.0,      0.000,      0.000,      88440,     133917,   -148.083,      0.000,      43.21,      13.33,      73.47,       0.00,    -10.962
-17,      56.25,    2987071,     572.24,      54.64,     517.59,       0.00,       0.00,      55.02,       1.24,     3046.2,      753.5,     -1.334,     -0.111,      1.287,        0.0,        0.0,        0.0,      0.000,      0.000,      89376,     133878,   -151.880,      0.000,      42.65,      13.27,      74.10,       0.00,    -12.406
-16,      55.02,    3225756,     572.24,      64.62,     507.62,       0.00,       0.00,      53.85,       1.16,     3049.0,      766.5,     -1.482,     -0.123,      1.285,        0.0,        0.0,        0.0,      0.000,      0.000,      90317,     133808,   -155.749,      0.000,      42.12,      13.21,      74.70,       0.00,    -14.011
-15,      53.85,    3477241,     572.24,      75.32,     496.91,       0.00,       0.00,      52.76,       1.09,     3051.9,      779.3,     -1.644,     -0.137,      1.283,        0.0,        0.0,        0.0,      0.000,      0.000,      91264,     133706,   -159.669,      0.000,      41.62,      13.16,      75.26,       0.00,    -15.793
-14,      52.76,    3740414,     572.24,      86.71,     485.53,       0.00,       0.00,      51.75,       1.02,     3054.8,      791.8,     -1.822,     -0.152,      1.281,        0.0,        0.0,        0.0,      0.000,      0.000,      92214,     133571,   -163.614,      0.000,      41.14,      13.11,      75.81,       0.00,    -17.766
-13,      51.75,    4013960,     572.24,      98.75,     473.49,       0.00,       0.00,      50.80,       0.94,     3057.5,      804.1,     -2.014,     -0.168,      1.279,        0.0,        0.0,        0.0,      0.000,      0.000,      93165,     133402,   -167.554,      0.000,      40.67,      13.05,      76.33,       0.00,    -19.948
-12,      50.80,    4296363,     572.24,     111.40,     460.84,       0.00,       0.00,      49.93,       0.87,     3060.0,      816.0,     -2.220,     -0.185,      1.278,        0.0,        0.0,        0.0,      0.000,      0.000,      94114,     133198,   -171.454,      0.000,      40.21,      13.00,      76.84,       0.00,    -22.354
-11,      49.93,    4585905,     572.24,     124.62,     447.62,       0.00,       0.00,      49.13,       0.80,     3062.2,      827.5,     -2.440,     -0.203,      1.276,        0.0,        0.0,        0.0,      0.000,      0.000,      95056,     132959,   -175.277,      0.000,      39.76,      12.94,      77.35,       0.00,    -24.997
-10,      49.13,    4880681,     572.24,     138.37,     433.87,       0.00,       0.00,      48.41,       0.72,     3064.0,      838.5,     -2.673,     -0.222,      1.274,        0.0,        0.0,        0.0,      0.000,      0.000,      95985,     132685,   -178.982,      0.000,      39.32,      12.88,      77.84,       0.00,    -27.893
-9,      48.41,    5178615,     572.24,     152.60,     419.64,       0.00,       0.00,      47.77,       0.65,     3065.4,      849.1,     -2.918,     -0.242,      1.273,        0.0,        0.0,        0.0,      0.000,      0.000,      96898,     132374,   -182.526,      0.000,      38.87,      12.82,      78.34,       0.00,    -31.052
-8,      47.77,    5477480,     572.24,     167.26,     404.98,       0.00,       0.00,      47.19,       0.57,     3066.3,      859.1,     -3.171,     -0.262,      1.271,        0.0,        0.0,        0.0,      0.000,      0.000,      97790,     132028,   -185.862,      0.000,      38.43,      12.74,      78.84,       0.00,    -34.485
-7,      47.19,    5774932,     572.24,     182.31,     389.93,       0.00,       0.00,      46.70,       0.50,     3066.7,      868.5,     -3.433,     -0.282,      1.270,        0.0,        0.0,        0.0,      0.000,      0.000,      98658,     131646,   -188.943,      0.000,      37.98,      12.66,      79.34,       0.00,    -38.200
-6,      46.70,    6068546,     572.24,     197.70,     374.53,       0.00,       0.00,      46.28,       0.42,     3066.5,      877.3,     -3.699,     -0.303,      1.269,        0.0,        0.0,        0.0,      0.000,      0.000,      99498,     131229,   -191.721,      0.000,      37.52,      12.57,      79.85,       0.00,    -42.203
-5,      46.28,    6355853,     572.24,     213.38,     358.86,       0.00,       0.00,      45.93,       0.34,     3065.7,      885.5,     -3.968,     -0.324,      1.267,        0.0,        0.0,        0.0,      0.000,      0.000,     100310,     130777,   -194.148,      0.000,      37.06,      12.47,      80.36,       0.00,    -46.495
-4,      45.93,    6634389,     572.24,     229.30,     342.94,       0.00,       0.00,      45.67,       0.27,     3064.3,      893.0,     -4.237,     -0.344,      1.266,        0.0,        0.0,        0.0,      0.000,      0.000,     101091,     130292,   -196.177,      0.000,      36.59,      12.37,      80.88,       0.00,    -51.076
-3,      45.67,    6901741,     572.24,     245.40,     326.84,       0.00,       0.00,      45.48,       0.19,     3062.2,      899.8,     -4.502,     -0.364,      1.265,        0.0,        0.0,        0.0,      0.000,      0.000,     101843,     129773,   -197.760,      0.000,      36.11,      12.25,      81.41,       0.00,    -55.943
-2,      45.48,    7155591,     572.24,     261.63,     310.60,       0.00,       0.00,      45.36,       0.11,     3059.5,      905.8,     -4.760,     -0.384,      1.264,        0.0,        0.0,        0.0,      0.000,      0.000,     102566,     129224,   -198.855,      0.000,      35.63,      12.13,      81.95,       0.00,    -61.087
-1,      45.36,    7393766,     572.24,     277.95,     294.29,       0.00,       0.00,      45.32,       0.04,     3056.1,      911.2,     -5.008,     -0.403,      1.263,        0.0,        0.0,        0.0,      0.000,      0.000,     103261,     128644,   -199.421,      0.000,      35.13,      11.99,      82.50,       0.00,    -66.498
0,      45.32,    7614277,     572.24,     294.29,     277.95,       0.00,       0.00,      45.32,       0.00,     3052.1,      915.8,     -5.239,     -0.422,      1.262,        0.0,        0.0,        0.0,      0.000,      0.000,     103930,     128036,   -199.421,      0.000,      34.62,      11.85,      83.06,       0.00,    -72.160
1,      45.36,    7815355,     572.24,     310.60,     261.63,       0.00,       0.00,      45.36,       0.00,     3047.4,      919.6,     -5.449,     -0.442,      1.261,        0.0,        0.0,        0.0,      0.000,      0.000,     104576,     127402,   -198.823,      0.000,      34.11,      11.70,      83.63,       0.00,    -78.051
2,      45.48,    7995489,     572.24,     326.84,     245.40,       0.00,       0.00,      45.48,       0.00,     3042.1,      922.6,     -5.639,     -0.461,      1.260,        0.0,        0.0,        0.0,      0.000,      0.000,     105201,     126744,   -197.599,      0.000,      33.59,      11.54,      84.21,       0.00,    -84.151
3,      45.67,    8153439,     572.24,     342.94,     229.30,       0.00,       0.00,      45.67,       0.00,     3036.1,      924.8,     -5.808,     -0.479,      1.259,        0.0,        0.0,        0.0,      0.000,      0.000,     105807,     126064,   -195.729,      0.000,      33.05,      11.37,      84.80,       0.00,    -90.438
4,      45.93,    8288262,     572.24,     358.86,     213.38,       0.00,       0.00,      45.93,       0.00,     3029.5,      926.2,     -5.953,     -0.495,      1.259,        0.0,        0.0,        0.0,      0.000,      0.000,     106397,     125365,   -193.195,      0.000,      32.51,      11.20,      85.40,       0.00,    -96.886
5,      46.28,    8399308,     572.24,     374.53,     197.70,       0.00,       0.00,      46.28,       0.00,     3022.4,      926.7,     -6.073,     -0.510,      1.258,        0.0,        0.0,        0.0,      0.000,      0.000,     106972,     124649,   -189.988,      0.000,      31.97,      11.02,      86.00,       0.00,   -103.469
6,      46.70,    8486226,     572.24,     389.93,     182.31,       0.00,       0.00,      46.70,       0.00,     3014.7,      926.4,     -6.167,     -0.524,      1.257,        0.0,        0.0,        0.0,      0.000,      0.000,     107535,     123918,   -186.102,      0.000,      31.41,      10.83,      86.61,       0.00,   -110.159
7,      47.19,    8548953,     572.24,     404.98,     167.26,       0.00,       0.00,      47.19,       0.00,     3006.4,      925.3,     -6.235,     -0.535,      1.257,        0.0,        0.0,        0.0,      0.000,      0.000,     108088,     123177,   -181.541,      0.000,      30.85,      10.63,      87.23,       0.00,   -116.929
8,      47.77,    8587695,     572.24,     419.64,     152.60,       0.00,       0.00,      47.77,       0.00,     2997.6,      923.2,     -6.276,     -0.545,      1.256,        0.0,        0.0,        0.0,      0.000,      0.000,     108631,     122428,   -176.310,      0.000,      30.28,      10.44,      87.85,       0.00,   -123.749
9,      48.41,    8602910,     572.24,     433.87,     138.37,       0.00,       0.00,      48.41,       0.00,     2988.3,      920.3,     -6.290,     -0.552,      1.255,        0.0,        0.0,        0.0,      0.000,      0.000,     109166,     121673,   -170.424,      0.000,      29.71,      10.23,      88.48,       0.00,   -130.592
10,      49.13,    8595277,     572.24,     447.62,     124.62,       0.00,       0.00,      49.13,       0.00,     2978.4,      916.3,     -6.280,     -0.557,      1.255,        0.0,        0.0,        0.0,      0.000,      0.000,     109695,     120917,   -163.899,      0.000,      29.14,      10.02,      89.12,       0.00,   -137.429
11,      49.93,    8565672,     572.24,     460.84,     111.40,       0.00,       0.00,      49.93,       0.00,     2968.2,      911.4,     -6.244,     -0.561,      1.254,        0.0,        0.0,        0.0,      0.000,      0.000,     110217,     120160,   -156.758,      0.000,      28.55,       9.81,      89.76,       0.00,   -144.233
12,      50.80,    8515131,     572.24,     473.49,      98.75,       0.00,       0.00,      50.80,       0.00,     2957.4,      905.4,     -6.186,     -0.561,      1.254,        0.0,        0.0,        0.0,      0.000,      0.000,     110733,     119407,   -149.028,      0.000,      27.97,       9.59,      90.40,       0.00,   -150.980
13,      51.75,    8444826,     572.24,     485.53,      86.71,       0.00,       0.00,      51.75,       0.00,     2946.3,      898.2,     -6.105,     -0.560,      1.253,        0.0,        0.0,        0.0,      0.000,      0.000,     111244,     118660,   -140.740,      0.000,      27.38,       9.38,      91.04,       0.00,   -157.646
14,      52.76,    8356030,     572.24,     496.91,      75.32,       0.00,       0.00,      52.76,       0.00,     2934.7,      889.8,     -6.005,     -0.556,      1.253,        0.0,        0.0,        0.0,      0.000,      0.000,     111751,     117922,   -131.927,      0.000,      26.79,       9.15,      91.69,       0.00,   -164.207
15,      53.85,    8250087,     572.24,     507.62,      64.62,       0.00,       0.00,      53.85,       0.00,     2922.7,      879.8,     -5.887,     -0.550,      1.252,        0.0,        0.0,        0.0,      0.000,      0.000,     112256,     117194,   -122.627,      0.000,      26.19,       8.93,      92.35,       0.00,   -170.644
16,      55.02,    8128390,     572.24,     517.59,      54.64,       0.00,       0.00,      55.02,       0.00,     2910.3,      868.1,     -5.753,     -0.540,      1.252,        0.0,        0.0,        0.0,      0.000,      0.000,     112756,     116479,   -112.876,      0.000,      25.59,       8.70,      93.00,       0.00,   -176.936
17,      56.25,    7992350,     572.24,     526.82,      45.42,       0.00,       0.00,      56.25,       0.00,     2897.4,      854.4,     -5.604,     -0.528,      1.252,        0.0,        0.0,        0.0,      0.000,      0.000,     113252,     115780,   -102.717,      0.000,      24.99,       8.47,      93.66,       0.00,   -183.068
18,      57.56,    7843380,     572.24,     535.26,      36.98,       0.00,       0.00,      57.56,       0.00,     2884.3,      838.0,     -5.443,     -0.512,      1.251,        0.0,        0.0,        0.0,      0.000,      0.000,     113745,     115097,    -92.191,      0.000,      24.38,       8.24,      94.33,       0.00,   -189.023
19,      58.94,    7682876,     572.24,     542.88,      29.36,       0.00,       0.00,      58.94,       0.00,     2870.7,      818.2,     -5.272,     -0.492,      1.251,        0.0,        0.0,        0.0,      0.000,      0.000,     114235,     114432,    -81.339,      0.000,      23.77,       8.01,      95.00,       0.00,   -194.788
20,      60.38,    7512198,     572.24,     549.67,      22.57,       0.00,       0.00,      60.38,       0.00,     2856.7,      793.7,     -5.093,     -0.467,      1.250,        0.0,        0.0,        0.0,      0.000,      0.000,     114723,     113787,    -70.205,      0.000,      23.16,       7.78,      95.67,       0.00,   -200.347
21,      61.90,    7332666,     572.24,     555.60,      16.64,       0.00,       0.00,      61.90,       0.00,     2842.3,      762.4,     -4.907,     -0.434,      1.250,        0.0,        0.0,        0.0,      0.000,      0.000,     115209,     113163,    -58.832,      0.000,      22.54,       7.54,      96.35,       0.00,   -205.688
22,      63.49,    7145546,     572.24,     560.65,      11.59,       0.00,       0.00,      63.49,       0.00,     2827.6,      720.5,     -4.716,     -0.390,      1.250,        0.0,        0.0,        0.0,      0.000,      0.000,     115694,     112560,    -47.261,      0.000,      21.91,       7.31,      97.03,       0.00,   -210.794
23,      65.14,    6952042,     572.24,     564.80,       7.44,       0.00,       0.00,      65.14,       0.00,     2812.4,      665.3,     -4.521,     -0.331,      1.249,        0.0,        0.0,        0.0,      0.000,      0.000,     116178,     111979,    -35.534,      0.000,      21.28,       7.07,      97.72,       0.00,   -215.647
24,      66.86,    6753135,     572.24,     566.52,       5.72,       0.00,       0.00,      66.86,       0.00,     2796.9,      614.8,     -4.325,     -0.274,      1.249,        0.0,        0.0,        0.0,      0.000,      0.000,     116662,     111421,    -23.693,      0.000,      20.65,       6.83,      98.41,       0.00,   -220.245
25,      68.65,    6549683,     572.24,     566.52,       5.72,       0.00,       0.00,      68.65,       0.00,     2781.1,      572.0,     -4.128,     -0.222,      1.249,        0.0,        0.0,        0.0,      0.000,      0.000,     117144,     110886,    -11.777,      0.000,      20.02,       6.59,      99.10,       0.00,   -224.595
26,      70.50,    6342536,     572.24,     566.52,       5.72,       0.00,       0.00,      70.50,       0.00,     2765.0,      536.4,     -3.931,     -0.176,      1.249,        0.0,        0.0,        0.0,      0.000,      0.000,     117626,     110374,      0.174,      0.000,      19.39,       6.36,      99.78,       0.00,   -228.702
27,      72.41,    6120043,     572.24,     572.24,       0.00,       0.00,       0.00,      72.41,       0.00,     2746.8,     2746.8,     -5.035,     -0.000,      1.249,        0.0,        0.0,        0.0,      0.000,      0.000,     118108,     109885,     12.099,      0.000,      18.68,       6.10,     100.55,       0.00,   -233.737
28,      74.40,    5904764,     572.24,     572.24,       0.00,       0.00,       0.00,      74.40,       0.00,     2728.8,     2728.8,     -4.802,     -0.000,      1.249,        0.0,        0.0,        0.0,      0.000,      0.000,     118589,     109419,     23.976,      0.000,      18.00,       5.85,     101.30,       0.00,   -238.539
29,      76.44,    5696740,     572.24,     572.24,       0.00,       0.00,       0.00,      76.44,       0.00,     2710.9,     2710.9,     -4.581,     -0.000,      1.249,        0.0,        0.0,        0.0,      0.000,      0.000,     119070,     108976,     35.790,      0.000,      17.33,       5.60,     102.03,       0.00,   -243.120
30,      78.54,    5495962,     572.24,     572.24,       0.00,       0.00,       0.00,      78.54,       0.00,     2693.2,     2693.2,     -4.372,     -0.000,      1.249,        0.0,        0.0,        0.0,      0.000,      0.000,     119550,     108557,     47.525,      0.000,      16.68,       5.37,     102.74,       0.00,   -247.492
31,      80.71,    5302380,     572.24,     572.24,       0.00,       0.00,       0.00,      80.71,       0.00,     2675.7,     2675.7,     -4.174,     -0.000,      1.249,        0.0,        0.0,        0.0,      0.000,      0.000,     120030,     108161,     59.165,      0.000,      16.05,       5.14,     103.42,       0.00,   -251.667
32,      82.93,    5115909,     572.24,     572.24,       0.00,       0.00,       0.00,      82.93,       0.00,     2658.4,     2658.4,     -3.987,     -0.000,      1.249,        0.0,        0.0,        0.0,      0.000,      0.000,     120509,     107788,     70.699,      0.000,      15.44,       4.92,     104.09,       0.00,   -255.654
33,      85.22,    4936434,     572.24,     572.24,       0.00,       0.00,       0.00,      85.22,       0.00,     2641.2,     2641.2,     -3.810,     -0.000,      1.249,        0.0,        0.0,        0.0,      0.000,      0.000,     120986,     107438,     82.116,      0.000,      14.84,       4.71,     104.73,       0.00,   -259.464
34,      87.56,    4763819,     572.24,     572.24,       0.00,       0.00,       0.00,      87.56,       0.00,     2624.3,     2624.3,     -3.643,     -0.000,      1.249,        0.0,        0.0,        0.0,      0.000,      0.000,     121462,     107112,     93.406,      0.000,      14.27,       4.51,     105.36,       0.00,   -263.108
35,      89.96,    4597904,     572.24,     572.24,       0.00,       0.00,       0.00,      89.96,       0.00,     2607.5,     2607.5,     -3.485,     -0.000,      1.249,        0.0,        0.0,        0.0,      0.000,      0.000,     121935,     106809,    104.560,      0.000,      13.71,       4.32,     105.96,       0.00,   -266.593
36,      92.41,    4438516,     572.24,     572.24,       0.00,       0.00,       0.00,      92.41,       0.00,     2591.0,     2591.0,     -3.336,     -0.000,      1.249,        0.0,        0.0,        0.0,      0.000,      0.000,     122407,     106529,    115.571,      0.000,      13.18,       4.13,     106.55,       0.00,   -269.930
37,      94.92,    4285472,     572.24,     572.24,       0.00,       0.00,       0.00,      94.92,       0.00,     2574.6,     2574.6,     -3.196,     -0.000,      1.249,        0.0,        0.0,        0.0,      0.000,      0.000,     122875,     106273,    126.433,      0.000,      12.66,       3.95,     107.11,       0.00,   -273.125
38,      97.48,    4138576,     572.24,     572.24,       0.00,       0.00,       0.00,      97.48,       0.00,     2558.5,     2558.5,     -3.063,     -0.000,      1.249,        0.0,        0.0,        0.0,      0.000,      0.000,     123340,     106041,    137.140,      0.000,      12.16,       3.78,     107.65,       0.00,   -276.188
39,     100.09,    3997629,     572.24,     572.24,       0.00,       0.00,       0.00,     100.09,       0.00,     2542.5,     2542.5,     -2.937,     -0.000,      1.249,        0.0,        0.0,        0.0,      0.000,      0.000,     123801,     105833,    147.688,      0.000,      11.67,       3.61,     108.18,       0.00,   -279.125
40,     102.75,    3862428,     572.24,     572.24,       0.00,       0.00,       0.00,     102.75,       0.00,     2526.8,     2526.8,     -2.818,     -0.000,      1.249,        0.0,        0.0,        0.0,      0.000,      0.000,     124258,     105650,    158.073,      0.000,      11.21,       3.46,     108.68,       0.00,   -281.943
41,     105.47,    3732767,     572.24,     572.24,       0.00,       0.00,       0.00,     105.47,       0.00,     2511.3,     2511.3,     -2.706,     -0.000,      1.249,        0.0,        0.0,        0.0,      0.000,      0.000,     124710,     105492,    168.292,      0.000,      10.76,       3.31,     109.17,       0.00,   -284.650
42,     108.23,    3608442,     572.24,     572.24,       0.00,       0.00,       0.00,     108.23,       0.00,     2496.0,     2496.0,     -2.601,     -0.000,      1.249,        0.0,        0.0,        0.0,      0.000,      0.000,     125156,     105360,    178.343,      0.000,      10.33,       3.16,     109.64,       0.00,   -287.250
43,     111.04,    3489249,     572.24,     572.24,       0.00,       0.00,       0.00,     111.04,       0.00,     2480.9,     2480.9,     -2.501,     -0.000,      1.249,        0.0,        0.0,        0.0,      0.000,      0.000,     125596,     105254,    188.224,      0.000,       9.91,       3.02,     110.10,       0.00,   -289.751
44,     113.89,    3374985,     572.24,     572.24,       0.00,       0.00,       0.00,     113.89,       0.00,     2466.0,     2466.0,     -2.406,     -0.000,      1.249,        0.0,        0.0,        0.0,      0.000,      0.000,     126028,     105174,    197.934,      0.000,       9.51,       2.89,     110.53,       0.00,   -292.157
45,     116.79,    3265454,     572.24,     572.24,       0.00,       0.00,       0.00,     116.79,       0.00,     2451.3,     2451.3,     -2.317,     -0.000,      1.249,        0.0,        0.0,        0.0,      0.000,      0.000,     126453,     105122,    207.472,      0.000,       9.12,       2.76,     110.95,       0.00,   -294.473
46,     119.73,    3160461,     572.24,     572.24,       0.00,       0.00,       0.00,     119.73,       0.00,     2436.8,     2436.8,     -2.232,     -0.000,      1.249,        0.0,        0.0,        0.0,      0.000,      0.000,     126869,     105097,    216.838,      0.000,       8.75,       2.64,     111.35,       0.00,   -296.706
47,     122.72,    3059819,     572.24,     572.24,       0.00,       0.00,       0.00,     122.72,       0.00,     2422.5,     2422.5,     -2.152,     -0.000,      1.249,        0.0,        0.0,        0.0,      0.000,      0.000,     127276,     105101,    226.032,      0.000,       8.39,       2.52,     111.74,       0.00,   -298.858
48,     125.74,    2963342,     572.24,     572.24,       0.00,       0.00,       0.00,     125.74,       0.00,     2408.5,     2408.5,     -2.076,     -0.000,      1.249,        0.0,        0.0,        0.0,      0.000,      0.000,     127673,     105134,    235.055,      0.000,       8.05,       2.41,     112.11,       0.00,   -300.934
49,     128.81,    2870853,     572.24,     572.24,       0.00,       0.00,       0.00,     128.81,       0.00,     2394.6,     2394.6,     -2.005,     -0.000,      1.250,        0.0,        0.0,        0.0,      0.000,      0.000,     128058,     105197,    243.907,      0.000,       7.72,       2.31,     112.47,       0.00,   -302.939
50,     131.91,    2782180,     572.24,     572.24,       0.00,       0.00,       0.00,     131.91,       0.00,     2380.9,     2380.9,     -1.937,     -0.000,      1.250,        0.0,        0.0,        0.0,      0.000,      0.000,     128431,     105290,    252.588,      0.000,       7.41,       2.21,     112.81,       0.00,   -304.876
51,     135.05,    2697157,     572.24,     572.24,       0.00,       0.00,       0.00,     135.05,       0.00,     2367.5,     2367.5,     -1.872,     -0.000,      1.250,        0.0,        0.0,        0.0,      0.000,      0.000,     128791,     105414,    261.101,      0.000,       7.10,       2.11,     113.14,       0.00,   -306.748
52,     138.22,    2615623,     572.24,     572.24,       0.00,       0.00,       0.00,     138.22,       0.00,     2354.2,     2354.2,     -1.811,     -0.000,      1.250,        0.0,        0.0,        0.0,      0.000,      0.000,     129137,     105569,    269.447,      0.000,       6.81,       2.02,     113.45,       0.00,   -308.559
53,     141.43,    2537425,     572.24,     572.24,       0.00,       0.00,       0.00,     141.43,       0.00,     2341.1,     2341.1,     -1.753,     -0.000,      1.250,        0.0,        0.0,        0.0,      0.000,      0.000,     129467,     105755,    277.627,      0.000,       6.53,       1.93,     113.75,       0.00,   -310.313
54,     144.67,    2462414,     572.24,     572.24,       0.00,       0.00,       0.00,     144.67,       0.00,     2328.2,     2328.2,     -1.698,     -0.000,      1.250,        0.0,        0.0,        0.0,      0.000,      0.000,     129780,     105973,    285.644,      0.000,       6.27,       1.84,     114.04,       0.00,   -312.011
55,     147.94,    2390450,     572.24,     572.24,       0.00,       0.00,       0.00,     147.94,       0.00,     2315.6,     2315.6,     -1.646,     -0.000,      1.250,        0.0,        0.0,        0.0,      0.000,      0.000,     130075,     106223,    293.498,      0.000,       6.01,       1.76,     114.32,       0.00,   -313.657
56,     151.24,    2321395,     572.24,     572.24,       0.00,       0.00,       0.00,     151.24,       0.00,     2303.1,     2303.1,     -1.596,     -0.000,      1.250,        0.0,        0.0,        0.0,      0.000,      0.000,     130349,     106505,    301.193,      0.000,       5.77,       1.69,     114.59,       0.00,   -315.253
57,     154.57,    2255119,     572.24,     572.24,       0.00,       0.00,       0.00,     154.57,       0.00,     2290.8,     2290.8,     -1.549,     -0.000,      1.250,        0.0,        0.0,        0.0,      0.000,      0.000,     130601,     106818,    308.730,      0.000,       5.53,       1.61,     114.84,       0.00,   -316.803
58,     157.92,    2191499,     572.24,     572.24,       0.00,       0.00,       0.00,     157.92,       0.00,     2278.7,     2278.7,     -1.504,     -0.000,      1.251,        0.0,        0.0,        0.0,      0.000,      0.000,     130828,     107163,    316.111,      0.000,       5.30,       1.54,     115.09,       0.00,   -318.307
59,     161.30,    2130416,     572.24,     572.24,       0.00,       0.00,       0.00,     161.30,       0.00,     2266.8,     2266.8,     -1.462,     -0.000,      1.251,        0.0,        0.0,        0.0,      0.000,      0.000,     131028,     107538,    323.339,      0.000,       5.09,       1.48,     115.32,       0.00,   -319.769
60,     164.71,    2071755,     572.24,     572.24,       0.00,       0.00,       0.00,     164.71,       0.00,     2255.0,     2255.0,     -1.421,     -0.000,      1.251,        0.0,        0.0,        0.0,      0.000,      0.000,     131198,     107943,    330.416,      0.000,       4.88,       1.41,     115.54,       0.00,   -321.190
61,     168.14,    2015408,     572.24,     572.24,       0.00,       0.00,       0.00,     168.14,       0.00,     2243.5,     2243.5,     -1.382,     -0.000,      1.251,        0.0,        0.0,        0.0,      0.000,      0.000,     131335,     108377,    337.345,      0.000,       4.68,       1.35,     115.76,       0.00,   -322.572
62,     171.58,    1961271,     572.24,     572.24,       0.00,       0.00,       0.00,     171.58,       0.00,     2232.1,     2232.1,     -1.345,     -0.000,      1.251,        0.0,        0.0,        0.0,      0.000,      0.000,     131435,     108839,    344.127,      0.000,       4.50,       1.30,     115.96,       0.00,   -323.918
63,     175.05,    1909247,     572.24,     572.24,       0.00,       0.00,       0.00,     175.05,       0.00,     2220.9,     2220.9,     -1.310,     -0.000,      1.251,        0.0,        0.0,        0.0,      0.000,      0.000,     131496,     109327,    350.766,      0.000,       4.31,       1.24,     116.16,       0.00,   -325.228
64,     178.54,    1859241,     572.24,     572.24,       0.00,       0.00,       0.00,     178.54,       0.00,     2209.9,     2209.9,     -1.277,     -0.000,      1.251,        0.0,        0.0,        0.0,      0.000,      0.000,     131512,     109840,    357.263,      0.000,       4.14,       1.19,     116.35,       0.00,   -326.504
65,     182.04,    1811162,     572.24,     572.24,       0.00,       0.00,       0.00,     182.04,       0.00,     2199.0,     2199.0,     -1.244,     -0.000,      1.251,        0.0,        0.0,        0.0,      0.000,      0.000,     131479,     110376,    363.622,      0.000,       3.98,       1.14,     116.53,       0.00,   -327.749
66,     185.56,    1764926,     572.24,     572.24,       0.00,       0.00,       0.00,     185.56,       0.00,     2188.3,     2188.3,     -1.214,     -0.000,      1.252,        0.0,        0.0,        0.0,      0.000,      0.000,     131394,     110934,    369.844,      0.000,       3.82,       1.09,     116.70,       0.00,   -328.963
67,     189.09,    1720452,     572.24,     572.24,       0.00,       0.00,       0.00,     189.09,       0.00,     2177.8,     2177.8,     -1.185,     -0.000,      1.252,        0.0,        0.0,        0.0,      0.000,      0.000,     131252,     111511,    375.932,      0.000,       3.67,       1.04,     116.86,       0.00,   -330.147
68,     192.64,    1677661,     572.24,     572.24,       0.00,       0.00,       0.00,     192.64,       0.00,     2167.5,     2167.5,     -1.157,     -0.000,      1.252,        0.0,        0.0,        0.0,      0.000,      0.000,     131049,     112105,    381.889,      0.000,       3.52,       1.00,     117.02,       0.00,   -331.304
69,     196.19,    1636479,     572.24,     572.24,       0.00,       0.00,       0.00,     196.19,       0.00,     2157.3,     2157.3,     -1.130,     -0.000,      1.252,        0.0,        0.0,        0.0,      0.000,      0.000,     130781,     112714,    387.717,      0.000,       3.38,       0.96,     117.17,       0.00,   -332.434
70,     199.76,    1596837,     572.24,     572.24,       0.00,       0.00,       0.00,     199.76,       0.00,     2147.3,     2147.3,     -1.104,     -0.000,      1.252,        0.0,        0.0,        0.0,      0.000,      0.000,     130446,     113336,    393.418,      0.000,       3.25,       0.92,     117.31,       0.00,   -333.538
71,     203.33,    1558667,     572.24,     572.24,       0.00,       0.00,       0.00,     203.33,       0.00,     2137.5,     2137.5,     -1.080,     -0.000,      1.252,        0.0,        0.0,        0.0,      0.000,      0.000,     130042,     113967,    398.995,      0.000,       3.12,       0.88,     117.45,       0.00,   -334.617
72,     206.91,    1521905,     572.24,     572.24,       0.00,       0.00,       0.00,     206.91,       0.00,     2127.8,     2127.8,     -1.056,     -0.000,      1.252,        0.0,        0.0,        0.0,      0.000,      0.000,     129568,     114607,    404.450,      0.000,       3.00,       0.85,     117.58,       0.00,   -335.673
73,     210.50,    1486491,     572.24,     572.24,       0.00,       0.00,       0.00,     210.50,       0.00,     2118.2,     2118.2,     -1.034,     -0.000,      1.253,        0.0,        0.0,        0.0,      0.000,      0.000,     129024,     115251,    409.785,      0.000,       2.88,       0.81,     117.71,       0.00,   -336.707
74,     214.09,    1452366,     572.24,     572.24,       0.00,       0.00,       0.00,     214.09,       0.00,     2108.9,     2108.9,     -1.012,     -0.000,      1.253,        0.0,        0.0,        0.0,      0.000,      0.000,     128409,     115897,    415.004,      0.000,       2.77,       0.78,     117.83,       0.00,   -337.719
75,     217.69,    1419476,     572.24,     572.24,       0.00,       0.00,       0.00,     217.69,       0.00,     2099.6,     2099.6,     -0.991,     -0.000,      1.253,        0.0,        0.0,        0.0,      0.000,      0.000,     127728,     116543,    420.107,      0.000,       2.67,       0.75,     117.94,       0.00,   -338.710
76,     221.28,    1387768,     572.24,     572.24,       0.00,       0.00,       0.00,     221.28,       0.00,     2090.5,     2090.5,     -0.971,     -0.000,      1.253,        0.0,        0.0,        0.0,      0.000,      0.000,     126986,     117186,    425.098,      0.000,       2.57,       0.72,     118.05,       0.00,   -339.681
77,     224.88,    1357191,     572.24,     572.24,       0.00,       0.00,       0.00,     224.88,       0.00,     2081.6,     2081.6,     -0.952,     -0.000,      1.253,        0.0,        0.0,        0.0,      0.000,      0.000,     126186,     117825,    429.979,      0.000,       2.47,       0.69,     118.16,       0.00,   -340.633
78,     228.47,    1327699,     572.24,     572.24,       0.00,       0.00,       0.00,     228.47,       0.00,     2072.8,     2072.8,     -0.934,     -0.000,      1.253,        0.0,        0.0,        0.0,      0.000,      0.000,     125335,     118456,    434.752,      0.000,       2.38,       0.66,     118.26,       0.00,   -341.567
79,     232.07,    1299245,     572.24,     572.24,       0.00,       0.00,       0.00,     232.07,       0.00,     2064.2,     2064.2,     -0.916,     -0.000,      1.253,        0.0,        0.0,        0.0,      0.000,      0.000,     124437,     119078,    439.418,      0.000,       2.29,       0.64,     118.35,       0.00,   -342.483
80,     235.66,    1271787,     572.24,     572.24,       0.00,       0.00,       0.00,     235.66,       0.00,     2055.7,     2055.7,     -0.899,     -0.000,      1.253,        0.0,        0.0,        0.0,      0.000,      0.000,     123501,     119688,    443.981,      0.000,       2.20,       0.61,     118.44,       0.00,   -343.382
81,     239.24,    1245283,     572.24,     572.24,       0.00,       0.00,       0.00,     239.24,       0.00,     2047.3,     2047.3,     -0.883,     -0.000,      1.254,        0.0,        0.0,        0.0,      0.000,      0.000,     122531,     120287,    448.442,      0.000,       2.12,       0.59,     118.53,       0.00,   -344.265
82,     242.82,    1219694,     572.24,     572.24,       0.00,       0.00,       0.00,     242.82,       0.00,     2039.1,     2039.1,     -0.867,     -0.000,      1.254,        0.0,        0.0,        0.0,      0.000,      0.000,     121535,     120871,    452.803,      0.000,       2.04,       0.57,     118.62,       0.00,   -345.132
83,     246.39,    1194983,     572.24,     572.24,       0.00,       0.00,       0.00,     246.39,       0.00,     2031.0,     2031.0,     -0.852,     -0.000,      1.254,        0.0,        0.0,        0.0,      0.000,      0.000,     120519,     121440,    457.066,      0.000,       1.97,       0.55,     118.70,       0.00,   -345.983
84,     249.96,    1171113,     572.24,     572.24,       0.00,       0.00,       0.00,     249.96,       0.00,     2023.1,     2023.1,     -0.837,     -0.000,      1.254,        0.0,        0.0,        0.0,      0.000,      0.000,     119486,     121992,    461.234,      0.000,       1.90,       0.53,     118.77,       0.00,   -346.821
85,     253.51,    1148050,     572.24,     572.24,       0.00,       0.00,       0.00,     253.51,       0.00,     2015.3,     2015.3,     -0.823,     -0.000,      1.254,        0.0,        0.0,        0.0,      0.000,      0.000,     118443,     122527,    465.308,      0.000,       1.83,       0.51,     118.85,       0.00,   -347.644
86,     257.05,    1125763,     572.24,     572.24,       0.00,       0.00,       0.00,     257.05,       0.00,     2007.6,     2007.6,     -0.810,     -0.000,      1.254,        0.0,        0.0,        0.0,      0.000,      0.000,     117396,     123044,    469.290,      0.000,       1.76,       0.49,     118.92,       0.00,   -348.453
87,     260.58,    1104220,     572.24,     572.24,       0.00,       0.00,       0.00,     260.58,       0.00,     2000.0,     2000.0,     -0.796,     -0.000,      1.254,        0.0,        0.0,        0.0,      0.000,      0.000,     116349,     123542,    473.182,      0.000,       1.70,       0.47,     118.99,       0.00,   -349.250
88,     264.10,    1083391,     572.24,     572.24,       0.00,       0.00,       0.00,     264.10,       0.00,     1992.6,     1992.6,     -0.784,     -0.000,      1.255,        0.0,        0.0,        0.0,      0.000,      0.000,     115306,     124022,    476.986,      0.000,       1.64,       0.45,     119.05,       0.00,   -350.033
89,     267.61,    1063248,     572.24,     572.24,       0.00,       0.00,       0.00,     267.61,       0.00,     1985.2,     1985.2,     -0.772,     -0.000,      1.255,        0.0,        0.0,        0.0,      0.000,      0.000,     114268,     124482,    480.703,      0.000,       1.59,       0.44,     119.11,       0.00,   -350.805
90,     271.09,    1043765,     572.24,     572.24,       0.00,       0.00,       0.00,     271.09,       0.00,     1978.0,     1978.0,     -0.760,     -0.000,      1.255,        0.0,        0.0,        0.0,      0.000,      0.000,     113238,     124922,    484.336,      0.000,       1.53,       0.42,     119.17,       0.00,   -351.565
91,     274.57,    1024915,     572.24,     572.24,       0.00,       0.00,       0.00,     274.57,       0.00,     1971.0,     1971.0,     -0.748,     -0.000,      1.255,        0.0,        0.0,        0.0,      0.000,      0.000,     112217,     125343,    487.886,      0.000,       1.48,       0.41,     119.23,       0.00,   -352.313
92,     278.02,    1006674,     572.24,     572.24,       0.00,       0.00,       0.00,     278.02,       0.00,     1964.0,     1964.0,     -0.737,     -0.000,      1.255,        0.0,        0.0,        0.0,      0.000,      0.000,     111206,     125745,    491.355,      0.000,       1.43,       0.39,     119.28,       0.00,   -353.050
93,     281.46,     989018,     572.24,     572.24,       0.00,       0.00,       0.00,     281.46,       0.00,     1957.2,     1957.2,     -0.727,     -0.000,      1.255,        0.0,        0.0,        0.0,      0.000,      0.000,     110206,     126126,    494.744,      0.000,       1.38,       0.38,     119.33,       0.00,   -353.777
94,     284.87,     971926,     572.24,     572.24,       0.00,       0.00,       0.00,     284.87,       0.00,     1950.4,     1950.4,     -0.716,     -0.000,      1.255,        0.0,        0.0,        0.0,      0.000,      0.000,     109220,     126488,    498.055,      0.000,       1.33,       0.37,     119.38,       0.00,   -354.494
95,     288.27,     955375,     572.24,     572.24,       0.00,       0.00,       0.00,     288.27,       0.00,     1943.8,     1943.8,     -0.706,     -0.000,      1.256,        0.0,        0.0,        0.0,      0.000,      0.000,     108248,     126831,    501.290,      0.000,       1.29,       0.35,     119.43,       0.00,   -355.200
96,     291.65,     939345,     572.24,     572.24,       0.00,       0.00,       0.00,     291.65,       0.00,     1937.3,     1937.3,     -0.697,     -0.000,      1.256,        0.0,        0.0,        0.0,      0.000,      0.000,     107292,     127154,    504.451,      0.000,       1.25,       0.34,     119.48,       0.00,   -355.897
97,     295.00,     923816,     572.24,     572.24,       0.00,       0.00,       0.00,     295.00,       0.00,     1930.9,     1930.9,     -0.687,     -0.000,      1.256,        0.0,        0.0,        0.0,      0.000,      0.000,     106351,     127458,    507.537,      0.000,       1.21,       0.33,     119.52,       0.00,   -356.584
98,     298.33,     908771,     572.24,     572.24,       0.00,       0.00,       0.00,     298.33,       0.00,     1924.6,     1924.6,     -0.678,     -0.000,      1.256,        0.0,        0.0,        0.0,      0.000,      0.000,     105426,     127743,    510.553,      0.000,       1.17,       0.32,     119.56,       0.00,   -357.263
99,     301.63,     894190,     572.24,     572.24,       0.00,       0.00,       0.00,     301.63,       0.00,     1918.4,     1918.4,     -0.670,     -0.000,      1.256,        0.0,        0.0,        0.0,      0.000,      0.000,     104519,     128010,    513.497,      0.000,       1.13,       0.31,     119.61,       0.00,   -357.932
100,     304.91,     880058,     572.24,     572.24,       0.00,       0.00,       0.00,     304.91,       0.00,     1912.3,     1912.3,     -0.661,     -0.000,      1.256,        0.0,        0.0,        0.0,      0.000,      0.000,     103629,     128257,    516.373,      0.000,       1.09,       0.30,     119.64,       0.00,   -358.594
101,     308.17,     866356,     572.24,     572.24,       0.00,       0.00,       0.00,     308.17,       0.00,     1906.4,     1906.4,     -0.653,     -0.000,      1.256,        0.0,        0.0,        0.0,      0.000,      0.000,     102758,     128485,    519.181,      0.000,       1.06,       0.29,     119.68,       0.00,   -359.247
102,     311.40,     853071,     572.24,     572.24,       0.00,       0.00,       0.00,     311.40,       0.00,     1900.5,     1900.5,     -0.645,     -0.000,      1.256,        0.0,        0.0,        0.0,      0.000,      0.000,     101907,     128694,    521.923,      0.000,       1.03,       0.28,     119.72,       0.00,   -359.892
103,     314.60,     840186,     572.24,     572.24,       0.00,       0.00,       0.00,     314.60,       0.00,     1894.7,     1894.7,     -0.637,     -0.000,      1.257,        0.0,        0.0,        0.0,      0.000,      0.000,     101076,     128885,    524.601,      0.000,       0.99,       0.27,     119.75,       0.00,   -360.529
104,     317.77,     827688,     572.24,     572.24,       0.00,       0.00,       0.00,     317.77,       0.00,     1889.0,     1889.0,     -0.630,     -0.000,      1.257,        0.0,        0.0,        0.0,      0.000,      0.000,     100266,     129056,    527.215,      0.000,       0.96,       0.26,     119.78,       0.00,   -361.158
105,     320.91,     815562,     572.24,     572.24,       0.00,       0.00,       0.00,     320.91,       0.00,     1883.4,     1883.4,     -0.622,     -0.000,      1.257,        0.0,        0.0,        0.0,      0.000,      0.000,      99478,     129207,    529.766,      0.000,       0.94,       0.25,     119.82,       0.00,   -361.781
106,     324.03,     803795,     572.24,     572.24,       0.00,       0.00,       0.00,     324.03,       0.00,     1877.9,     1877.9,     -0.615,     -0.000,      1.257,        0.0,        0.0,        0.0,      0.000,      0.000,      98713,     129339,    532.256,      0.000,       0.91,       0.25,     119.85,       0.00,   -362.396
107,     327.11,     792376,     572.24,     572.24,       0.00,       0.00,       0.00,     327.11,       0.00,     1872.5,     1872.5,     -0.608,     -0.000,      1.257,        0.0,        0.0,        0.0,      0.000,      0.000,      97971,     129451,    534.687,      0.000,       0.88,       0.24,     119.88,       0.00,   -363.004
108,     330.16,     781291,     572.24,     572.24,       0.00,       0.00,       0.00,     330.16,       0.00,     1867.2,     1867.2,     -0.602,     -0.000,      1.257,        0.0,        0.0,        0.0,      0.000,      0.000,      97254,     129542,    537.059,      0.000,       0.85,       0.23,     119.90,       0.00,   -363.606
109,     333.18,     770529,     572.24,     572.24,       0.00,       0.00,       0.00,     333.18,       0.00,     1861.9,     1861.9,     -0.595,     -0.000,      1.257,        0.0,        0.0,        0.0,      0.000,      0.000,      96560,     129614,    539.374,      0.000,       0.83,       0.22,     119.93,       0.00,   -364.201
110,     336.17,     760080,     572.24,     572.24,       0.00,       0.00,       0.00,     336.17,       0.00,     1856.8,     1856.8,     -0.589,     -0.000,      1.257,        0.0,        0.0,        0.0,      0.000,      0.000,      95889,     129664,    541.632,      0.000,       0.81,       0.22,     119.96,       0.00,   -364.790
111,     339.12,     749932,     572.24,     572.24,       0.00,       0.00,       0.00,     339.12,       0.00,     1851.7,     1851.7,     -0.583,     -0.000,      1.258,        0.0,        0.0,        0.0,      0.000,      0.000,      95243,     129693,    543.835,      0.000,       0.78,       0.21,     119.98,       0.00,   -365.372
112,     342.04,     740074,     572.24,     572.24,       0.00,       0.00,       0.00,     342.04,       0.00,     1846.8,     1846.8,     -0.577,     -0.000,      1.258,        0.0,        0.0,        0.0,      0.000,      0.000,      94618,     129700,    545.984,      0.000,       0.76,       0.21,     120.00,       0.00,   -365.949
113,     344.93,     730499,     572.24,     572.24,       0.00,       0.00,       0.00,     344.93,       0.00,     1841.9,     1841.9,     -0.571,     -0.000,      1.258,        0.0,        0.0,        0.0,      0.000,      0.000,      94016,     129685,    548.080,      0.000,       0.74,       0.20,     120.03,       0.00,   -366.520
114,     347.78,     721195,     572.24,     572.24,       0.00,       0.00,       0.00,     347.78,       0.00,     1837.0,     1837.0,     -0.565,     -0.000,      1.258,        0.0,        0.0,        0.0,      0.000,      0.000,      93434,     129648,    550.123,      0.000,       0.72,       0.19,     120.05,       0.00,   -367.085
115,     350.60,     712154,     572.24,     572.24,       0.00,       0.00,       0.00,     350.60,       0.00,     1832.3,     1832.3,     -0.560,     -0.000,      1.258,        0.0,        0.0,        0.0,      0.000,      0.000,      92871,     129588,    552.116,      0.000,       0.70,       0.19,     120.07,       0.00,   -367.644
116,     353.38,     703074,     572.24,     572.24,       0.00,       0.00,       0.00,     353.38,       0.00,     1826.9,     1826.9,     -1.069,     -0.000,      1.258,        0.0,        0.0,        0.0,      0.000,      0.000,      92326,     129504,    552.116,     -1.942,       0.68,       0.18,     120.10,       0.00,   -368.713
117,     356.12,     696098,     572.24,     572.24,       0.00,       0.00,       0.00,     356.12,       0.00,     1822.5,     1822.5,     -1.063,     -0.000,      1.258,        0.0,        0.0,        0.0,      0.000,      0.000,      91799,     129398,    552.116,     -3.839,       0.66,       0.18,     120.11,       0.00,   -369.776
118,     358.83,     689324,     572.24,     572.24,       0.00,       0.00,       0.00,     358.83,       0.00,     1818.2,     1818.2,     -1.056,     -0.000,      1.258,        0.0,        0.0,        0.0,      0.000,      0.000,      91287,     129267,    552.116,     -5.692,       0.64,       0.17,     120.13,       0.00,   -370.832
119,     361.50,     682745,     572.23,     572.23,       0.00,      -0.00,       0.01,     361.50,       0.00,     1814.0,     1814.0,     -1.050,     -0.000,      1.259,        0.0,        0.0,        0.4,      0.000,      0.321,      90789,     129187,    552.116,     -7.502,       0.63,       0.17,     120.15,       0.00,   -371.883
120,     364.13,     676343,     572.17,     572.17,       0.00,      -0.00,       0.06,     364.13,       0.00,     1809.8,     1809.8,     -1.044,     -0.000,      1.259,        0.0,        0.0,        2.5,      0.000,      2.003,      90305,     129381,    552.116,     -9.269,       0.61,       0.16,     120.17,       0.00,   -372.927
121,     366.72,     670055,     572.07,     572.07,       0.00,      -0.00,       0.11,     366.72,       0.00,     1805.6,     1805.6,     -1.039,     -0.000,      1.259,        0.0,        0.0,        4.6,      0.000,      3.675,      89833,     129553,    552.116,    -10.993,       0.59,       0.16,     120.18,       0.00,   -373.966
122,     369.28,     663879,     571.91,     571.91,       0.00,      -0.00,       0.15,     369.28,       0.00,     1801.5,     1801.5,     -1.033,     -0.000,      1.259,        0.0,        0.0,        6.7,      0.000,      5.337,      89373,     129714,    552.116,    -12.676,       0.58,       0.16,     120.20,       0.00,   -374.998
123,     371.79,     657812,     571.71,     571.71,       0.00,      -0.00,       0.20,     371.79,       0.00,     1797.4,     1797.4,     -1.027,     -0.000,      1.259,        0.0,        0.0,        8.8,      0.000,      6.988,      88923,     129858,    552.116,    -14.318,       0.56,       0.15,     120.22,       0.00,   -376.025
124,     374.27,     651851,     571.47,     571.47,       0.00,      -0.00,       0.24,     374.27,       0.00,     1793.3,     1793.3,     -1.021,     -0.000,      1.259,        0.0,        0.0,       10.9,      0.000,      8.629,      88483,     129975,    552.116,    -15.919,       0.55,       0.15,     120.23,       0.00,   -377.046
125,     376.71,     645995,     571.15,     571.15,       0.00,      -0.00,       0.32,     376.71,       0.00,     1789.3,     1789.3,     -1.015,     -0.000,      1.259,        0.0,        0.0,       14.1,      0.000,     11.193,      88052,     130274,    552.116,    -17.480,       0.54,       0.14,     120.25,       0.00,   -378.061
126,     379.10,     640203,     570.75,     570.75,       0.00,      -0.00,       0.41,     379.10,       0.00,     1785.3,     1785.3,     -1.009,     -0.000,      1.259,        0.0,        0.0,       18.3,      0.000,     14.434,      87628,     130691,    552.116,    -19.002,       0.52,       0.14,     120.26,       0.00,   -379.070
127,     381.46,     634448,     570.25,     570.25,       0.00,      -0.00,       0.50,     381.46,       0.00,     1781.2,     1781.2,     -1.003,     -0.000,      1.259,        0.0,        0.0,       22.5,      0.000,     17.644,      87211,     131070,    552.116,    -20.483,       0.51,       0.14,     120.28,       0.00,   -380.074
128,     383.77,     628728,     569.65,     569.65,       0.00,      -0.00,       0.60,     383.77,       0.00,     1777.2,     1777.2,     -0.997,     -0.000,      1.259,        0.0,        0.0,       27.4,      0.000,     21.336,      86800,     131537,    552.116,    -21.926,       0.50,       0.13,     120.29,       0.00,   -381.071
129,     386.05,     623024,     568.95,     568.95,       0.00,      -0.00,       0.70,     386.05,       0.00,     1773.1,     1773.1,     -0.991,     -0.000,      1.260,        0.0,        0.0,       32.5,      0.000,     25.150,      86395,     132000,    552.116,    -23.330,       0.48,       0.13,     120.31,       0.00,   -382.062
130,     388.28,     617331,     568.14,     568.14,       0.00,      -0.00,       0.81,     388.28,       0.00,     1769.0,     1769.0,     -0.985,     -0.000,      1.260,        0.0,        0.0,       37.5,      0.000,     28.923,      85995,     132420,    552.116,    -24.696,       0.47,       0.13,     120.32,       0.00,   -383.047
131,     390.47,     611649,     567.19,     567.19,       0.00,      -0.00,       0.95,     390.47,       0.00,     1764.9,     1764.9,     -0.979,     -0.000,      1.260,        0.0,        0.0,       44.3,      0.000,     33.940,      85601,     133094,    552.116,    -26.023,       0.46,       0.12,     120.33,       0.00,   -384.026
132,     392.62,     605928,     566.08,     566.08,       0.00,      -0.00,       1.11,     392.62,       0.00,     1760.7,     1760.7,     -0.972,     -0.000,      1.260,        0.0,        0.0,       52.0,      0.000,     39.517,      85210,     133855,    552.116,    -27.313,       0.45,       0.12,     120.35,       0.00,   -384.998
133,     394.73,     600148,     564.82,     564.82,       0.00,      -0.00,       1.26,     394.73,       0.00,     1756.5,     1756.5,     -0.965,     -0.000,      1.260,        0.0,        0.0,       59.7,      0.000,     45.015,      84825,     134562,    552.116,    -28.565,       0.43,       0.12,     120.36,       0.00,   -385.963
134,     396.79,     594310,     563.34,     563.34,       0.00,      -0.00,       1.48,     396.79,       0.00,     1752.1,     1752.1,     -0.958,     -0.000,      1.260,        0.0,        0.0,       70.4,      0.000,     52.558,      84443,     135723,    552.116,    -29.780,       0.42,       0.11,     120.37,       0.00,   -386.921
135,     398.82,     588334,     561.64,     561.64,       0.00,      -0.00,       1.70,     398.82,       0.00,     1747.7,     1747.7,     -0.951,     -0.000,      1.260,        0.0,        0.0,       81.5,      0.000,     60.309,      84065,     136891,    552.116,    -30.957,       0.41,       0.11,     120.39,       0.00,   -387.872
136,     400.80,     582214,     559.71,     559.71,       0.00,      -0.00,       1.93,     400.80,       0.00,     1743.2,     1743.2,     -0.943,     -0.000,      1.260,        0.0,        0.0,       92.8,      0.000,     68.015,      83691,     138020,    552.116,    -32.097,       0.40,       0.11,     120.40,       0.00,   -388.816
137,     402.73,     575950,     557.51,     557.51,       0.00,      -0.00,       2.20,     402.73,       0.00,     1738.5,     1738.5,     -0.935,     -0.000,      1.260,        0.0,        0.0,      106.8,      0.000,     77.370,      83320,     139513,    552.116,    -33.201,       0.38,       0.10,     120.41,       0.00,   -389.751
138,     404.63,     569478,     555.03,     555.03,       0.00,      -0.00,       2.47,     404.63,       0.00,     1733.7,     1733.7,     -0.927,     -0.000,      1.261,        0.0,        0.0,      120.7,      0.000,     86.538,      82953,     140910,    552.116,    -34.267,       0.37,       0.10,     120.43,       0.00,   -390.677
139,     406.48,     562807,     552.28,     552.28,       0.00,      -0.00,       2.75,     406.48,       0.00,     1728.7,     1728.7,     -0.918,     -0.000,      1.261,        0.0,        0.0,      135.2,      0.000,     95.854,      82589,     142309,    552.116,    -35.296,       0.36,       0.10,     120.44,       0.00,   -391.595
140,     408.29,     555932,     549.22,     549.22,       0.00,      -0.00,       3.06,     408.29,       0.00,     1723.5,     1723.5,     -0.908,     -0.000,      1.261,        0.0,        0.0,      151.2,      0.000,    106.009,      82229,     143868,    552.116,    -36.289,       0.35,       0.09,     120.45,       0.00,   -392.503
141,     410.05,     548821,     545.87,     545.87,       0.00,      -0.00,       3.35,     410.05,       0.00,     1718.1,     1718.1,     -0.898,     -0.000,      1.261,        0.0,        0.0,      167.3,      0.000,    115.965,      81873,     145319,    552.116,    -37.245,       0.33,       0.09,     120.47,       0.00,   -393.401
142,     411.77,     541485,     542.20,     542.20,       0.00,      -0.00,       3.67,     411.77,       0.00,     1712.6,     1712.6,     -0.888,     -0.000,      1.261,        0.0,        0.0,      184.2,      0.000,    126.288,      81520,     146806,    552.116,    -38.165,       0.32,       0.09,     120.48,       0.00,   -394.289
143,     413.45,     533913,     538.21,     538.21,       0.00,      -0.00,       3.99,     413.45,       0.00,     1706.8,     1706.8,     -0.877,     -0.000,      1.261,        0.0,        0.0,      202.4,      0.000,    137.146,      81171,     148371,    552.116,    -39.049,       0.31,       0.08,     120.49,       0.00,   -395.165
144,     415.08,     526087,     533.90,     533.90,       0.00,      -0.00,       4.31,     415.08,       0.00,     1700.8,     1700.8,     -0.865,     -0.000,      1.262,        0.0,        0.0,      220.5,      0.000,    147.805,      80826,     149830,    552.116,    -39.896,       0.30,       0.08,     120.51,       0.00,   -396.030
145,     416.67,     518020,     529.24,     529.24,       0.00,      -0.00,       4.66,     416.67,       0.00,     1694.5,     1694.5,     -0.853,     -0.000,      1.262,        0.0,        0.0,      240.4,      0.000,    159.299,      80486,     151454,    552.116,    -40.708,       0.28,       0.08,     120.52,       0.00,   -396.883
146,     418.21,     509684,     524.22,     524.22,       0.00,      -0.00,       5.02,     418.21,       0.00,     1688.0,     1688.0,     -0.840,     -0.000,      1.262,        0.0,        0.0,      261.3,      0.000,    171.215,      80150,     153142,    552.116,    -41.484,       0.27,       0.07,     120.54,       0.00,   -397.724
147,     419.71,     501069,     518.86,     518.86,       0.00,      -0.00,       5.36,     419.71,       0.00,     1681.3,     1681.3,     -0.827,     -0.000,      1.262,        0.0,        0.0,      282.2,      0.000,    182.938,      79818,     154743,    552.116,    -42.225,       0.26,       0.07,     120.55,       0.00,   -398.551
148,     421.17,     492193,     513.18,     513.18,       0.00,      -0.00,       5.68,     421.17,       0.00,     1674.2,     1674.2,     -0.813,     -0.000,      1.262,        0.0,        0.0,      303.7,      0.000,    194.052,      79493,     156145,    552.116,    -42.930,       0.24,       0.07,     120.56,       0.00,   -399.364
149,     422.58,     483092,     507.23,     507.23,       0.00,      -0.00,       5.95,     422.58,       0.00,     1667.0,     1667.0,     -0.799,     -0.000,      1.263,        0.0,        0.0,      325.3,      0.000,    204.013,      79172,     157197,    552.116,    -43.602,       0.23,       0.06,     120.58,       0.00,   -400.163
150,     423.95,     473827,     501.02,     501.02,       0.00,      -0.00,       6.20,     423.95,       0.00,     1659.5,     1659.5,     -0.784,     -0.000,      1.263,        0.0,        0.0,      347.0,      0.000,    213.655,      78858,     158078,    552.116,    -44.239,       0.22,       0.06,     120.59,       0.00,   -400.947
151,     425.27,     464422,     494.55,     494.55,       0.00,      -0.00,       6.47,     425.27,       0.00,     1651.7,     1651.7,     -0.769,     -0.000,      1.263,        0.0,        0.0,      370.7,      0.000,    223.940,      78550,     159065,    552.116,    -44.844,       0.21,       0.06,     120.60,       0.00,   -401.717
152,     426.55,     454861,     487.83,     487.83,       0.00,      -0.00,       6.72,     426.55,       0.00,     1643.8,     1643.8,     -0.754,     -0.000,      1.263,        0.0,        0.0,      394.4,      0.000,    233.897,      78250,     159920,    552.116,    -45.415,       0.19,       0.05,     120.62,       0.00,   -402.471
153,     427.79,     445171,     480.89,     480.89,       0.00,      -0.00,       6.95,     427.79,       0.00,     1635.6,     1635.6,     -0.738,     -0.000,      1.264,        0.0,        0.0,      418.4,      0.000,    243.660,      77956,     160702,    552.116,    -45.955,       0.18,       0.05,     120.63,       0.00,   -403.209
154,     428.98,     435373,     473.72,     473.72,       0.00,      -0.00,       7.17,     428.98,       0.00,     1627.2,     1627.2,     -0.722,     -0.000,      1.264,        0.0,        0.0,      443.5,      0.000,    253.602,      77671,     161529,    552.116,    -46.463,       0.17,       0.05,     120.64,       0.00,   -403.931
155,     430.12,     425473,     466.34,     466.34,       0.00,      -0.00,       7.37,     430.12,       0.00,     1618.6,     1618.6,     -0.706,     -0.000,      1.264,        0.0,        0.0,      468.6,      0.000,    263.248,      77396,     162280,    552.116,    -46.941,       0.16,       0.04,     120.65,       0.00,   -404.638
156,     431.22,     415497,     458.80,     458.80,       0.00,      -0.00,       7.55,     431.22,       0.00,     1609.8,     1609.8,     -0.690,     -0.000,      1.264,        0.0,        0.0,      493.1,      0.000,    272.368,      77129,     162894,    552.116,    -47.388,       0.15,       0.04,     120.67,       0.00,   -405.328
157,     432.28,     405480,     451.11,     451.11,       0.00,      -0.00,       7.69,     432.28,       0.00,     1600.7,     1600.7,     -0.673,     -0.000,      1.265,        0.0,        0.0,      516.6,      0.000,    280.840,      76873,     163337,    552.116,    -47.807,       0.14,       0.04,     120.68,       0.00,   -406.001
158,     433.29,     395458,     443.30,     443.30,       0.00,      -0.00,       7.81,     433.29,       0.00,     1591.5,     1591.5,     -0.657,     -0.000,      1.265,        0.0,        0.0,      540.0,      0.000,    289.094,      76629,     163719,    552.116,    -48.198,       0.13,       0.03,     120.69,       0.00,   -406.658
159,     434.25,     385451,     435.38,     435.38,       0.00,      -0.00,       7.92,     434.25,       0.00,     1582.2,     1582.2,     -0.640,     -0.000,      1.265,        0.0,        0.0,      564.4,      0.000,    297.474,      76397,     164130,    552.116,    -48.562,       0.12,       0.03,     120.70,       0.00,   -407.298
160,     435.17,     375465,     427.30,     427.30,       0.00,      -0.00,       8.09,     435.17,       0.00,     1572.6,     1572.6,     -0.624,     -0.000,      1.266,        0.0,        0.0,      590.9,      0.000,    307.878,      76179,     165117,    552.116,    -48.899,       0.11,       0.03,     120.71,       0.00,   -407.922
161,     436.05,     365445,     419.05,     419.05,       0.00,      -0.00,       8.24,     436.05,       0.00,     1562.9,     1562.9,     -0.607,     -0.000,      1.266,        0.0,        0.0,      617.4,      0.000,    318.465,      75976,     166221,    552.116,    -49.211,       0.10,       0.03,     120.72,       0.00,   -408.528
162,     436.88,     355403,     410.68,     410.68,       0.00,      -0.00,       8.37,     436.88,       0.00,     1552.9,     1552.9,     -0.590,     -0.000,      1.266,        0.0,        0.0,      643.6,      0.000,    328.865,      75789,     167324,    552.116,    -49.499,       0.09,       0.03,     120.73,       0.00,   -409.118
163,     437.67,     345362,     402.20,     402.20,       0.00,      -0.00,       8.48,     437.67,       0.00,     1542.7,     1542.7,     -0.573,     -0.000,      1.267,        0.0,        0.0,      669.4,      0.000,    339.087,      75620,     168397,    552.116,    -49.763,       0.09,       0.02,     120.74,       0.00,   -409.692
164,     438.41,     335347,     393.63,     393.63,       0.00,      -0.00,       8.57,     438.41,       0.00,     1532.4,     1532.4,     -0.556,     -0.000,      1.267,        0.0,        0.0,      695.2,      0.000,    349.320,      75470,     169461,    552.116,    -50.004,       0.08,       0.02,     120.74,       0.00,   -410.248
165,     439.11,     325376,     384.98,     384.98,       0.00,      -0.00,       8.65,     439.11,       0.00,     1521.8,     1521.8,     -0.539,     -0.000,      1.268,        0.0,        0.0,      721.5,      0.000,    359.799,      75343,     170567,    552.116,    -50.223,       0.07,       0.02,     120.75,       0.00,   -410.787
166,     439.76,     315458,     376.26,     376.26,       0.00,      -0.00,       8.72,     439.76,       0.00,     1511.0,     1511.0,     -0.523,     -0.000,      1.268,        0.0,        0.0,      748.0,      0.000,    370.461,      75240,     171686,    552.116,    -50.422,       0.06,       0.02,     120.76,       0.00,   -411.310
167,     440.37,     305608,     367.49,     367.49,       0.00,      -0.00,       8.77,     440.37,       0.00,     1500.0,     1500.0,     -0.506,     -0.000,      1.268,        0.0,        0.0,      774.5,      0.000,    381.242,      75163,     172789,    552.116,    -50.601,       0.06,       0.02,     120.77,       0.00,   -411.816
168,     440.93,     295842,     358.70,     358.70,       0.00,      -0.00,       8.79,     440.93,       0.00,     1488.9,     1488.9,     -0.489,     -0.000,      1.269,        0.0,        0.0,      800.4,      0.000,    391.906,      75115,     173941,    552.116,    -50.760,       0.05,       0.01,     120.77,       0.00,   -412.305
169,     441.44,     286179,     349.90,     349.90,       0.00,      -0.00,       8.81,     441.44,       0.00,     1477.6,     1477.6,     -0.473,     -0.000,      1.269,        0.0,        0.0,      826.2,      0.000,    402.731,      75098,     174958,    552.116,    -50.902,       0.05,       0.01,     120.78,       0.00,   -412.778
170,     441.92,     276636,     341.11,     341.11,       0.00,      -0.00,       8.78,     441.92,       0.00,     1466.1,     1466.1,     -0.457,     -0.000,      1.270,        0.0,        0.0,      852.0,      0.000,    412.809,      75115,     175562,    552.116,    -51.026,       0.04,       0.01,     120.78,       0.00,   -413.235
171,     442.34,     267243,     332.41,     332.41,       0.00,      -0.00,       8.70,     442.34,       0.00,     1454.6,     1454.6,     -0.441,     -0.000,      1.270,        0.0,        0.0,      877.1,      0.000,    420.879,      75170,     175428,    552.116,    -51.134,       0.04,       0.01,     120.79,       0.00,   -413.676
172,     442.73,     258054,     323.79,     323.79,       0.00,      -0.00,       8.62,     442.73,       0.00,     1442.9,     1442.9,     -0.425,     -0.000,      1.271,        0.0,        0.0,      902.2,      0.000,    428.970,      75265,     175316,    552.116,    -51.227,       0.03,       0.01,     120.79,       0.00,   -414.101
173,     443.06,     249074,     315.28,     315.28,       0.00,      -0.00,       8.52,     443.06,       0.00,     1431.2,     1431.2,     -0.410,     -0.000,      1.271,        0.0,        0.0,      927.3,      0.000,    437.107,      75402,     175397,    552.116,    -51.305,       0.03,       0.01,     120.80,       0.00,   -414.511
174,     443.36,     240307,     306.86,     306.86,       0.00,      -0.00,       8.41,     443.36,       0.00,     1419.4,     1419.4,     -0.395,     -0.000,      1.272,        0.0,        0.0,      952.5,      0.000,    445.323,      75586,     175772,    552.116,    -51.370,       0.03,       0.01,     120.80,       0.00,   -414.905
175,     443.60,     231757,     298.59,     298.59,       0.00,      -0.00,       8.27,     443.60,       0.00,     1407.6,     1407.6,     -0.380,     -0.000,      1.272,        0.0,        0.0,      977.6,      0.000,    445.333,      75817,     173767,    552.116,    -51.422,       0.02,       0.01,     120.80,       0.00,   -415.286
176,     443.81,     223454,     290.47,     290.47,       0.00,      -0.00,       8.12,     443.81,       0.00,     1395.8,     1395.8,     -0.366,     -0.000,      1.273,        0.0,        0.0,     1002.7,      0.000,    435.745,      76098,     168927,    552.116,    -51.463,       0.02,       0.01,     120.81,       0.00,   -415.652
177,     443.96,     215401,     282.51,     282.51,       0.00,      -0.00,       7.96,     443.96,       0.00,     1384.0,     1384.0,     -0.352,     -0.000,      1.273,        0.0,        0.0,     1027.8,      0.000,    425.769,      76430,     164250,    552.116,    -51.492,       0.02,       0.01,     120.81,       0.00,   -416.004
178,     444.08,     207604,     274.73,     274.73,       0.00,      -0.00,       7.79,     444.08,       0.00,     1372.2,     1372.2,     -0.339,     -0.000,      1.274,        0.0,        0.0,     1052.9,      0.000,    415.474,      76814,     159719,    552.116,    -51.510,       0.02,       0.00,     120.81,       0.00,   -416.343
179,     444.14,     200067,     267.13,     267.13,       0.00,      -0.00,       7.60,     444.14,       0.00,     1360.5,     1360.5,     -0.326,     -0.000,      1.274,        0.0,        0.0,     1077.2,      0.000,    404.921,      77251,     155342,    552.116,    -51.519,       0.01,       0.00,     120.81,       0.00,   -416.669
180,     444.16,     192799,     259.73,     259.73,       0.00,      -0.00,       7.40,     444.16,       0.00,     1348.8,     1348.8,     -0.313,     -0.000,      1.275,        0.0,        0.0,     1100.9,      0.000,    394.120,      77741,     151115,    552.116,    -51.519,       0.01,       0.00,     120.82,       0.00,   -416.982
181,     444.14,     185804,     252.54,     252.54,       0.00,      -0.00,       7.19,     444.14,       0.00,     1337.2,     1337.2,     -0.301,     -0.000,      1.275,        0.0,        0.0,     1124.6,      0.000,    383.020,      78282,     147027,    552.116,    -51.511,       0.01,       0.00,     120.82,       0.00,   -417.283
182,     444.08,     179084,     245.57,     245.57,       0.00,      -0.00,       6.96,     444.08,       0.00,     1325.8,     1325.8,     -0.290,     -0.000,      1.276,        0.0,        0.0,     1148.3,      0.000,    371.198,      78873,     142974,    552.116,    -51.495,       0.01,       0.00,     120.82,       0.00,   -417.573
183,     443.96,     172652,     238.84,     238.84,       0.00,      -0.00,       6.73,     443.96,       0.00,     1314.5,     1314.5,     -0.279,     -0.000,      1.276,        0.0,        0.0,     1172.0,      0.000,    359.001,      79509,     139101,    552.116,    -51.472,       0.01,       0.00,     120.82,       0.00,   -417.852
184,     443.81,     166509,     232.35,     232.35,       0.00,      -0.00,       6.50,     443.81,       0.00,     1303.3,     1303.3,     -0.268,     -0.000,      1.277,        0.0,        0.0,     1195.8,      0.000,    346.926,      80186,     135362,    552.116,    -51.442,       0.01,       0.00,     120.82,       0.00,   -418.121
185,     443.60,     160646,     226.10,     226.10,       0.00,      -0.00,       6.24,     443.60,       0.00,     1292.4,     1292.4,     -0.258,     -0.000,      1.277,        0.0,        0.0,     1216.1,      0.000,    334.304,      80902,     131899,    552.116,    -51.405,       0.01,       0.00,     120.82,       0.00,   -418.379
186,     443.36,     155078,     220.13,     220.13,       0.00,      -0.00,       5.98,     443.36,       0.00,     1281.6,     1281.6,     -0.249,     -0.000,      1.278,        0.0,        0.0,     1236.4,      0.000,    320.832,      81654,     128717,    552.116,    -51.364,       0.01,       0.00,     120.82,       0.00,   -418.628
187,     443.06,     149805,     214.43,     214.43,       0.00,      -0.00,       5.70,     443.06,       0.00,     1271.2,     1271.2,     -0.240,     -0.000,      1.279,        0.0,        0.0,     1256.7,      0.000,    306.330,      82435,     125835,    552.116,    -51.316,       0.00,       0.00,     120.82,       0.00,   -418.867
188,     442.73,     144832,     209.01,     209.01,       0.00,      -0.00,       5.42,     442.73,       0.00,     1261.0,     1261.0,     -0.231,     -0.000,      1.279,        0.0,        0.0,     1278.8,      0.000,    290.673,      83243,     123221,    552.116,    -51.264,       0.00,       0.00,     120.83,       0.00,   -419.098
189,     442.34,     140157,     203.90,     203.90,       0.00,      -0.00,       5.11,     442.34,       0.00,     1251.1,     1251.1,     -0.223,     -0.000,      1.280,        0.0,        0.0,     1301.1,      0.000,    273.510,      84070,     120789,    552.116,    -51.208,       0.00,       0.00,     120.83,       0.00,   -419.321
190,     441.92,     135799,     199.11,     199.11,       0.00,      -0.00,       4.79,     441.92,       0.00,     1241.7,     1241.7,     -0.215,     -0.000,      1.280,        0.0,        0.0,     1323.3,      0.000,    255.421,      84914,     118631,    552.116,    -51.147,       0.00,       0.00,     120.83,       0.00,   -419.537
191,     441.44,     131762,     194.65,     194.65,       0.00,      -0.00,       4.46,     441.44,       0.00,     1232.6,     1232.6,     -0.208,     -0.000,      1.281,        0.0,        0.0,     1344.2,      0.000,    236.683,      85769,     116731,    552.116,    -51.081,       0.00,       0.00,     120.83,       0.00,   -419.745
192,     440.93,     128051,     190.53,     190.53,       0.00,      -0.00,       4.12,     440.93,       0.00,     1224.1,     1224.1,     -0.202,     -0.000,      1.281,        0.0,        0.0,     1365.2,      0.000,    217.569,      86632,     115056,    552.116,    -51.012,       0.00,       0.00,     120.83,       0.00,   -419.947
193,     440.37,     124663,     186.76,     186.76,       0.00,      -0.00,       3.78,     440.37,       0.00,     1216.1,     1216.1,     -0.196,     -0.000,      1.281,        0.0,        0.0,     1385.9,      0.000,    198.377,      87500,     113580,    552.116,    -50.939,       0.00,       0.00,     120.83,       0.00,   -420.143
194,     439.76,     121595,     183.31,     183.31,       0.00,      -0.00,       3.45,     439.76,       0.00,     1208.6,     1208.6,     -0.191,     -0.000,      1.282,        0.0,        0.0,     1406.1,      0.000,    179.659,      88370,     112313,    552.116,    -50.863,       0.00,       0.00,     120.83,       0.00,   -420.334
195,     439.11,     118835,     180.19,     180.19,       0.00,      -0.00,       3.12,     439.11,       0.00,     1201.6,     1201.6,     -0.186,     -0.000,      1.282,        0.0,        0.0,     1426.4,      0.000,    161.619,      89239,     111179,    552.116,    -50.783,       0.00,       0.00,     120.83,       0.00,   -420.520
196,     438.41,     116369,     177.37,     177.37,       0.00,      -0.00,       2.82,     438.41,       0.00,     1195.3,     1195.3,     -0.181,     -0.000,      1.283,        0.0,        0.0,     1445.9,      0.000,    144.608,      90106,     110121,    552.116,    -50.699,       0.00,       0.00,     120.83,       0.00,   -420.701
197,     437.67,     114181,     174.84,     174.84,       0.00,      -0.00,       2.53,     437.67,       0.00,     1189.4,     1189.4,     -0.178,     -0.000,      1.283,        0.0,        0.0,     1464.8,      0.000,    128.966,      90968,     109118,    552.116,    -50.612,       0.00,       0.00,     120.83,       0.00,   -420.879
198,     436.88,     112251,     172.57,     172.57,       0.00,      -0.00,       2.27,     436.88,       0.00,     1184.1,     1184.1,     -0.174,     -0.000,      1.283,        0.0,        0.0,     1483.6,      0.000,    114.907,      91823,     108158,    552.116,    -50.521,       0.00,       0.00,     120.83,       0.00,   -421.053
199,     436.05,     110554,     170.53,     170.53,       0.00,      -0.00,       2.04,     436.05,       0.00,     1179.3,     1179.3,     -0.171,     -0.000,      1.284,        0.0,        0.0,     1502.4,      0.000,    102.557,      92671,     107234,    552.116,    -50.427,       0.00,       0.00,     120.83,       0.00,   -421.224
200,     435.17,     109063,     168.68,     168.68,       0.00,      -0.00,       1.84,     435.17,       0.00,     1174.9,     1174.9,     -0.168,     -0.000,      1.284,        0.0,        0.0,     1521.3,      0.000,     91.965,      93509,     106347,    552.116,    -50.329,       0.00,       0.00,     120.83,       0.00,   -421.392
201,     434.25,     107750,     167.01,     167.01,       0.00,      -0.00,       1.68,     434.25,       0.00,     1170.9,     1170.9,     -0.166,     -0.000,      1.284,        0.0,        0.0,     1540.1,      0.000,     83.117,      94336,     105493,    552.116,    -50.227,       0.00,       0.00,     120.83,       0.00,   -421.557
202,     433.29,     106588,     165.46,     165.46,       0.00,      -0.00,       1.54,     433.29,       0.00,     1167.2,     1167.2,     -0.163,     -0.000,      1.284,        0.0,        0.0,     1557.1,      0.000,     75.999,      95150,     104672,    552.116,    -50.122,       0.00,       0.00,     120.83,       0.00,   -421.721
203,     432.28,     105549,     164.02,     164.02,       0.00,      -0.00,       1.44,     432.28,       0.00,     1163.8,     1163.8,     -0.161,     -0.000,      1.285,        0.0,        0.0,     1573.9,      0.000,     70.475,      95952,     103878,    552.116,    -50.013,       0.00,       0.00,     120.83,       0.00,   -421.882
204,     431.22,     104609,     162.66,     162.66,       0.00,      -0.00,       1.36,     431.22,       0.00,     1160.7,     1160.7,     -0.159,     -0.000,      1.285,        0.0,        0.0,     1590.6,      0.000,     66.412,      96737,     103104,    552.116,    -49.900,       0.00,       0.00,     120.83,       0.00,   -422.041
205,     430.12,     103743,     161.34,     161.34,       0.00,      -0.00,       1.32,     430.12,       0.00,     1157.7,     1157.7,     -0.158,     -0.000,      1.285,        0.0,        0.0,     1607.4,      0.000,     63.671,      97507,     102341,    552.116,    -49.783,       0.00,       0.00,     120.83,       0.00,   -422.199
206,     428.98,     102929,     160.05,     160.05,       0.00,      -0.00,       1.29,     428.98,       0.00,     1154.8,     1154.8,     -0.156,     -0.000,      1.285,        0.0,        0.0,     1624.1,      0.000,     62.105,      98258,     101579,    552.116,    -49.663,       0.00,       0.00,     120.83,       0.00,   -422.355
207,     427.79,     102148,     158.77,     158.77,       0.00,      -0.00,       1.28,     427.79,       0.00,     1152.0,     1152.0,     -0.154,     -0.000,      1.285,        0.0,        0.0,     1640.4,      0.000,     61.559,      98990,     100805,    552.116,    -49.539,       0.00,       0.00,     120.83,       0.00,   -422.509
208,     426.55,     101383,     157.47,     157.47,       0.00,      -0.00,       1.30,     426.55,       0.00,     1149.2,     1149.2,     -0.153,     -0.000,      1.285,        0.0,        0.0,     1655.0,      0.000,     61.894,      99702,     100013,    552.116,    -49.412,       0.00,       0.00,     120.83,       0.00,   -422.662
209,     425.27,     100619,     156.15,     156.15,       0.00,      -0.00,       1.32,     425.27,       0.00,     1146.3,     1146.3,     -0.151,     -0.000,      1.286,        0.0,        0.0,     1669.7,      0.000,     62.954,     100393,      99189,    552.116,    -49.281,       0.00,       0.00,     120.83,       0.00,   -422.813
210,     423.95,      99845,     154.79,     154.79,       0.00,      -0.00,       1.36,     423.95,       0.00,     1143.5,     1143.5,     -0.149,     -0.000,      1.286,        0.0,        0.0,     1684.3,      0.000,     64.604,     101063,      98327,    552.116,    -49.147,       0.00,       0.00,     120.83,       0.00,   -422.962
211,     422.58,      99050,     153.38,     153.38,       0.00,      -0.00,       1.41,     422.58,       0.00,     1140.6,     1140.6,     -0.148,     -0.000,      1.286,        0.0,        0.0,     1699.0,      0.000,     66.878,     101711,      97450,    552.116,    -49.009,       0.00,       0.00,     120.83,       0.00,   -423.110
212,     421.17,      98222,     151.91,     151.91,       0.00,      -0.00,       1.47,     421.17,       0.00,     1137.6,     1137.6,     -0.146,     -0.000,      1.286,        0.0,        0.0,     1713.6,      0.000,     69.536,     102338,      96527,    552.116,    -48.868,       0.00,       0.00,     120.83,       0.00,   -423.256
213,     419.71,      97356,     150.38,     150.38,       0.00,      -0.00,       1.53,     419.71,       0.00,     1134.4,     1134.4,     -0.144,     -0.000,      1.286,        0.0,        0.0,     1726.7,      0.000,     72.458,     102944,      95551,    552.116,    -48.724,       0.00,       0.00,     120.83,       0.00,   -423.400
214,     418.21,      96448,     148.78,     148.78,       0.00,      -0.00,       1.60,     418.21,       0.00,     1131.2,     1131.2,     -0.142,     -0.000,      1.286,        0.0,        0.0,     1738.7,      0.000,     75.582,     103530,      94521,    552.116,    -48.577,       0.00,       0.00,     120.83,       0.00,   -423.542
215,     416.67,      95496,     147.11,     147.11,       0.00,      -0.00,       1.66,     416.67,       0.00,     1127.8,     1127.8,     -0.140,     -0.000,      1.287,        0.0,        0.0,     1750.8,      0.000,     78.852,     104098,      93439,    552.116,    -48.428,       0.00,       0.00,     120.83,       0.00,   -423.682
216,     415.08,      94496,     145.38,     145.38,       0.00,      -0.00,       1.73,     415.08,       0.00,     1124.2,     1124.2,     -0.138,     -0.000,      1.287,        0.0,        0.0,     1762.7,      0.000,     82.205,     104647,      92305,    552.116,    -48.276,       0.00,       0.00,     120.83,       0.00,   -423.821
217,     413.45,      93450,     143.58,     143.58,       0.00,      -0.00,       1.80,     413.45,       0.00,     1120.5,     1120.5,     -0.136,     -0.000,      1.287,        0.0,        0.0,     1774.6,      0.000,     85.590,     105178,      91122,    552.116,    -48.121,       0.00,       0.00,     120.83,       0.00,   -423.957
218,     411.77,      92356,     141.72,     141.72,       0.00,      -0.00,       1.86,     411.77,       0.00,     1116.7,     1116.7,     -0.134,     -0.000,      1.287,        0.0,        0.0,     1786.4,      0.000,     88.958,     105691,      89892,    552.116,    -47.964,       0.00,       0.00,     120.83,       0.00,   -424.091
219,     410.05,      91215,     139.80,     139.80,       0.00,      -0.00,       1.92,     410.05,       0.00,     1112.7,     1112.7,     -0.132,     -0.000,      1.288,        0.0,        0.0,     1797.8,      0.000,     92.264,     106188,      88619,    552.116,    -47.805,       0.00,       0.00,     120.83,       0.00,   -424.222
220,     408.29,      90031,     137.82,     137.82,       0.00,      -0.00,       1.98,     408.29,       0.00,     1108.5,     1108.5,     -0.129,     -0.000,      1.288,        0.0,        0.0,     1809.0,      0.000,     95.477,     106671,      87307,    552.116,    -47.644,       0.00,       0.00,     120.83,       0.00,   -424.352
221,     406.48,      88805,     135.78,     135.78,       0.00,      -0.00,       2.03,     406.48,       0.00,     1104.2,     1104.2,     -0.127,     -0.000,      1.288,        0.0,        0.0,     1820.1,      0.000,     98.563,     107139,      85962,    552.116,    -47.482,       0.00,       0.00,     120.83,       0.00,   -424.479
222,     404.63,      87540,     133.70,     133.70,       0.00,      -0.00,       2.08,     404.63,       0.00,     1099.7,     1099.7,     -0.125,     -0.000,      1.288,        0.0,        0.0,     1830.0,      0.000,    101.482,     107595,      84587,    552.116,    -47.318,       0.00,       0.00,     120.83,       0.00,   -424.603
223,     402.73,      86243,     131.58,     131.58,       0.00,      -0.00,       2.12,     402.73,       0.00,     1095.2,     1095.2,     -0.122,     -0.000,      1.289,        0.0,        0.0,     1839.8,      0.000,    104.216,     108038,      83191,    552.116,    -47.153,       0.00,       0.00,     120.83,       0.00,   -424.726
224,     400.80,      84916,     129.42,     129.42,       0.00,      -0.00,       2.16,     400.80,       0.00,     1090.4,     1090.4,     -0.120,     -0.000,      1.289,        0.0,        0.0,     1849.4,      0.000,    106.734,     108469,      81779,    552.116,    -46.987,       0.00,       0.00,     120.83,       0.00,   -424.845
225,     398.82,      83564,     127.23,     127.23,       0.00,      -0.00,       2.19,     398.82,       0.00,     1085.6,     1085.6,     -0.117,     -0.000,      1.289,        0.0,        0.0,     1857.8,      0.000,    108.992,     108889,      80356,    552.116,    -46.819,       0.00,       0.00,     120.83,       0.00,   -424.962
226,     396.79,      82194,     125.03,     125.03,       0.00,      -0.00,       2.21,     396.79,       0.00,     1080.6,     1080.6,     -0.115,     -0.000,      1.290,        0.0,        0.0,     1866.2,      0.000,    110.970,     109298,      78932,    552.116,    -46.651,       0.00,       0.00,     120.83,       0.00,   -425.077
227,     394.73,      80811,     122.81,     122.81,       0.00,      -0.00,       2.22,     394.73,       0.00,     1075.6,     1075.6,     -0.112,     -0.000,      1.290,        0.0,        0.0,     1874.3,      0.000,    112.626,     109698,      77515,    552.116,    -46.483,       0.00,       0.00,     120.83,       0.00,   -425.189
228,     392.62,      79420,     120.58,     120.58,       0.00,      -0.00,       2.22,     392.62,       0.00,     1070.5,     1070.5,     -0.110,     -0.000,      1.290,        0.0,        0.0,     1882.0,      0.000,    113.911,     110090,      76111,    552.116,    -46.314,       0.00,       0.00,     120.83,       0.00,   -425.299
229,     390.47,      78029,     118.36,     118.36,       0.00,      -0.00,       2.22,     390.47,       0.00,     1065.3,     1065.3,     -0.107,     -0.000,      1.291,        0.0,        0.0,     1889.7,      0.000,    114.786,     110474,      74730,    552.116,    -46.144,       0.00,       0.00,     120.83,       0.00,   -425.406
230,     388.28,      76644,     116.16,     116.16,       0.00,      -0.00,       2.21,     388.28,       0.00,     1060.0,     1060.0,     -0.104,     -0.000,      1.291,        0.0,        0.0,     1897.0,      0.000,    115.184,     110852,      73380,    552.116,    -45.975,       0.00,       0.00,     120.83,       0.00,   -425.510
231,     386.05,      75272,     113.97,     113.97,       0.00,      -0.00,       2.18,     386.05,       0.00,     1054.8,     1054.8,     -0.102,     -0.000,      1.292,        0.0,        0.0,     1904.0,      0.000,    115.046,     111223,      72072,    552.116,    -45.805,       0.00,       0.00,     120.83,       0.00,   -425.612
232,     383.77,      73922,     111.82,     111.82,       0.00,      -0.00,       2.15,     383.77,       0.00,     1049.5,     1049.5,     -0.099,     -0.000,      1.292,        0.0,        0.0,     1911.0,      0.000,    114.297,     111589,      70814,    552.116,    -45.636,       0.00,       0.00,     120.83,       0.00,   -425.711
233,     381.46,      72603,     109.72,     109.72,       0.00,      -0.00,       2.10,     381.46,       0.00,     1044.3,     1044.3,     -0.097,     -0.000,      1.292,        0.0,        0.0,     1917.0,      0.000,    112.829,     111950,      69619,    552.116,    -45.466,       0.00,       0.00,     120.83,       0.00,   -425.809
234,     379.10,      71325,     107.68,     107.68,       0.00,      -0.00,       2.04,     379.10,       0.00,     1039.2,     1039.2,     -0.095,     -0.000,      1.293,        0.0,        0.0,     1922.6,      0.000,    110.532,     112306,      68500,    552.116,    -45.296,       0.00,       0.00,     120.83,       0.00,   -425.903
235,     376.71,      70099,     105.71,     105.71,       0.00,      -0.00,       1.97,     376.71,       0.00,     1034.2,     1034.2,     -0.093,     -0.000,      1.293,        0.0,        0.0,     1928.2,      0.000,    107.282,     112657,      67471,    552.116,    -45.127,       0.00,       0.00,     120.83,       0.00,   -425.996
236,     374.27,      68939,     103.83,     103.83,       0.00,      -0.00,       1.87,     374.27,       0.00,     1029.3,     1029.3,     -0.090,     -0.000,      1.293,        0.0,        0.0,     1932.6,      0.000,    102.881,     113004,      66546,    552.116,    -44.958,       0.00,       0.00,     120.83,       0.00,   -426.086
237,     371.79,      67860,     102.07,     102.07,       0.00,      -0.00,       1.76,     371.79,       0.00,     1024.7,     1024.7,     -0.088,     -0.000,      1.294,        0.0,        0.0,     1936.8,      0.000,     97.138,     113346,      65745,    552.116,    -44.788,       0.00,       0.00,     120.83,       0.00,   -426.175
238,     369.28,      66881,     100.46,     100.46,       0.00,      -0.00,       1.62,     369.28,       0.00,     1020.4,     1020.4,     -0.087,     -0.000,      1.294,        0.0,        0.0,     1940.9,      0.000,     89.771,     113684,      65086,    552.116,    -44.619,       0.00,       0.00,     120.83,       0.00,   -426.261
239,     366.72,      66024,      99.01,      99.01,       0.00,      -0.00,       1.45,     366.72,       0.00,     1016.4,     1016.4,     -0.085,     -0.000,      1.294,        0.0,        0.0,     1944.4,      0.000,     80.510,     114018,      64586,    552.116,    -44.449,       0.00,       0.00,     120.83,       0.00,   -426.346
240,     364.13,      65317,      97.77,      97.77,       0.00,      -0.00,       1.24,     364.13,       0.00,     1012.9,     1012.9,     -0.083,     -0.000,      1.294,        0.0,        0.0,     1947.9,      0.000,     69.039,     114348,      64260,    552.116,    -44.278,       0.00,       0.00,     120.83,       0.00,   -426.430
241,     361.50,      64791,      96.78,      96.78,       0.00,      -0.00,       0.99,     361.50,       0.00,     1010.1,     1010.1,     -0.082,     -0.000,      1.295,        0.0,        0.0,     1951.0,      0.000,     54.964,     114674,      64121,    552.116,    -44.107,       0.00,       0.00,     120.83,       0.00,   -426.512
242,     358.83,      64487,      96.09,      96.09,       0.00,      -0.00,       0.68,     358.83,       0.00,     1008.0,     1008.0,     -0.081,     -0.000,      1.295,        0.0,        0.0,     1952.9,      0.000,     37.895,     114996,      64167,    552.116,    -43.933,       0.00,       0.00,     120.83,       0.00,   -426.593
243,     356.12,      64456,      95.78,      95.78,       0.00,      -0.00,       0.32,     356.12,       0.00,     1006.9,     1006.9,     -0.081,     -0.000,      1.295,        0.0,        0.0,     1954.8,      0.000,     17.408,     115315,      64388,    552.116,    -43.757,       0.00,       0.00,     120.83,       0.00,   -426.674
244,     353.38,      64758,      96.17,      96.17,       0.00,      -0.00,      -0.39,     353.38,       0.00,     1007.0,     1007.0,     -0.081,     -0.000,      1.295,        0.0,        0.0,     1956.6,      0.000,    -21.233,     115630,      64786,    552.116,    -43.579,       0.00,       0.00,     120.83,       0.00,   -426.755
245,     350.60,      65696,      96.89,      96.89,       0.00,      -0.00,      -0.72,     350.60,       0.00,     1009.3,     1009.3,     -0.082,     -0.000,      1.295,        0.0,        0.0,     1958.0,      0.000,    -38.862,     115941,      65793,    552.116,    -43.395,       0.00,       0.00,     120.83,       0.00,   -426.836
246,     347.78,      66954,      98.01,      98.01,       0.00,      -0.00,      -1.12,     347.78,       0.00,     1012.6,     1012.6,     -0.083,     -0.000,      1.295,        0.0,        0.0,     1959.4,      0.000,    -59.523,     116248,      67188,    552.116,    -43.205,       0.00,       0.00,     120.83,       0.00,   -426.919
247,     344.93,      68606,      99.54,      99.54,       0.00,      -0.00,      -1.53,     344.93,       0.00,     1017.2,     1017.2,     -0.084,     -0.000,      1.294,        0.0,        0.0,     1960.4,      0.000,    -79.705,     116552,      69037,    552.116,    -43.008,       0.00,       0.00,     120.83,       0.00,   -427.003
248,     342.04,      70673,     101.45,     101.45,       0.00,      -0.00,      -1.91,     342.04,       0.00,     1023.0,     1023.0,     -0.087,     -0.000,      1.294,        0.0,        0.0,     1960.4,      0.000,    -96.750,     116852,      71330,    552.116,    -42.803,       0.00,       0.00,     120.83,       0.00,   -427.090
249,     339.12,      73135,     103.68,     103.68,       0.00,      -0.00,      -2.23,     339.12,       0.00,     1029.9,     1029.9,     -0.089,     -0.000,      1.293,        0.0,        0.0,     1960.4,      0.000,   -110.266,     117148,      74022,    552.116,    -42.588,       0.00,       0.00,     120.83,       0.00,   -427.179
250,     336.17,      75967,     106.18,     106.18,       0.00,      -0.00,      -2.50,     336.17,       0.00,     1037.7,     1037.7,     -0.093,     -0.000,      1.293,        0.0,        0.0,     1959.6,      0.000,   -120.065,     117439,      77059,    552.116,    -42.362,       0.00,       0.00,     120.83,       0.00,   -427.272
251,     333.18,      79132,     108.88,     108.88,       0.00,      -0.00,      -2.70,     333.18,       0.00,     1046.2,     1046.2,     -0.096,     -0.000,      1.292,        0.0,        0.0,     1958.2,      0.000,   -125.950,     117727,      80377,    552.116,    -42.125,       0.00,       0.00,     120.83,       0.00,   -427.368
252,     330.16,      82581,     111.72,     111.72,       0.00,      -0.00,      -2.84,     330.16,       0.00,     1055.2,     1055.2,     -0.100,     -0.000,      1.291,        0.0,        0.0,     1956.8,      0.000,   -128.170,     118009,      83913,    552.116,    -41.874,       0.00,       0.00,     120.83,       0.00,   -427.468
253,     327.11,      86259,     114.62,     114.62,       0.00,      -0.00,      -2.90,     327.11,       0.00,     1064.5,     1064.5,     -0.104,     -0.000,      1.291,        0.0,        0.0,     1954.9,      0.000,   -127.221,     118287,      87612,    552.116,    -41.609,       0.00,       0.00,     120.83,       0.00,   -427.572
254,     324.03,      90113,     117.52,     117.52,       0.00,      -0.00,      -2.90,     324.03,       0.00,     1073.8,     1073.8,     -0.108,     -0.000,      1.290,        0.0,        0.0,     1952.8,      0.000,   -123.478,     118560,      91422,    552.116,    -41.330,       0.00,       0.00,     120.83,       0.00,   -427.680
255,     320.91,      94083,     120.36,     120.36,       0.00,      -0.00,      -2.84,     320.91,       0.00,     1083.1,     1083.1,     -0.113,     -0.000,      1.290,        0.0,        0.0,     1950.8,      0.000,   -117.492,     118827,      95298,    552.116,    -41.036,       0.00,       0.00,     120.83,       0.00,   -427.793
256,     317.77,      98113,     123.10,     123.10,       0.00,      -0.00,      -2.73,     317.77,       0.00,     1092.1,     1092.1,     -0.117,     -0.000,      1.289,        0.0,        0.0,     1947.4,      0.000,   -109.826,     119089,      99199,    552.116,    -40.726,       0.00,       0.00,     120.83,       0.00,   -427.909
257,     314.60,     102150,     125.68,     125.68,       0.00,      -0.00,      -2.58,     314.60,       0.00,     1100.7,     1100.7,     -0.121,     -0.000,      1.288,        0.0,        0.0,     1943.9,      0.000,   -101.006,     119346,     103089,    552.116,    -40.401,       0.00,       0.00,     120.83,       0.00,   -428.031
258,     311.40,     106149,     128.07,     128.07,       0.00,      -0.00,      -2.40,     311.40,       0.00,     1109.0,     1109.0,     -0.125,     -0.000,      1.288,        0.0,        0.0,     1940.4,      0.000,    -91.416,     119595,     106934,    552.116,    -40.059,       0.00,       0.00,     120.83,       0.00,   -428.156
259,     308.17,     110070,     130.26,     130.26,       0.00,      -0.00,      -2.18,     308.17,       0.00,     1116.7,     1116.7,     -0.129,     -0.000,      1.287,        0.0,        0.0,     1936.2,      0.000,    -81.383,     119839,     110704,    552.116,    -39.703,       0.00,       0.00,     120.83,       0.00,   -428.285
260,     304.91,     113876,     132.21,     132.21,       0.00,      -0.00,      -1.95,     304.91,       0.00,     1123.9,     1123.9,     -0.133,     -0.000,      1.287,        0.0,        0.0,     1932.0,      0.000,    -71.156,     120075,     114370,    552.116,    -39.330,       0.00,       0.00,     120.83,       0.00,   -428.418
261,     301.63,     117539,     133.92,     133.92,       0.00,      -0.00,      -1.71,     301.63,       0.00,     1130.5,     1130.5,     -0.137,     -0.000,      1.287,        0.0,        0.0,     1927.4,      0.000,    -60.947,     120304,     117908,    552.116,    -38.943,       0.00,       0.00,     120.83,       0.00,   -428.555
262,     298.33,     121034,     135.37,     135.37,       0.00,      -0.00,      -1.45,     298.33,       0.00,     1136.5,     1136.5,     -0.140,     -0.000,      1.286,        0.0,        0.0,     1921.8,      0.000,    -50.921,     120525,     121296,    552.116,    -38.542,       0.00,       0.00,     120.83,       0.00,   -428.695
263,     295.00,     124340,     136.56,     136.56,       0.00,      -0.00,      -1.19,     295.00,       0.00,     1142.0,     1142.0,     -0.143,     -0.000,      1.286,        0.0,        0.0,     1916.2,      0.000,    -41.218,     120737,     124514,    552.116,    -38.126,       0.00,       0.00,     120.83,       0.00,   -428.837
264,     291.65,     127444,     137.50,     137.50,       0.00,      -0.00,      -0.94,     291.65,       0.00,     1146.9,     1146.9,     -0.145,     -0.000,      1.286,        0.0,        0.0,     1910.3,      0.000,    -31.916,     120940,     127550,    552.116,    -37.698,       0.00,       0.00,     120.83,       0.00,   -428.983
265,     288.27,     130337,     138.19,     138.19,       0.00,      -0.00,      -0.69,     288.27,       0.00,     1151.2,     1151.2,     -0.148,     -0.000,      1.285,        0.0,        0.0,     1904.0,      0.000,    -23.080,     121133,     130394,    552.116,    -37.256,       0.00,       0.00,     120.83,       0.00,   -429.130
266,     284.87,     133014,     138.64,     138.64,       0.00,      -0.00,      -0.45,     284.87,       0.00,     1155.0,     1155.0,     -0.150,     -0.000,      1.285,        0.0,        0.0,     1897.8,      0.000,    -14.756,     121316,     133037,    552.116,    -36.803,       0.00,       0.00,     120.83,       0.00,   -429.280
267,     281.46,     135473,     138.85,     138.85,       0.00,      -0.00,      -0.22,     281.46,       0.00,     1158.3,     1158.3,     -0.151,     -0.000,      1.285,        0.0,        0.0,     1890.6,      0.000,     -7.101,     121488,     135478,    552.116,    -36.339,       0.00,       0.00,     120.83,       0.00,   -429.431
268,     278.02,     137721,     138.87,     138.87,       0.00,      -0.00,      -0.02,     278.02,       0.00,     1161.0,     1161.0,     -0.153,     -0.000,      1.285,        0.0,        0.0,     1882.9,      0.000,     -0.671,     121647,     137570,    552.116,    -35.864,       0.00,       0.00,     120.83,       0.00,   -429.584
269,     274.57,     139791,     138.67,     138.67,       0.00,      -0.00,       0.20,     274.57,       0.00,     1163.4,     1163.4,     -0.154,     -0.000,      1.285,        0.0,        0.0,     1875.2,      0.000,      6.218,     121793,     139773,    552.116,    -35.380,       0.00,       0.00,     120.83,       0.00,   -429.737
270,     271.09,     141636,     138.28,     138.28,       0.00,      -0.00,       0.39,     271.09,       0.00,     1165.3,     1165.3,     -0.155,     -0.000,      1.284,        0.0,        0.0,     1867.0,      0.000,     11.788,     121924,     141573,    552.116,    -34.887,       0.00,       0.00,     120.83,       0.00,   -429.892
271,     267.61,     143298,     137.72,     137.72,       0.00,      -0.00,       0.56,     267.61,       0.00,     1166.8,     1166.8,     -0.155,     -0.000,      1.284,        0.0,        0.0,     1858.8,      0.000,     16.933,     122041,     143166,    552.116,    -34.386,       0.00,       0.00,     120.83,       0.00,   -430.047
272,     264.10,     144785,     137.00,     137.00,       0.00,      -0.00,       0.72,     264.10,       0.00,     1168.0,     1168.0,     -0.155,     -0.000,      1.284,        0.0,        0.0,     1850.6,      0.000,     21.659,     122140,     144566,    552.116,    -33.878,       0.00,       0.00,     120.83,       0.00,   -430.202
273,     260.58,     146106,     136.13,     136.13,       0.00,      -0.00,       0.87,     260.58,       0.00,     1168.8,     1168.8,     -0.155,     -0.000,      1.284,        0.0,        0.0,     1841.2,      0.000,     25.987,     122221,     145786,    552.116,    -33.363,       0.00,       0.00,     120.83,       0.00,   -430.358
274,     257.05,     147272,     135.13,     135.13,       0.00,      -0.00,       1.00,     257.05,       0.00,     1169.3,     1169.3,     -0.155,     -0.000,      1.284,        0.0,        0.0,     1831.4,      0.000,     29.943,     122283,     146840,    552.116,    -32.842,       0.00,       0.00,     120.83,       0.00,   -430.513
275,     253.51,     148293,     134.01,     134.01,       0.00,      -0.00,       1.12,     253.51,       0.00,     1169.5,     1169.5,     -0.155,     -0.000,      1.284,        0.0,        0.0,     1821.6,      0.000,     33.546,     122323,     147744,    552.116,    -32.316,       0.00,       0.00,     120.83,       0.00,   -430.668
276,     249.96,     149180,     132.78,     132.78,       0.00,      -0.00,       1.23,     249.96,       0.00,     1169.5,     1169.5,     -0.155,     -0.000,      1.284,        0.0,        0.0,     1810.5,      0.000,     36.813,     122341,     148510,    552.116,    -31.785,       0.00,       0.00,     120.83,       0.00,   -430.823
277,     246.39,     149944,     131.46,     131.46,       0.00,      -0.00,       1.33,     246.39,       0.00,     1169.2,     1169.2,     -0.154,     -0.000,      1.284,        0.0,        0.0,     1799.4,      0.000,     39.762,     122334,     149153,    552.116,    -31.250,       0.00,       0.00,     120.83,       0.00,   -430.977
278,     242.82,     150597,     130.05,     130.05,       0.00,      -0.00,       1.41,     242.82,       0.00,     1168.7,     1168.7,     -0.153,     -0.000,      1.284,        0.0,        0.0,     1788.1,      0.000,     42.402,     122301,     149687,    552.116,    -30.711,       0.00,       0.00,     120.83,       0.00,   -431.130
279,     239.24,     151151,     128.56,     128.56,       0.00,      -0.00,       1.48,     239.24,       0.00,     1168.0,     1168.0,     -0.152,     -0.000,      1.284,        0.0,        0.0,     1776.2,      0.000,     44.741,     122239,     150125,    552.116,    -30.170,       0.00,       0.00,     120.83,       0.00,   -431.282
280,     235.66,     151618,     127.02,     127.02,       0.00,      -0.00,       1.55,     235.66,       0.00,     1167.2,     1167.2,     -0.151,     -0.000,      1.284,        0.0,        0.0,     1764.4,      0.000,     46.792,     122148,     150482,    552.116,    -29.626,       0.00,       0.00,     120.83,       0.00,   -431.434
281,     232.07,     152010,     125.42,     125.42,       0.00,      -0.00,       1.60,     232.07,       0.00,     1166.2,     1166.2,     -0.150,     -0.000,      1.284,        0.0,        0.0,     1752.0,      0.000,     48.561,     122024,     150772,    552.116,    -29.080,       0.00,       0.00,     120.83,       0.00,   -431.584
282,     228.47,     152339,     123.78,     123.78,       0.00,      -0.00,       1.64,     228.47,       0.00,     1165.1,     1165.1,     -0.149,     -0.000,      1.284,        0.0,        0.0,     1738.8,      0.000,     50.056,     121868,     151007,    552.116,    -28.532,       0.00,       0.00,     120.83,       0.00,   -431.733
283,     224.88,     152618,     122.11,     122.11,       0.00,      -0.00,       1.67,     224.88,       0.00,     1163.9,     1163.9,     -0.148,     -0.000,      1.285,        0.0,        0.0,     1725.5,      0.000,     51.294,     121676,     151203,    552.116,    -27.983,       0.00,       0.00,     120.83,       0.00,   -431.881
284,     221.28,     152860,     120.41,     120.41,       0.00,      -0.00,       1.69,     221.28,       0.00,     1162.6,     1162.6,     -0.147,     -0.000,      1.285,        0.0,        0.0,     1711.9,      0.000,     52.281,     121447,     151371,    552.116,    -27.434,       0.00,       0.00,     120.83,       0.00,   -432.028
285,     217.69,     153077,     118.71,     118.71,       0.00,      -0.00,       1.71,     217.69,       0.00,     1161.2,     1161.2,     -0.145,     -0.000,      1.285,        0.0,        0.0,     1698.0,      0.000,     53.028,     121181,     151525,    552.116,    -26.883,       0.00,       0.00,     120.83,       0.00,   -432.173
286,     214.09,     153281,     116.99,     116.99,       0.00,      -0.00,       1.71,     214.09,       0.00,     1159.8,     1159.8,     -0.144,     -0.000,      1.285,        0.0,        0.0,     1684.0,      0.000,     53.565,     120876,     151681,    552.116,    -26.333,       0.00,       0.00,     120.83,       0.00,   -432.317
287,     210.50,     153481,     115.28,     115.28,       0.00,      -0.00,       1.72,     210.50,       0.00,     1158.4,     1158.4,     -0.143,     -0.000,      1.285,        0.0,        0.0,     1669.1,      0.000,     53.992,     120531,     151879,    552.116,    -25.782,       0.00,       0.00,     120.83,       0.00,   -432.460
288,     206.91,     153684,     113.56,     113.56,       0.00,      -0.00,       1.71,     206.91,       0.00,     1157.0,     1157.0,     -0.141,     -0.000,      1.285,        0.0,        0.0,     1653.7,      0.000,     54.203,     120146,     152092,    552.116,    -25.231,       0.00,       0.00,     120.83,       0.00,   -432.601
289,     203.33,     153903,     111.86,     111.86,       0.00,      -0.00,       1.70,     203.33,       0.00,     1155.5,     1155.5,     -0.140,     -0.000,      1.285,        0.0,        0.0,     1638.4,      0.000,     54.211,     119722,     152331,    552.116,    -24.680,       0.00,       0.00,     120.83,       0.00,   -432.741
290,     199.76,     154146,     110.18,     110.18,       0.00,      -0.00,       1.68,     199.76,       0.00,     1154.1,     1154.1,     -0.139,     -0.000,      1.285,        0.0,        0.0,     1622.4,      0.000,     54.036,     119257,     152606,    552.116,    -24.130,       0.00,       0.00,     120.83,       0.00,   -432.880
291,     196.19,     154427,     108.51,     108.51,       0.00,      -0.00,       1.66,     196.19,       0.00,     1152.8,     1152.8,     -0.138,     -0.000,      1.285,        0.0,        0.0,     1606.3,      0.000,     53.694,     118754,     152925,    552.116,    -23.580,       0.00,       0.00,     120.83,       0.00,   -433.017
292,     192.64,     154753,     106.88,     106.88,       0.00,      -0.00,       1.64,     192.64,       0.00,     1151.4,     1151.4,     -0.136,     -0.000,      1.285,        0.0,        0.0,     1590.2,      0.000,     53.206,     118213,     153298,    552.116,    -23.030,       0.00,       0.00,     120.83,       0.00,   -433.153
293,     189.09,     155135,     105.27,     105.27,       0.00,      -0.00,       1.61,     189.09,       0.00,     1150.2,     1150.2,     -0.135,     -0.000,      1.285,        0.0,        0.0,     1572.7,      0.000,     52.593,     117636,     153732,    552.116,    -22.481,       0.00,       0.00,     120.83,       0.00,   -433.289
294,     185.56,     155582,     103.70,     103.70,       0.00,      -0.00,       1.57,     185.56,       0.00,     1149.0,     1149.0,     -0.134,     -0.000,      1.285,        0.0,        0.0,     1555.3,      0.000,     51.865,     117025,     154234,    552.116,    -21.933,       0.00,       0.00,     120.83,       0.00,   -433.423
295,     182.04,     156101,     102.16,     102.16,       0.00,      -0.00,       1.54,     182.04,       0.00,     1148.0,     1148.0,     -0.133,     -0.000,      1.285,        0.0,        0.0,     1537.4,      0.000,     51.066,     116382,     154811,    552.116,    -21.385,       0.00,       0.00,     120.83,       0.00,   -433.555
296,     178.54,     156699,     100.66,     100.66,       0.00,      -0.00,       1.50,     178.54,       0.00,     1147.0,     1147.0,     -0.132,     -0.000,      1.286,        0.0,        0.0,     1518.6,      0.000,     50.223,     115709,     155467,    552.116,    -20.837,       0.00,       0.00,     120.83,       0.00,   -433.687
297,     175.05,     157382,      99.19,      99.19,       0.00,      -0.00,       1.47,     175.05,       0.00,     1146.2,     1146.2,     -0.131,     -0.000,      1.286,        0.0,        0.0,     1499.8,      0.000,     49.367,     115010,     156206,    552.116,    -20.290,       0.00,       0.00,     120.83,       0.00,   -433.818
298,     171.58,     158152,      97.76,      97.76,       0.00,      -0.00,       1.43,     171.58,       0.00,     1145.5,     1145.5,     -0.130,     -0.000,      1.286,        0.0,        0.0,     1481.8,      0.000,     48.528,     114286,     157028,    552.116,    -19.743,       0.00,       0.00,     120.83,       0.00,   -433.949
299,     168.14,     159008,      96.36,      96.36,       0.00,      -0.00,       1.40,     168.14,       0.00,     1144.8,     1144.8,     -0.129,     -0.000,      1.286,        0.0,        0.0,     1464.6,      0.000,     47.733,     113539,     157930,    552.116,    -19.197,       0.00,       0.00,     120.83,       0.00,   -434.078
300,     164.71,     159946,      94.98,      94.98,       0.00,      -0.00,       1.37,     164.71,       0.00,     1144.3,     1144.3,     -0.129,     -0.000,      1.286,        0.0,        0.0,     1447.5,      0.000,     46.994,     112774,     158911,    552.116,    -18.650,       0.00,       0.00,     120.83,       0.00,   -434.207
301,     161.30,     160966,      93.64,      93.64,       0.00,      -0.00,       1.35,     161.30,       0.00,     1143.9,     1143.9,     -0.128,     -0.000,      1.286,        0.0,        0.0,     1429.2,      0.000,     46.374,     111994,     159967,    552.116,    -18.104,       0.00,       0.00,     120.83,       0.00,   -434.335
302,     157.92,     162064,      92.31,      92.31,       0.00,      -0.00,       1.32,     157.92,       0.00,     1143.5,     1143.5,     -0.127,     -0.000,      1.286,        0.0,        0.0,     1409.0,      0.000,     45.904,     111202,     161095,    552.116,    -17.558,       0.00,       0.00,     120.83,       0.00,   -434.462
303,     154.57,     163235,      91.01,      91.01,       0.00,      -0.00,       1.31,     154.57,       0.00,     1143.3,     1143.3,     -0.127,     -0.000,      1.286,        0.0,        0.0,     1388.7,      0.000,     45.615,     110401,     162288,    552.116,    -17.013,       0.00,       0.00,     120.83,       0.00,   -434.589
304,     151.24,     164469,      89.71,      89.71,       0.00,      -0.00,       1.29,     151.24,       0.00,     1143.1,     1143.1,     -0.126,     -0.000,      1.286,        0.0,        0.0,     1367.7,      0.000,     45.537,     109593,     163538,    552.116,    -16.467,       0.00,       0.00,     120.83,       0.00,   -434.715
305,     147.94,     165754,      88.42,      88.42,       0.00,      -0.00,       1.29,     147.94,       0.00,     1142.9,     1142.9,     -0.126,     -0.000,      1.286,        0.0,        0.0,     1346.1,      0.000,     45.680,     108782,     164831,    552.116,    -15.923,       0.00,       0.00,     120.83,       0.00,   -434.840
306,     144.67,     167076,      87.14,      87.14,       0.00,      -0.00,       1.29,     144.67,       0.00,     1142.8,     1142.8,     -0.125,     -0.000,      1.286,        0.0,        0.0,     1324.4,      0.000,     46.063,     107969,     166150,    552.116,    -15.379,       0.00,       0.00,     120.83,       0.00,   -434.966
307,     141.43,     168420,      85.84,      85.84,       0.00,      -0.00,       1.29,     141.43,       0.00,     1142.6,     1142.6,     -0.125,     -0.000,      1.286,        0.0,        0.0,     1302.3,      0.000,     46.684,     107158,     167482,    552.116,    -14.836,       0.00,       0.00,     120.83,       0.00,   -435.090
308,     138.22,     169769,      84.53,      84.53,       0.00,      -0.00,       1.31,     138.22,       0.00,     1142.4,     1142.4,     -0.124,     -0.000,      1.286,        0.0,        0.0,     1280.0,      0.000,     47.576,     106350,     168807,    552.116,    -14.294,       0.00,       0.00,     120.83,       0.00,   -435.214
309,     135.05,     171102,      83.21,      83.21,       0.00,      -0.00,       1.33,     135.05,       0.00,     1142.1,     1142.1,     -0.124,     -0.000,      1.286,        0.0,        0.0,     1257.6,      0.000,     48.726,     105548,     170105,    552.116,    -13.754,       0.00,       0.00,     120.83,       0.00,   -435.338
310,     131.91,     172399,      81.86,      81.86,       0.00,      -0.00,       1.35,     131.91,       0.00,     1141.8,     1141.8,     -0.123,     -0.000,      1.286,        0.0,        0.0,     1234.6,      0.000,     50.140,     104752,     171357,    552.116,    -13.216,       0.00,       0.00,     120.83,       0.00,   -435.461
311,     128.81,     173639,      80.48,      80.48,       0.00,      -0.00,       1.38,     128.81,       0.00,     1141.3,     1141.3,     -0.122,     -0.000,      1.286,        0.0,        0.0,     1211.6,      0.000,     51.822,     103966,     172540,    552.116,    -12.681,       0.00,       0.00,     120.83,       0.00,   -435.583
312,     125.74,     174799,      79.06,      79.06,       0.00,      -0.00,       1.41,     125.74,       0.00,     1140.7,     1140.7,     -0.122,     -0.000,      1.286,        0.0,        0.0,     1188.4,      0.000,     53.772,     103191,     173630,    552.116,    -12.149,       0.00,       0.00,     120.83,       0.00,   -435.705
313,     122.72,     175855,      77.61,      77.61,       0.00,      -0.00,       1.45,     122.72,       0.00,     1139.9,     1139.9,     -0.121,     -0.000,      1.286,        0.0,        0.0,     1164.0,      0.000,     55.997,     102430,     174604,    552.116,    -11.620,       0.00,       0.00,     120.83,       0.00,   -435.826
314,     119.73,     176786,      76.12,      76.12,       0.00,      -0.00,       1.49,     119.73,       0.00,     1138.8,     1138.8,     -0.120,     -0.000,      1.286,        0.0,        0.0,     1139.6,      0.000,     58.493,     101684,     175439,    552.116,    -11.096,       0.00,       0.00,     120.83,       0.00,   -435.946
315,     116.79,     177567,      74.58,      74.58,       0.00,      -0.00,       1.54,     116.79,       0.00,     1137.6,     1137.6,     -0.119,     -0.000,      1.286,        0.0,        0.0,     1114.9,      0.000,     61.263,     100954,     176111,    552.116,    -10.578,       0.00,       0.00,     120.83,       0.00,   -436.065
316,     113.89,     178173,      73.00,      73.00,       0.00,      -0.00,       1.58,     113.89,       0.00,     1136.0,     1136.0,     -0.118,     -0.000,      1.286,        0.0,        0.0,     1089.8,      0.000,     64.324,     100242,     176603,    552.116,    -10.065,       0.00,       0.00,     120.83,       0.00,   -436.182
317,     111.04,     178579,      71.37,      71.37,       0.00,      -0.00,       1.63,     111.04,       0.00,     1134.2,     1134.2,     -0.116,     -0.000,      1.286,        0.0,        0.0,     1064.7,      0.000,     67.556,      99547,     176885,    552.116,     -9.559,       0.00,       0.00,     120.83,       0.00,   -436.299
318,     108.23,     178768,      69.69,      69.69,       0.00,      -0.00,       1.68,     108.23,       0.00,     1132.0,     1132.0,     -0.115,     -0.000,      1.286,        0.0,        0.0,     1039.6,      0.000,     70.932,      98872,     176940,    552.116,     -9.061,       0.00,       0.00,     120.83,       0.00,   -436.414
319,     105.47,     178726,      67.97,      67.97,       0.00,      -0.00,       1.72,     105.47,       0.00,     1129.4,     1129.4,     -0.113,     -0.000,      1.287,        0.0,        0.0,     1014.5,      0.000,     74.436,      98216,     176755,    552.116,     -8.572,       0.00,       0.00,     120.83,       0.00,   -436.527
320,     102.75,     178441,      66.21,      66.21,       0.00,      -0.00,       1.76,     102.75,       0.00,     1126.5,     1126.5,     -0.112,     -0.000,      1.287,        0.0,        0.0,      989.3,      0.000,     78.042,      97579,     176319,    552.116,     -8.092,       0.00,       0.00,     120.83,       0.00,   -436.639
321,     100.09,     177905,      64.41,      64.41,       0.00,      -0.00,       1.80,     100.09,       0.00,     1123.3,     1123.3,     -0.110,     -0.000,      1.287,        0.0,        0.0,      963.7,      0.000,     81.702,      96964,     175611,    552.116,     -7.623,       0.00,       0.00,     120.83,       0.00,   -436.749
322,      97.48,     177076,      62.54,      62.54,       0.00,      -0.00,       1.88,      97.48,       0.00,     1119.6,     1119.6,     -0.108,     -0.000,      1.287,        0.0,        0.0,      937.9,      0.000,     85.176,      96368,     174556,    552.116,     -7.165,       0.00,       0.00,     120.83,       0.00,   -436.857
323,      94.92,     175830,      60.60,      60.60,       0.00,      -0.00,       1.93,      94.92,       0.00,     1115.3,     1115.3,     -0.106,     -0.000,      1.287,        0.0,        0.0,      912.1,      0.000,     88.247,      95793,     173096,    552.116,     -6.719,       0.00,       0.00,     120.83,       0.00,   -436.963
324,      92.41,     174183,      58.62,      58.62,       0.00,      -0.00,       1.98,      92.41,       0.00,     1110.4,     1110.4,     -0.103,     -0.000,      1.288,        0.0,        0.0,      885.7,      0.000,     90.900,      95237,     171249,    552.116,     -6.287,       0.00,       0.00,     120.83,       0.00,   -437.066
325,      89.96,     172159,      56.61,      56.61,       0.00,      -0.00,       2.01,      89.96,       0.00,     1104.9,     1104.9,     -0.100,     -0.000,      1.288,        0.0,        0.0,      859.2,      0.000,     93.124,      94701,     169043,    552.116,     -5.869,       0.00,       0.00,     120.83,       0.00,   -437.166
326,      87.56,     169782,      54.58,      54.58,       0.00,      -0.00,       2.03,      87.56,       0.00,     1098.9,     1098.9,     -0.098,     -0.000,      1.289,        0.0,        0.0,      832.9,      0.000,     94.819,      94184,     166493,    552.116,     -5.467,       0.00,       0.00,     120.83,       0.00,   -437.264
327,      85.22,     167095,      52.55,      52.55,       0.00,      -0.00,       2.03,      85.22,       0.00,     1092.4,     1092.4,     -0.095,     -0.000,      1.289,        0.0,        0.0,      809.5,      0.000,     95.993,      93685,     163638,    552.116,     -5.081,       0.00,       0.00,     120.83,       0.00,   -437.358
328,      82.93,     164138,      50.53,      50.53,       0.00,      -0.00,       2.02,      82.93,       0.00,     1085.4,     1085.4,     -0.091,     -0.000,      1.289,        0.0,        0.0,      786.0,      0.000,     96.673,      93204,     160537,    552.116,     -4.711,       0.00,       0.00,     120.83,       0.00,   -437.450
329,      80.71,     160955,      48.53,      48.53,       0.00,      -0.00,       2.00,      80.71,       0.00,     1078.1,     1078.1,     -0.088,     -0.000,      1.290,        0.0,        0.0,      762.5,      0.000,     96.852,      92740,     157233,    552.116,     -4.357,       0.00,       0.00,     120.83,       0.00,   -437.538
330,      78.54,     157588,      46.57,      46.57,       0.00,      -0.00,       1.96,      78.54,       0.00,     1070.4,     1070.4,     -0.085,     -0.000,      1.290,        0.0,        0.0,      736.0,      0.000,     96.462,      92292,     153754,    552.116,     -4.021,       0.00,       0.00,     120.83,       0.00,   -437.623
331,      76.44,     154092,      44.66,      44.66,       0.00,      -0.00,       1.91,      76.44,       0.00,     1062.4,     1062.4,     -0.082,     -0.000,      1.291,        0.0,        0.0,      709.5,      0.000,     95.591,      91859,     150165,    552.116,     -3.701,       0.00,       0.00,     120.83,       0.00,   -437.705
332,      74.40,     150510,      42.81,      42.81,       0.00,      -0.00,       1.85,      74.40,       0.00,     1054.2,     1054.2,     -0.079,     -0.000,      1.292,        0.0,        0.0,      683.1,      0.000,     94.261,      91441,     146511,    552.116,     -3.398,       0.00,       0.00,     120.83,       0.00,   -437.784
333,      72.41,     146885,      41.03,      41.03,       0.00,      -0.00,       1.78,      72.41,       0.00,     1045.9,     1045.9,     -0.076,     -0.000,      1.292,        0.0,        0.0,      657.3,      0.000,     92.500,      91037,     142837,    552.116,     -3.112,       0.00,       0.00,     120.83,       0.00,   -437.859
334,      70.50,     143256,      39.31,      39.31,       0.00,      -0.00,       1.71,      70.50,       0.00,     1037.4,     1037.4,     -0.072,     -0.000,      1.293,        0.0,        0.0,      631.5,      0.000,     90.343,      90646,     139177,    552.116,     -2.842,       0.00,       0.00,     120.83,       0.00,   -437.932
335,      68.65,     139660,      37.68,      37.68,       0.00,      -0.00,       1.63,      68.65,       0.00,     1028.9,     1028.9,     -0.069,     -0.000,      1.293,        0.0,        0.0,      605.4,      0.000,     87.829,      90267,     135560,    552.116,     -2.588,       0.00,       0.00,     120.83,       0.00,   -438.001
336,      66.86,     136128,      36.13,      36.13,       0.00,      -0.00,       1.55,      66.86,       0.00,     1020.4,     1020.4,     -0.067,     -0.000,      1.294,        0.0,        0.0,      578.9,      0.000,     84.989,      89900,     132015,    552.116,     -2.349,       0.00,       0.00,     120.83,       0.00,   -438.068
337,      65.14,     132690,      34.66,      34.66,       0.00,      -0.00,       1.47,      65.14,       0.00,     1011.9,     1011.9,     -0.064,     -0.000,      1.295,        0.0,        0.0,      552.4,      0.000,     81.968,      89543,     128591,    552.116,     -2.126,       0.00,       0.00,     120.83,       0.00,   -438.131
338,      63.49,     129357,      33.27,      33.27,       0.00,      -0.00,       1.39,      63.49,       0.00,     1003.6,     1003.6,     -0.061,     -0.000,      1.295,        0.0,        0.0,      526.3,      0.000,     78.750,      89195,     125300,    552.116,     -1.916,       0.00,       0.00,     120.83,       0.00,   -438.193
339,      61.90,     126145,      31.96,      31.96,       0.00,      -0.00,       1.30,      61.90,       0.00,      995.4,      995.4,     -0.059,     -0.000,      1.296,        0.0,        0.0,      500.5,      0.000,     75.320,      88857,     122140,    552.116,     -1.721,       0.00,       0.00,     120.83,       0.00,   -438.251
340,      60.38,     123071,      30.74,      30.74,       0.00,      -0.00,       1.22,      60.38,       0.00,      987.3,      987.3,     -0.056,     -0.000,      1.296,        0.0,        0.0,      474.7,      0.000,     71.711,      88528,     119120,    552.116,     -1.538,       0.00,       0.00,     120.83,       0.00,   -438.308
341,      58.94,     118782,      28.45,      28.45,       0.00,      -0.00,       2.29,       0.00,       0.00,      536.4,      896.1,     -0.014,     -0.048,      1.321,        0.0,        0.0,      448.9,      0.000,     73.653,      88207,     117860,    552.116,     -1.370,       0.00,       0.00,     120.83,       0.00,   -438.369
342,      57.56,     114318,      27.08,      27.08,       0.00,      -0.00,       1.38,       0.00,       0.00,      896.1,      885.1,     -0.046,     -0.045,      1.276,        0.0,        0.0,      423.0,      0.000,     75.133,      87893,     116425,    552.116,     -1.217,       0.00,       0.00,     120.83,       0.00,   -438.459
343,      56.25,     110461,      25.89,      25.89,       0.00,      -0.00,       1.18,       0.00,       0.00,      885.1,      874.0,     -0.043,     -0.042,      1.277,        0.0,        0.0,      397.2,      0.000,     65.963,      87588,     112371,    552.116,     -1.077,       0.00,       0.00,     120.83,       0.00,   -438.545
344,      55.02,     107238,      24.87,      24.87,       0.00,      -0.00,       1.03,       0.00,       0.00,      874.0,      864.1,     -0.041,     -0.040,      1.278,        0.0,        0.3,      372.1,     -0.097,     58.329,      87318,     108922,    552.116,     -0.948,       0.00,       0.00,     120.83,       0.00,   -438.626
345,      53.85,     104478,      23.96,      23.96,       0.00,      -0.01,       0.90,       0.00,       0.00,      864.1,      855.1,     -0.039,     -0.038,      1.279,        0.0,        1.9,      347.0,     -0.515,     51.865,      87139,     105940,    552.116,     -0.830,       0.00,       0.00,     120.83,       0.00,   -438.703
346,      52.76,     102093,      23.16,      23.16,       0.00,      -0.01,       0.79,       0.00,       0.00,      855.1,      847.0,     -0.037,     -0.037,      1.280,        0.0,        3.5,      322.1,     -0.868,     46.197,      86954,     103324,    552.116,     -0.722,       0.00,       0.00,     120.83,       0.00,   -438.777
347,      51.75,     100001,      22.45,      22.45,       0.00,      -0.02,       0.69,       0.00,       0.00,      847.0,      839.4,     -0.036,     -0.035,      1.280,        0.0,        5.4,      299.1,     -1.245,     41.204,      86798,     101036,    552.116,     -0.624,       0.00,       0.00,     120.83,       0.00,   -438.849
348,      50.80,      98179,      21.82,      21.82,       0.00,      -0.03,       0.60,       0.00,       0.00,      839.4,      832.4,     -0.035,     -0.034,      1.281,        0.0,        7.7,      276.1,     -1.672,     36.327,      86660,      98947,    552.116,     -0.535,       0.00,       0.00,     120.83,       0.00,   -438.917
349,      49.93,      96590,      21.27,      21.27,       0.00,      -0.03,       0.52,       0.00,       0.00,      832.4,      825.8,     -0.033,     -0.033,      1.282,        0.0,       10.1,      253.8,     -2.042,     31.825,      86515,      97100,    552.116,     -0.455,       0.00,       0.00,     120.83,       0.00,   -438.983
350,      49.13,      95177,      20.78,      20.78,       0.00,      -0.04,       0.45,       0.00,       0.00,      825.8,      819.7,     -0.032,     -0.032,      1.283,        0.0,       12.9,      232.8,     -2.452,     27.771,      86389,      95491,    552.116,     -0.382,       0.00,       0.00,     120.83,       0.00,   -439.048
351,      48.41,      93912,      20.35,      20.35,       0.00,      -0.04,       0.39,       0.00,       0.00,      819.7,      813.8,     -0.031,     -0.031,      1.283,        0.0,       16.1,      211.9,     -2.852,     23.986,      86262,      94053,    552.116,     -0.318,       0.00,       0.00,     120.83,       0.00,   -439.110
352,      47.77,      92762,      19.97,      19.97,       0.00,      -0.05,       0.33,       0.00,       0.00,      813.8,      808.2,     -0.030,     -0.030,      1.284,        0.0,       19.2,      192.4,     -3.185,     20.552,      86124,      92784,    552.116,     -0.262,       0.00,       0.00,     120.83,       0.00,   -439.170
353,      47.19,      91674,      19.63,      19.63,       0.00,      -0.06,       0.28,       0.00,       0.00,      808.2,      802.7,     -0.030,     -0.029,      1.285,        0.0,       23.9,      174.3,     -3.686,     17.422,      86034,      91652,    552.116,     -0.213,       0.00,       0.00,     120.83,       0.00,   -439.229
354,      46.70,      90641,      19.34,      19.34,       0.00,      -0.07,       0.23,       0.00,       0.00,      802.7,      797.3,     -0.029,     -0.029,      1.285,        0.0,       28.9,      156.2,     -4.116,     14.436,      85927,      90607,    552.116,     -0.171,       0.00,       0.00,     120.83,       0.00,   -439.287
355,      46.28,      89638,      19.08,      19.08,       0.00,      -0.07,       0.19,       0.00,       0.00,      797.3,      791.9,     -0.028,     -0.028,      1.286,        0.0,       34.0,      141.5,     -4.419,     11.809,      85796,      89681,    552.116,     -0.137,       0.00,       0.00,     120.83,       0.00,   -439.343
356,      45.93,      88627,      18.85,      18.85,       0.00,      -0.08,       0.15,       0.00,       0.00,      791.9,      786.5,     -0.027,     -0.027,      1.286,        0.0,       41.8,      128.1,     -4.881,      9.360,      85710,      88822,    552.116,     -0.110,       0.00,       0.00,     120.83,       0.00,   -439.397
357,      45.67,      87626,      18.66,      18.66,       0.00,      -0.08,       0.11,       0.00,       0.00,      786.5,      781.1,     -0.027,     -0.027,      1.287,        0.0,       50.4,      114.8,     -5.158,      6.947,      85571,      87987,    552.116,     -0.090,       0.00,       0.00,     120.83,       0.00,   -439.451
358,      45.48,      86664,      18.50,      18.50,       0.00,      -0.08,       0.07,       0.00,       0.00,      781.1,      775.7,     -0.026,     -0.026,      1.288,        0.0,       59.1,      102.8,     -5.107,      4.621,      85355,      87181,    552.116,     -0.077,       0.00,       0.00,     120.83,       0.00,   -439.503
359,      45.36,      85765,      18.39,      18.39,       0.00,      -0.08,       0.04,       0.00,       0.00,      775.7,      770.5,     -0.026,     -0.025,      1.288,        0.0,       70.8,       91.7,     -4.871,      2.281,      85085,      86373,    552.116,     -0.070,       0.00,       0.00,     120.83,       0.00,   -439.554
360,      45.32,      84975,      18.32,      18.32,       0.00,      -0.07,      -0.00,       0.00,       0.00,      770.5,      765.6,     -0.025,     -0.025,      1.289,        0.0,       82.6,       80.5,     -4.159,      0.000,      84679,      85434,    552.116,     -0.070,       0.00,       0.00,     120.83,       0.00,   -439.604
