CA, Vcyl, PCyl, mcyl, mb, mu, min, mout, Vb, Vu, Tb, Tu, Qb, Qu, Gamma, xb, IV A, EV A, IV V, EV V, IV P, EV P, WWork, PWork, CO, NO, CO2, HC, htLoss
-359,       0.00,          0,       0.00,       0.00,       0.00,       0.00,       0.00,       0.00,       0.00,        0.0,        0.0,      0.000,      0.000,      0.000,        0.0,        0.0,        0.0,      0.000,      0.000,          0,          0,      0.000,      0.000,       0.00,       0.00,       0.00,       0.00,          0
-358,       0.00,          0,       0.00,       0.00,       0.00,       0.00,       0.00,       0.00,       0.00,        0.0,        0.0,      0.000,      0.000,      0.000,        0.0,        0.0,        0.0,      0.000,      0.000,          0,          0,      0.000,      0.000,       0.00,       0.00,       0.00,       0.00,          0
-357,       0.00,          0,       0.00,       0.00,       0.00,       0.00,       0.00,       0.00,       0.00,        0.0,        0.0,      0.000,      0.000,      0.000,        0.0,        0.0,        0.0,      0.000,      0.000,          0,          0,      0.000,      0.000,       0.00,       0.00,       0.00,       0.00,          0
-356,       0.00,          0,       0.00,       0.00,       0.00,       0.00,       0.00,       0.00,       0.00,        0.0,        0.0,      0.000,      0.000,      0.000,        0.0,        0.0,        0.0,      0.000,      0.000,          0,          0,      0.000,      0.000,       0.00,       0.00,       0.00,       0.00,          0
-355,       0.00,          0,       0.00,       0.00,       0.00,       0.00,       0.00,       0.00,       0.00,        0.0,        0.0,      0.000,      0.000,      0.000,        0.0,        0.0,        0.0,      0.000,      0.000,          0,          0,      0.000,      0.000,       0.00,       0.00,       0.00,       0.00,          0
-354,       0.00,          0,       0.00,       0.00,       0.00,       0.00,       0.00,       0.00,       0.00,        0.0,        0.0,      0.000,      0.000,      0.000,        0.0,        0.0,        0.0,      0.000,      0.000,          0,          0,      0.000,      0.000,       0.00,       0.00,       0.00,       0.00,          0
-353,       0.00,          0,       0.00,       0.00,       0.00,       0.00,       0.00,       0.00,       0.00,        0.0,        0.0,      0.000,      0.000,      0.000,        0.0,        0.0,        0.0,      0.000,      0.000,          0,          0,      0.000,      0.000,       0.00,       0.00,       0.00,       0.00,          0
-352,       0.00,          0,       0.00,       0.00,       0.00,       0.00,       0.00,       0.00,       0.00,        0.0,        0.0,      0.000,      0.000,      0.000,        0.0,        0.0,        0.0,      0.000,      0.000,          0,          0,      0.000,      0.000,       0.00,       0.00,       0.00,       0.00,          0
-351,       0.00,          0,       0.00,       0.00,       0.00,       0.00,       0.00,       0.00,       0.00,        0.0,        0.0,      0.000,      0.000,      0.000,        0.0,        0.0,        0.0,      0.000,      0.000,          0,          0,      0.000,      0.000,       0.00,       0.00,       0.00,       0.00,          0
-350,       0.00,          0,       0.00,       0.00,       0.00,       0.00,       0.00,       0.00,       0.00,        0.0,        0.0,      0.000,      0.000,      0.000,        0.0,        0.0,        0.0,      0.000,      0.000,          0,          0,      0.000,      0.000,       0.00,       0.00,       0.00,       0.00,          0
-349,       0.00,          0,       0.00,       0.00,       0.00,       0.00,       0.00,       0.00,       0.00,        0.0,        0.0,      0.000,      0.000,      0.000,        0.0,        0.0,        0.0,      0.000,      0.000,          0,          0,      0.000,      0.000,       0.00,       0.00,       0.00,       0.00,          0
-348,       0.00,          0,       0.00,       0.00,       0.00,       0.00,       0.00,       0.00,       0.00,        0.0,        0.0,      0.000,      0.000,      0.000,        0.0,        0.0,        0.0,      0.000,      0.000,          0,          0,      0.000,      0.000,       0.00,       0.00,       0.00,       0.00,          0
-347,       0.00,          0,       0.00,       0.00,       0.00,       0.00,       0.00,       0.00,       0.00,        0.0,        0.0,      0.000,      0.000,      0.000,        0.0,        0.0,        0.0,      0.000,      0.000,          0,          0,      0.000,      0.000,       0.00,       0.00,       0.00,       0.00,          0
-346,       0.00,          0,       0.00,       0.00,       0.00,       0.00,       0.00,       0.00,       0.00,        0.0,        0.0,      0.000,      0.000,      0.000,        0.0,        0.0,        0.0,      0.000,      0.000,          0,          0,      0.000,      0.000,       0.00,       0.00,       0.00,       0.00,          0
-345,       0.00,          0,       0.00,       0.00,       0.00,       0.00,       0.00,       0.00,       0.00,        0.0,        0.0,      0.000,      0.000,      0.000,        0.0,        0.0,        0.0,      0.000,      0.000,          0,          0,      0.000,      0.000,       0.00,       0.00,       0.00,       0.00,          0
-344,       0.00,          0,       0.00,       0.00,       0.00,       0.00,       0.00,       0.00,       0.00,        0.0,        0.0,      0.000,      0.000,      0.000,        0.0,        0.0,        0.0,      0.000,      0.000,          0,          0,      0.000,      0.000,       0.00,       0.00,       0.00,       0.00,          0
-343,       0.00,          0,       0.00,       0.00,       0.00,       0.00,       0.00,       0.00,       0.00,        0.0,        0.0,      0.000,      0.000,      0.000,        0.0,        0.0,        0.0,      0.000,      0.000,          0,          0,      0.000,      0.000,       0.00,       0.00,       0.00,       0.00,          0
-342,       0.00,          0,       0.00,       0.00,       0.00,       0.00,       0.00,       0.00,       0.00,        0.0,        0.0,      0.000,      0.000,      0.000,        0.0,        0.0,        0.0,      0.000,      0.000,          0,          0,      0.000,      0.000,       0.00,       0.00,       0.00,       0.00,          0
-341,       0.00,          0,       0.00,       0.00,       0.00,       0.00,       0.00,       0.00,       0.00,        0.0,        0.0,      0.000,      0.000,      0.000,        0.0,        0.0,        0.0,      0.000,      0.000,          0,          0,      0.000,      0.000,       0.00,       0.00,       0.00,       0.00,          0
-340,       0.00,          0,       0.00,       0.00,       0.00,       0.00,       0.00,       0.00,       0.00,        0.0,        0.0,      0.000,      0.000,      0.000,        0.0,        0.0,        0.0,      0.000,      0.000,          0,          0,      0.000,      0.000,       0.00,       0.00,       0.00,       0.00,          0
-339,       0.00,          0,       0.00,       0.00,       0.00,       0.00,       0.00,       0.00,       0.00,        0.0,        0.0,      0.000,      0.000,      0.000,        0.0,        0.0,        0.0,      0.000,      0.000,          0,          0,      0.000,      0.000,       0.00,       0.00,       0.00,       0.00,          0
-338,       0.00,          0,       0.00,       0.00,       0.00,       0.00,       0.00,       0.00,       0.00,        0.0,        0.0,      0.000,      0.000,      0.000,        0.0,        0.0,        0.0,      0.000,      0.000,          0,          0,      0.000,      0.000,       0.00,       0.00,       0.00,       0.00,          0
-337,       0.00,          0,       0.00,       0.00,       0.00,       0.00,       0.00,       0.00,       0.00,        0.0,        0.0,      0.000,      0.000,      0.000,        0.0,        0.0,        0.0,      0.000,      0.000,          0,          0,      0.000,      0.000,       0.00,       0.00,       0.00,       0.00,          0
-336,       0.00,          0,       0.00,       0.00,       0.00,       0.00,       0.00,       0.00,       0.00,        0.0,        0.0,      0.000,      0.000,      0.000,        0.0,        0.0,        0.0,      0.000,      0.000,          0,          0,      0.000,      0.000,       0.00,       0.00,       0.00,       0.00,          0
-335,       0.00,          0,       0.00,       0.00,       0.00,       0.00,       0.00,       0.00,       0.00,        0.0,        0.0,      0.000,      0.000,      0.000,        0.0,        0.0,        0.0,      0.000,      0.000,          0,          0,      0.000,      0.000,       0.00,       0.00,       0.00,       0.00,          0
-334,       0.00,          0,       0.00,       0.00,       0.00,       0.00,       0.00,       0.00,       0.00,        0.0,        0.0,      0.000,      0.000,      0.000,        0.0,        0.0,        0.0,      0.000,      0.000,          0,          0,      0.000,      0.000,       0.00,       0.00,       0.00,       0.00,          0
-333,       0.00,          0,       0.00,       0.00,       0.00,       0.00,       0.00,       0.00,       0.00,        0.0,        0.0,      0.000,      0.000,      0.000,        0.0,        0.0,        0.0,      0.000,      0.000,          0,          0,      0.000,      0.000,       0.00,       0.00,       0.00,       0.00,          0
-332,       0.00,          0,       0.00,       0.00,       0.00,       0.00,       0.00,       0.00,       0.00,        0.0,        0.0,      0.000,      0.000,      0.000,        0.0,        0.0,        0.0,      0.000,      0.000,          0,          0,      0.000,      0.000,       0.00,       0.00,       0.00,       0.00,          0
-331,       0.00,          0,       0.00,       0.00,       0.00,       0.00,       0.00,       0.00,       0.00,        0.0,        0.0,      0.000,      0.000,      0.000,        0.0,        0.0,        0.0,      0.000,      0.000,          0,          0,      0.000,      0.000,       0.00,       0.00,       0.00,       0.00,          0
-330,       0.00,          0,       0.00,       0.00,       0.00,       0.00,       0.00,       0.00,       0.00,        0.0,        0.0,      0.000,      0.000,      0.000,        0.0,        0.0,        0.0,      0.000,      0.000,          0,          0,      0.000,      0.000,       0.00,       0.00,       0.00,       0.00,          0
-329,       0.00,          0,       0.00,       0.00,       0.00,       0.00,       0.00,       0.00,       0.00,        0.0,        0.0,      0.000,      0.000,      0.000,        0.0,        0.0,        0.0,      0.000,      0.000,          0,          0,      0.000,      0.000,       0.00,       0.00,       0.00,       0.00,          0
-328,       0.00,          0,       0.00,       0.00,       0.00,       0.00,       0.00,       0.00,       0.00,        0.0,        0.0,      0.000,      0.000,      0.000,        0.0,        0.0,        0.0,      0.000,      0.000,          0,          0,      0.000,      0.000,       0.00,       0.00,       0.00,       0.00,          0
-327,       0.00,          0,       0.00,       0.00,       0.00,       0.00,       0.00,       0.00,       0.00,        0.0,        0.0,      0.000,      0.000,      0.000,        0.0,        0.0,        0.0,      0.000,      0.000,          0,          0,      0.000,      0.000,       0.00,       0.00,       0.00,       0.00,          0
-326,       0.00,          0,       0.00,       0.00,       0.00,       0.00,       0.00,       0.00,       0.00,        0.0,        0.0,      0.000,      0.000,      0.000,        0.0,        0.0,        0.0,      0.000,      0.000,          0,          0,      0.000,      0.000,       0.00,       0.00,       0.00,       0.00,          0
-325,       0.00,          0,       0.00,       0.00,       0.00,       0.00,       0.00,       0.00,       0.00,        0.0,        0.0,      0.000,      0.000,      0.000,        0.0,        0.0,        0.0,      0.000,      0.000,          0,          0,      0.000,      0.000,       0.00,       0.00,       0.00,       0.00,          0
-324,       0.00,          0,       0.00,       0.00,       0.00,       0.00,       0.00,       0.00,       0.00,        0.0,        0.0,      0.000,      0.000,      0.000,        0.0,        0.0,        0.0,      0.000,      0.000,          0,          0,      0.000,      0.000,       0.00,       0.00,       0.00,       0.00,          0
-323,       0.00,          0,       0.00,       0.00,       0.00,       0.00,       0.00,       0.00,       0.00,        0.0,        0.0,      0.000,      0.000,      0.000,        0.0,        0.0,        0.0,      0.000,      0.000,          0,          0,      0.000,      0.000,       0.00,       0.00,       0.00,       0.00,          0
-322,       0.00,          0,       0.00,       0.00,       0.00,       0.00,       0.00,       0.00,       0.00,        0.0,        0.0,      0.000,      0.000,      0.000,        0.0,        0.0,        0.0,      0.000,      0.000,          0,          0,      0.000,      0.000,       0.00,       0.00,       0.00,       0.00,          0
-321,       0.00,          0,       0.00,       0.00,       0.00,       0.00,       0.00,       0.00,       0.00,        0.0,        0.0,      0.000,      0.000,      0.000,        0.0,        0.0,        0.0,      0.000,      0.000,          0,          0,      0.000,      0.000,       0.00,       0.00,       0.00,       0.00,          0
-320,       0.00,          0,       0.00,       0.00,       0.00,       0.00,       0.00,       0.00,       0.00,        0.0,        0.0,      0.000,      0.000,      0.000,        0.0,        0.0,        0.0,      0.000,      0.000,          0,          0,      0.000,      0.000,       0.00,       0.00,       0.00,       0.00,          0
-319,       0.00,          0,       0.00,       0.00,       0.00,       0.00,       0.00,       0.00,       0.00,        0.0,        0.0,      0.000,      0.000,      0.000,        0.0,        0.0,        0.0,      0.000,      0.000,          0,          0,      0.000,      0.000,       0.00,       0.00,       0.00,       0.00,          0
-318,       0.00,          0,       0.00,       0.00,       0.00,       0.00,       0.00,       0.00,       0.00,        0.0,        0.0,      0.000,      0.000,      0.000,        0.0,        0.0,        0.0,      0.000,      0.000,          0,          0,      0.000,      0.000,       0.00,       0.00,       0.00,       0.00,          0
-317,       0.00,          0,       0.00,       0.00,       0.00,       0.00,       0.00,       0.00,       0.00,        0.0,        0.0,      0.000,      0.000,      0.000,        0.0,        0.0,        0.0,      0.000,      0.000,          0,          0,      0.000,      0.000,       0.00,       0.00,       0.00,       0.00,          0
-316,       0.00,          0,       0.00,       0.00,       0.00,       0.00,       0.00,       0.00,       0.00,        0.0,        0.0,      0.000,      0.000,      0.000,        0.0,        0.0,        0.0,      0.000,      0.000,          0,          0,      0.000,      0.000,       0.00,       0.00,       0.00,       0.00,          0
-315,       0.00,          0,       0.00,       0.00,       0.00,       0.00,       0.00,       0.00,       0.00,        0.0,        0.0,      0.000,      0.000,      0.000,        0.0,        0.0,        0.0,      0.000,      0.000,          0,          0,      0.000,      0.000,       0.00,       0.00,       0.00,       0.00,          0
-314,       0.00,          0,       0.00,       0.00,       0.00,       0.00,       0.00,       0.00,       0.00,        0.0,        0.0,      0.000,      0.000,      0.000,        0.0,        0.0,        0.0,      0.000,      0.000,          0,          0,      0.000,      0.000,       0.00,       0.00,       0.00,       0.00,          0
-313,       0.00,          0,       0.00,       0.00,       0.00,       0.00,       0.00,       0.00,       0.00,        0.0,        0.0,      0.000,      0.000,      0.000,        0.0,        0.0,        0.0,      0.000,      0.000,          0,          0,      0.000,      0.000,       0.00,       0.00,       0.00,       0.00,          0
-312,       0.00,          0,       0.00,       0.00,       0.00,       0.00,       0.00,       0.00,       0.00,        0.0,        0.0,      0.000,      0.000,      0.000,        0.0,        0.0,        0.0,      0.000,      0.000,          0,          0,      0.000,      0.000,       0.00,       0.00,       0.00,       0.00,          0
-311,       0.00,          0,       0.00,       0.00,       0.00,       0.00,       0.00,       0.00,       0.00,        0.0,        0.0,      0.000,      0.000,      0.000,        0.0,        0.0,        0.0,      0.000,      0.000,          0,          0,      0.000,      0.000,       0.00,       0.00,       0.00,       0.00,          0
-310,       0.00,          0,       0.00,       0.00,       0.00,       0.00,       0.00,       0.00,       0.00,        0.0,        0.0,      0.000,      0.000,      0.000,        0.0,        0.0,        0.0,      0.000,      0.000,          0,          0,      0.000,      0.000,       0.00,       0.00,       0.00,       0.00,          0
-309,       0.00,          0,       0.00,       0.00,       0.00,       0.00,       0.00,       0.00,       0.00,        0.0,        0.0,      0.000,      0.000,      0.000,        0.0,        0.0,        0.0,      0.000,      0.000,          0,          0,      0.000,      0.000,       0.00,       0.00,       0.00,       0.00,          0
-308,       0.00,          0,       0.00,       0.00,       0.00,       0.00,       0.00,       0.00,       0.00,        0.0,        0.0,      0.000,      0.000,      0.000,        0.0,        0.0,        0.0,      0.000,      0.000,          0,          0,      0.000,      0.000,       0.00,       0.00,       0.00,       0.00,          0
-307,       0.00,          0,       0.00,       0.00,       0.00,       0.00,       0.00,       0.00,       0.00,        0.0,        0.0,      0.000,      0.000,      0.000,        0.0,        0.0,        0.0,      0.000,      0.000,          0,          0,      0.000,      0.000,       0.00,       0.00,       0.00,       0.00,          0
-306,       0.00,          0,       0.00,       0.00,       0.00,       0.00,       0.00,       0.00,       0.00,        0.0,        0.0,      0.000,      0.000,      0.000,        0.0,        0.0,        0.0,      0.000,      0.000,          0,          0,      0.000,      0.000,       0.00,       0.00,       0.00,       0.00,          0
-305,       0.00,          0,       0.00,       0.00,       0.00,       0.00,       0.00,       0.00,       0.00,        0.0,        0.0,      0.000,      0.000,      0.000,        0.0,        0.0,        0.0,      0.000,      0.000,          0,          0,      0.000,      0.000,       0.00,       0.00,       0.00,       0.00,          0
-304,       0.00,          0,       0.00,       0.00,       0.00,       0.00,       0.00,       0.00,       0.00,        0.0,        0.0,      0.000,      0.000,      0.000,        0.0,        0.0,        0.0,      0.000,      0.000,          0,          0,      0.000,      0.000,       0.00,       0.00,       0.00,       0.00,          0
-303,       0.00,          0,       0.00,       0.00,       0.00,       0.00,       0.00,       0.00,       0.00,        0.0,        0.0,      0.000,      0.000,      0.000,        0.0,        0.0,        0.0,      0.000,      0.000,          0,          0,      0.000,      0.000,       0.00,       0.00,       0.00,       0.00,          0
-302,       0.00,          0,       0.00,       0.00,       0.00,       0.00,       0.00,       0.00,       0.00,        0.0,        0.0,      0.000,      0.000,      0.000,        0.0,        0.0,        0.0,      0.000,      0.000,          0,          0,      0.000,      0.000,       0.00,       0.00,       0.00,       0.00,          0
-301,       0.00,          0,       0.00,       0.00,       0.00,       0.00,       0.00,       0.00,       0.00,        0.0,        0.0,      0.000,      0.000,      0.000,        0.0,        0.0,        0.0,      0.000,      0.000,          0,          0,      0.000,      0.000,       0.00,       0.00,       0.00,       0.00,          0
-300,       0.00,          0,       0.00,       0.00,       0.00,       0.00,       0.00,       0.00,       0.00,        0.0,        0.0,      0.000,      0.000,      0.000,        0.0,        0.0,        0.0,      0.000,      0.000,          0,          0,      0.000,      0.000,       0.00,       0.00,       0.00,       0.00,          0
-299,       0.00,          0,       0.00,       0.00,       0.00,       0.00,       0.00,       0.00,       0.00,        0.0,        0.0,      0.000,      0.000,      0.000,        0.0,        0.0,        0.0,      0.000,      0.000,          0,          0,      0.000,      0.000,       0.00,       0.00,       0.00,       0.00,          0
-298,       0.00,          0,       0.00,       0.00,       0.00,       0.00,       0.00,       0.00,       0.00,        0.0,        0.0,      0.000,      0.000,      0.000,        0.0,        0.0,        0.0,      0.000,      0.000,          0,          0,      0.000,      0.000,       0.00,       0.00,       0.00,       0.00,          0
-297,       0.00,          0,       0.00,       0.00,       0.00,       0.00,       0.00,       0.00,       0.00,        0.0,        0.0,      0.000,      0.000,      0.000,        0.0,        0.0,        0.0,      0.000,      0.000,          0,          0,      0.000,      0.000,       0.00,       0.00,       0.00,       0.00,          0
-296,       0.00,          0,       0.00,       0.00,       0.00,       0.00,       0.00,       0.00,       0.00,        0.0,        0.0,      0.000,      0.000,      0.000,        0.0,        0.0,        0.0,      0.000,      0.000,          0,          0,      0.000,      0.000,       0.00,       0.00,       0.00,       0.00,          0
-295,       0.00,          0,       0.00,       0.00,       0.00,       0.00,       0.00,       0.00,       0.00,        0.0,        0.0,      0.000,      0.000,      0.000,        0.0,        0.0,        0.0,      0.000,      0.000,          0,          0,      0.000,      0.000,       0.00,       0.00,       0.00,       0.00,          0
-294,       0.00,          0,       0.00,       0.00,       0.00,       0.00,       0.00,       0.00,       0.00,        0.0,        0.0,      0.000,      0.000,      0.000,        0.0,        0.0,        0.0,      0.000,      0.000,          0,          0,      0.000,      0.000,       0.00,       0.00,       0.00,       0.00,          0
-293,       0.00,          0,       0.00,       0.00,       0.00,       0.00,       0.00,       0.00,       0.00,        0.0,        0.0,      0.000,      0.000,      0.000,        0.0,        0.0,        0.0,      0.000,      0.000,          0,          0,      0.000,      0.000,       0.00,       0.00,       0.00,       0.00,          0
-292,       0.00,          0,       0.00,       0.00,       0.00,       0.00,       0.00,       0.00,       0.00,        0.0,        0.0,      0.000,      0.000,      0.000,        0.0,        0.0,        0.0,      0.000,      0.000,          0,          0,      0.000,      0.000,       0.00,       0.00,       0.00,       0.00,          0
-291,       0.00,          0,       0.00,       0.00,       0.00,       0.00,       0.00,       0.00,       0.00,        0.0,        0.0,      0.000,      0.000,      0.000,        0.0,        0.0,        0.0,      0.000,      0.000,          0,          0,      0.000,      0.000,       0.00,       0.00,       0.00,       0.00,          0
-290,       0.00,          0,       0.00,       0.00,       0.00,       0.00,       0.00,       0.00,       0.00,        0.0,        0.0,      0.000,      0.000,      0.000,        0.0,        0.0,        0.0,      0.000,      0.000,          0,          0,      0.000,      0.000,       0.00,       0.00,       0.00,       0.00,          0
-289,       0.00,          0,       0.00,       0.00,       0.00,       0.00,       0.00,       0.00,       0.00,        0.0,        0.0,      0.000,      0.000,      0.000,        0.0,        0.0,        0.0,      0.000,      0.000,          0,          0,      0.000,      0.000,       0.00,       0.00,       0.00,       0.00,          0
-288,       0.00,          0,       0.00,       0.00,       0.00,       0.00,       0.00,       0.00,       0.00,        0.0,        0.0,      0.000,      0.000,      0.000,        0.0,        0.0,        0.0,      0.000,      0.000,          0,          0,      0.000,      0.000,       0.00,       0.00,       0.00,       0.00,          0
-287,       0.00,          0,       0.00,       0.00,       0.00,       0.00,       0.00,       0.00,       0.00,        0.0,        0.0,      0.000,      0.000,      0.000,        0.0,        0.0,        0.0,      0.000,      0.000,          0,          0,      0.000,      0.000,       0.00,       0.00,       0.00,       0.00,          0
-286,       0.00,          0,       0.00,       0.00,       0.00,       0.00,       0.00,       0.00,       0.00,        0.0,        0.0,      0.000,      0.000,      0.000,        0.0,        0.0,        0.0,      0.000,      0.000,          0,          0,      0.000,      0.000,       0.00,       0.00,       0.00,       0.00,          0
-285,       0.00,          0,       0.00,       0.00,       0.00,       0.00,       0.00,       0.00,       0.00,        0.0,        0.0,      0.000,      0.000,      0.000,        0.0,        0.0,        0.0,      0.000,      0.000,          0,          0,      0.000,      0.000,       0.00,       0.00,       0.00,       0.00,          0
-284,       0.00,          0,       0.00,       0.00,       0.00,       0.00,       0.00,       0.00,       0.00,        0.0,        0.0,      0.000,      0.000,      0.000,        0.0,        0.0,        0.0,      0.000,      0.000,          0,          0,      0.000,      0.000,       0.00,       0.00,       0.00,       0.00,          0
-283,       0.00,          0,       0.00,       0.00,       0.00,       0.00,       0.00,       0.00,       0.00,        0.0,        0.0,      0.000,      0.000,      0.000,        0.0,        0.0,        0.0,      0.000,      0.000,          0,          0,      0.000,      0.000,       0.00,       0.00,       0.00,       0.00,          0
-282,       0.00,          0,       0.00,       0.00,       0.00,       0.00,       0.00,       0.00,       0.00,        0.0,        0.0,      0.000,      0.000,      0.000,        0.0,        0.0,        0.0,      0.000,      0.000,          0,          0,      0.000,      0.000,       0.00,       0.00,       0.00,       0.00,          0
-281,       0.00,          0,       0.00,       0.00,       0.00,       0.00,       0.00,       0.00,       0.00,        0.0,        0.0,      0.000,      0.000,      0.000,        0.0,        0.0,        0.0,      0.000,      0.000,          0,          0,      0.000,      0.000,       0.00,       0.00,       0.00,       0.00,          0
-280,       0.00,          0,       0.00,       0.00,       0.00,       0.00,       0.00,       0.00,       0.00,        0.0,        0.0,      0.000,      0.000,      0.000,        0.0,        0.0,        0.0,      0.000,      0.000,          0,          0,      0.000,      0.000,       0.00,       0.00,       0.00,       0.00,          0
-279,       0.00,          0,       0.00,       0.00,       0.00,       0.00,       0.00,       0.00,       0.00,        0.0,        0.0,      0.000,      0.000,      0.000,        0.0,        0.0,        0.0,      0.000,      0.000,          0,          0,      0.000,      0.000,       0.00,       0.00,       0.00,       0.00,          0
-278,       0.00,          0,       0.00,       0.00,       0.00,       0.00,       0.00,       0.00,       0.00,        0.0,        0.0,      0.000,      0.000,      0.000,        0.0,        0.0,        0.0,      0.000,      0.000,          0,          0,      0.000,      0.000,       0.00,       0.00,       0.00,       0.00,          0
-277,       0.00,          0,       0.00,       0.00,       0.00,       0.00,       0.00,       0.00,       0.00,        0.0,        0.0,      0.000,      0.000,      0.000,        0.0,        0.0,        0.0,      0.000,      0.000,          0,          0,      0.000,      0.000,       0.00,       0.00,       0.00,       0.00,          0
-276,       0.00,          0,       0.00,       0.00,       0.00,       0.00,       0.00,       0.00,       0.00,        0.0,        0.0,      0.000,      0.000,      0.000,        0.0,        0.0,        0.0,      0.000,      0.000,          0,          0,      0.000,      0.000,       0.00,       0.00,       0.00,       0.00,          0
-275,       0.00,          0,       0.00,       0.00,       0.00,       0.00,       0.00,       0.00,       0.00,        0.0,        0.0,      0.000,      0.000,      0.000,        0.0,        0.0,        0.0,      0.000,      0.000,          0,          0,      0.000,      0.000,       0.00,       0.00,       0.00,       0.00,          0
-274,       0.00,          0,       0.00,       0.00,       0.00,       0.00,       0.00,       0.00,       0.00,        0.0,        0.0,      0.000,      0.000,      0.000,        0.0,        0.0,        0.0,      0.000,      0.000,          0,          0,      0.000,      0.000,       0.00,       0.00,       0.00,       0.00,          0
-273,       0.00,          0,       0.00,       0.00,       0.00,       0.00,       0.00,       0.00,       0.00,        0.0,        0.0,      0.000,      0.000,      0.000,        0.0,        0.0,        0.0,      0.000,      0.000,          0,          0,      0.000,      0.000,       0.00,       0.00,       0.00,       0.00,          0
-272,       0.00,          0,       0.00,       0.00,       0.00,       0.00,       0.00,       0.00,       0.00,        0.0,        0.0,      0.000,      0.000,      0.000,        0.0,        0.0,        0.0,      0.000,      0.000,          0,          0,      0.000,      0.000,       0.00,       0.00,       0.00,       0.00,          0
-271,       0.00,          0,       0.00,       0.00,       0.00,       0.00,       0.00,       0.00,       0.00,        0.0,        0.0,      0.000,      0.000,      0.000,        0.0,        0.0,        0.0,      0.000,      0.000,          0,          0,      0.000,      0.000,       0.00,       0.00,       0.00,       0.00,          0
-270,       0.00,          0,       0.00,       0.00,       0.00,       0.00,       0.00,       0.00,       0.00,        0.0,        0.0,      0.000,      0.000,      0.000,        0.0,        0.0,        0.0,      0.000,      0.000,          0,          0,      0.000,      0.000,       0.00,       0.00,       0.00,       0.00,          0
-269,       0.00,          0,       0.00,       0.00,       0.00,       0.00,       0.00,       0.00,       0.00,        0.0,        0.0,      0.000,      0.000,      0.000,        0.0,        0.0,        0.0,      0.000,      0.000,          0,          0,      0.000,      0.000,       0.00,       0.00,       0.00,       0.00,          0
-268,       0.00,          0,       0.00,       0.00,       0.00,       0.00,       0.00,       0.00,       0.00,        0.0,        0.0,      0.000,      0.000,      0.000,        0.0,        0.0,        0.0,      0.000,      0.000,          0,          0,      0.000,      0.000,       0.00,       0.00,       0.00,       0.00,          0
-267,       0.00,          0,       0.00,       0.00,       0.00,       0.00,       0.00,       0.00,       0.00,        0.0,        0.0,      0.000,      0.000,      0.000,        0.0,        0.0,        0.0,      0.000,      0.000,          0,          0,      0.000,      0.000,       0.00,       0.00,       0.00,       0.00,          0
-266,       0.00,          0,       0.00,       0.00,       0.00,       0.00,       0.00,       0.00,       0.00,        0.0,        0.0,      0.000,      0.000,      0.000,        0.0,        0.0,        0.0,      0.000,      0.000,          0,          0,      0.000,      0.000,       0.00,       0.00,       0.00,       0.00,          0
-265,       0.00,          0,       0.00,       0.00,       0.00,       0.00,       0.00,       0.00,       0.00,        0.0,        0.0,      0.000,      0.000,      0.000,        0.0,        0.0,        0.0,      0.000,      0.000,          0,          0,      0.000,      0.000,       0.00,       0.00,       0.00,       0.00,          0
-264,       0.00,          0,       0.00,       0.00,       0.00,       0.00,       0.00,       0.00,       0.00,        0.0,        0.0,      0.000,      0.000,      0.000,        0.0,        0.0,        0.0,      0.000,      0.000,          0,          0,      0.000,      0.000,       0.00,       0.00,       0.00,       0.00,          0
-263,       0.00,          0,       0.00,       0.00,       0.00,       0.00,       0.00,       0.00,       0.00,        0.0,        0.0,      0.000,      0.000,      0.000,        0.0,        0.0,        0.0,      0.000,      0.000,          0,          0,      0.000,      0.000,       0.00,       0.00,       0.00,       0.00,          0
-262,       0.00,          0,       0.00,       0.00,       0.00,       0.00,       0.00,       0.00,       0.00,        0.0,        0.0,      0.000,      0.000,      0.000,        0.0,        0.0,        0.0,      0.000,      0.000,          0,          0,      0.000,      0.000,       0.00,       0.00,       0.00,       0.00,          0
-261,       0.00,          0,       0.00,       0.00,       0.00,       0.00,       0.00,       0.00,       0.00,        0.0,        0.0,      0.000,      0.000,      0.000,        0.0,        0.0,        0.0,      0.000,      0.000,          0,          0,      0.000,      0.000,       0.00,       0.00,       0.00,       0.00,          0
-260,       0.00,          0,       0.00,       0.00,       0.00,       0.00,       0.00,       0.00,       0.00,        0.0,        0.0,      0.000,      0.000,      0.000,        0.0,        0.0,        0.0,      0.000,      0.000,          0,          0,      0.000,      0.000,       0.00,       0.00,       0.00,       0.00,          0
-259,       0.00,          0,       0.00,       0.00,       0.00,       0.00,       0.00,       0.00,       0.00,        0.0,        0.0,      0.000,      0.000,      0.000,        0.0,        0.0,        0.0,      0.000,      0.000,          0,          0,      0.000,      0.000,       0.00,       0.00,       0.00,       0.00,          0
-258,       0.00,          0,       0.00,       0.00,       0.00,       0.00,       0.00,       0.00,       0.00,        0.0,        0.0,      0.000,      0.000,      0.000,        0.0,        0.0,        0.0,      0.000,      0.000,          0,          0,      0.000,      0.000,       0.00,       0.00,       0.00,       0.00,          0
-257,       0.00,          0,       0.00,       0.00,       0.00,       0.00,       0.00,       0.00,       0.00,        0.0,        0.0,      0.000,      0.000,      0.000,        0.0,        0.0,        0.0,      0.000,      0.000,          0,          0,      0.000,      0.000,       0.00,       0.00,       0.00,       0.00,          0
-256,       0.00,          0,       0.00,       0.00,       0.00,       0.00,       0.00,       0.00,       0.00,        0.0,        0.0,      0.000,      0.000,      0.000,        0.0,        0.0,        0.0,      0.000,      0.000,          0,          0,      0.000,      0.000,       0.00,       0.00,       0.00,       0.00,          0
-255,       0.00,          0,       0.00,       0.00,       0.00,       0.00,       0.00,       0.00,       0.00,        0.0,        0.0,      0.000,      0.000,      0.000,        0.0,        0.0,        0.0,      0.000,      0.000,          0,          0,      0.000,      0.000,       0.00,       0.00,       0.00,       0.00,          0
-254,       0.00,          0,       0.00,       0.00,       0.00,       0.00,       0.00,       0.00,       0.00,        0.0,        0.0,      0.000,      0.000,      0.000,        0.0,        0.0,        0.0,      0.000,      0.000,          0,          0,      0.000,      0.000,       0.00,       0.00,       0.00,       0.00,          0
-253,       0.00,          0,       0.00,       0.00,       0.00,       0.00,       0.00,       0.00,       0.00,        0.0,        0.0,      0.000,      0.000,      0.000,        0.0,        0.0,        0.0,      0.000,      0.000,          0,          0,      0.000,      0.000,       0.00,       0.00,       0.00,       0.00,          0
-252,       0.00,          0,       0.00,       0.00,       0.00,       0.00,       0.00,       0.00,       0.00,        0.0,        0.0,      0.000,      0.000,      0.000,        0.0,        0.0,        0.0,      0.000,      0.000,          0,          0,      0.000,      0.000,       0.00,       0.00,       0.00,       0.00,          0
-251,       0.00,          0,       0.00,       0.00,       0.00,       0.00,       0.00,       0.00,       0.00,        0.0,        0.0,      0.000,      0.000,      0.000,        0.0,        0.0,        0.0,      0.000,      0.000,          0,          0,      0.000,      0.000,       0.00,       0.00,       0.00,       0.00,          0
-250,       0.00,          0,       0.00,       0.00,       0.00,       0.00,       0.00,       0.00,       0.00,        0.0,        0.0,      0.000,      0.000,      0.000,        0.0,        0.0,        0.0,      0.000,      0.000,          0,          0,      0.000,      0.000,       0.00,       0.00,       0.00,       0.00,          0
-249,       0.00,          0,       0.00,       0.00,       0.00,       0.00,       0.00,       0.00,       0.00,        0.0,        0.0,      0.000,      0.000,      0.000,        0.0,        0.0,        0.0,      0.000,      0.000,          0,          0,      0.000,      0.000,       0.00,       0.00,       0.00,       0.00,          0
-248,       0.00,          0,       0.00,       0.00,       0.00,       0.00,       0.00,       0.00,       0.00,        0.0,        0.0,      0.000,      0.000,      0.000,        0.0,        0.0,        0.0,      0.000,      0.000,          0,          0,      0.000,      0.000,       0.00,       0.00,       0.00,       0.00,          0
-247,       0.00,          0,       0.00,       0.00,       0.00,       0.00,       0.00,       0.00,       0.00,        0.0,        0.0,      0.000,      0.000,      0.000,        0.0,        0.0,        0.0,      0.000,      0.000,          0,          0,      0.000,      0.000,       0.00,       0.00,       0.00,       0.00,          0
-246,       0.00,          0,       0.00,       0.00,       0.00,       0.00,       0.00,       0.00,       0.00,        0.0,        0.0,      0.000,      0.000,      0.000,        0.0,        0.0,        0.0,      0.000,      0.000,          0,          0,      0.000,      0.000,       0.00,       0.00,       0.00,       0.00,          0
-245,       0.00,          0,       0.00,       0.00,       0.00,       0.00,       0.00,       0.00,       0.00,        0.0,        0.0,      0.000,      0.000,      0.000,        0.0,        0.0,        0.0,      0.000,      0.000,          0,          0,      0.000,      0.000,       0.00,       0.00,       0.00,       0.00,          0
-244,       0.00,          0,       0.00,       0.00,       0.00,       0.00,       0.00,       0.00,       0.00,        0.0,        0.0,      0.000,      0.000,      0.000,        0.0,        0.0,        0.0,      0.000,      0.000,          0,          0,      0.000,      0.000,       0.00,       0.00,       0.00,       0.00,          0
-243,       0.00,          0,       0.00,       0.00,       0.00,       0.00,       0.00,       0.00,       0.00,        0.0,        0.0,      0.000,      0.000,      0.000,        0.0,        0.0,        0.0,      0.000,      0.000,          0,          0,      0.000,      0.000,       0.00,       0.00,       0.00,       0.00,          0
-242,       0.00,          0,       0.00,       0.00,       0.00,       0.00,       0.00,       0.00,       0.00,        0.0,        0.0,      0.000,      0.000,      0.000,        0.0,        0.0,        0.0,      0.000,      0.000,          0,          0,      0.000,      0.000,       0.00,       0.00,       0.00,       0.00,          0
-241,       0.00,          0,       0.00,       0.00,       0.00,       0.00,       0.00,       0.00,       0.00,        0.0,        0.0,      0.000,      0.000,      0.000,        0.0,        0.0,        0.0,      0.000,      0.000,          0,          0,      0.000,      0.000,       0.00,       0.00,       0.00,       0.00,          0
-240,       0.00,          0,       0.00,       0.00,       0.00,       0.00,       0.00,       0.00,       0.00,        0.0,        0.0,      0.000,      0.000,      0.000,        0.0,        0.0,        0.0,      0.000,      0.000,          0,          0,      0.000,      0.000,       0.00,       0.00,       0.00,       0.00,          0
-239,       0.00,          0,       0.00,       0.00,       0.00,       0.00,       0.00,       0.00,       0.00,        0.0,        0.0,      0.000,      0.000,      0.000,        0.0,        0.0,        0.0,      0.000,      0.000,          0,          0,      0.000,      0.000,       0.00,       0.00,       0.00,       0.00,          0
-238,       0.00,          0,       0.00,       0.00,       0.00,       0.00,       0.00,       0.00,       0.00,        0.0,        0.0,      0.000,      0.000,      0.000,        0.0,        0.0,        0.0,      0.000,      0.000,          0,          0,      0.000,      0.000,       0.00,       0.00,       0.00,       0.00,          0
-237,       0.00,          0,       0.00,       0.00,       0.00,       0.00,       0.00,       0.00,       0.00,        0.0,        0.0,      0.000,      0.000,      0.000,        0.0,        0.0,        0.0,      0.000,      0.000,          0,          0,      0.000,      0.000,       0.00,       0.00,       0.00,       0.00,          0
-236,       0.00,          0,       0.00,       0.00,       0.00,       0.00,       0.00,       0.00,       0.00,        0.0,        0.0,      0.000,      0.000,      0.000,        0.0,        0.0,        0.0,      0.000,      0.000,          0,          0,      0.000,      0.000,       0.00,       0.00,       0.00,       0.00,          0
-235,       0.00,          0,       0.00,       0.00,       0.00,       0.00,       0.00,       0.00,       0.00,        0.0,        0.0,      0.000,      0.000,      0.000,        0.0,        0.0,        0.0,      0.000,      0.000,          0,          0,      0.000,      0.000,       0.00,       0.00,       0.00,       0.00,          0
-234,       0.00,          0,       0.00,       0.00,       0.00,       0.00,       0.00,       0.00,       0.00,        0.0,        0.0,      0.000,      0.000,      0.000,        0.0,        0.0,        0.0,      0.000,      0.000,          0,          0,      0.000,      0.000,       0.00,       0.00,       0.00,       0.00,          0
-233,       0.00,          0,       0.00,       0.00,       0.00,       0.00,       0.00,       0.00,       0.00,        0.0,        0.0,      0.000,      0.000,      0.000,        0.0,        0.0,        0.0,      0.000,      0.000,          0,          0,      0.000,      0.000,       0.00,       0.00,       0.00,       0.00,          0
-232,       0.00,          0,       0.00,       0.00,       0.00,       0.00,       0.00,       0.00,       0.00,        0.0,        0.0,      0.000,      0.000,      0.000,        0.0,        0.0,        0.0,      0.000,      0.000,          0,          0,      0.000,      0.000,       0.00,       0.00,       0.00,       0.00,          0
-231,       0.00,          0,       0.00,       0.00,       0.00,       0.00,       0.00,       0.00,       0.00,        0.0,        0.0,      0.000,      0.000,      0.000,        0.0,        0.0,        0.0,      0.000,      0.000,          0,          0,      0.000,      0.000,       0.00,       0.00,       0.00,       0.00,          0
-230,       0.00,          0,       0.00,       0.00,       0.00,       0.00,       0.00,       0.00,       0.00,        0.0,        0.0,      0.000,      0.000,      0.000,        0.0,        0.0,        0.0,      0.000,      0.000,          0,          0,      0.000,      0.000,       0.00,       0.00,       0.00,       0.00,          0
-229,       0.00,          0,       0.00,       0.00,       0.00,       0.00,       0.00,       0.00,       0.00,        0.0,        0.0,      0.000,      0.000,      0.000,        0.0,        0.0,        0.0,      0.000,      0.000,          0,          0,      0.000,      0.000,       0.00,       0.00,       0.00,       0.00,          0
-228,       0.00,          0,       0.00,       0.00,       0.00,       0.00,       0.00,       0.00,       0.00,        0.0,        0.0,      0.000,      0.000,      0.000,        0.0,        0.0,        0.0,      0.000,      0.000,          0,          0,      0.000,      0.000,       0.00,       0.00,       0.00,       0.00,          0
-227,       0.00,          0,       0.00,       0.00,       0.00,       0.00,       0.00,       0.00,       0.00,        0.0,        0.0,      0.000,      0.000,      0.000,        0.0,        0.0,        0.0,      0.000,      0.000,          0,          0,      0.000,      0.000,       0.00,       0.00,       0.00,       0.00,          0
-226,       0.00,          0,       0.00,       0.00,       0.00,       0.00,       0.00,       0.00,       0.00,        0.0,        0.0,      0.000,      0.000,      0.000,        0.0,        0.0,        0.0,      0.000,      0.000,          0,          0,      0.000,      0.000,       0.00,       0.00,       0.00,       0.00,          0
-225,       0.00,          0,       0.00,       0.00,       0.00,       0.00,       0.00,       0.00,       0.00,        0.0,        0.0,      0.000,      0.000,      0.000,        0.0,        0.0,        0.0,      0.000,      0.000,          0,          0,      0.000,      0.000,       0.00,       0.00,       0.00,       0.00,          0
-224,       0.00,          0,       0.00,       0.00,       0.00,       0.00,       0.00,       0.00,       0.00,        0.0,        0.0,      0.000,      0.000,      0.000,        0.0,        0.0,        0.0,      0.000,      0.000,          0,          0,      0.000,      0.000,       0.00,       0.00,       0.00,       0.00,          0
-223,       0.00,          0,       0.00,       0.00,       0.00,       0.00,       0.00,       0.00,       0.00,        0.0,        0.0,      0.000,      0.000,      0.000,        0.0,        0.0,        0.0,      0.000,      0.000,          0,          0,      0.000,      0.000,       0.00,       0.00,       0.00,       0.00,          0
-222,       0.00,          0,       0.00,       0.00,       0.00,       0.00,       0.00,       0.00,       0.00,        0.0,        0.0,      0.000,      0.000,      0.000,        0.0,        0.0,        0.0,      0.000,      0.000,          0,          0,      0.000,      0.000,       0.00,       0.00,       0.00,       0.00,          0
-221,       0.00,          0,       0.00,       0.00,       0.00,       0.00,       0.00,       0.00,       0.00,        0.0,        0.0,      0.000,      0.000,      0.000,        0.0,        0.0,        0.0,      0.000,      0.000,          0,          0,      0.000,      0.000,       0.00,       0.00,       0.00,       0.00,          0
-220,       0.00,          0,       0.00,       0.00,       0.00,       0.00,       0.00,       0.00,       0.00,        0.0,        0.0,      0.000,      0.000,      0.000,        0.0,        0.0,        0.0,      0.000,      0.000,          0,          0,      0.000,      0.000,       0.00,       0.00,       0.00,       0.00,          0
-219,       0.00,          0,       0.00,       0.00,       0.00,       0.00,       0.00,       0.00,       0.00,        0.0,        0.0,      0.000,      0.000,      0.000,        0.0,        0.0,        0.0,      0.000,      0.000,          0,          0,      0.000,      0.000,       0.00,       0.00,       0.00,       0.00,          0
-218,       0.00,          0,       0.00,       0.00,       0.00,       0.00,       0.00,       0.00,       0.00,        0.0,        0.0,      0.000,      0.000,      0.000,        0.0,        0.0,        0.0,      0.000,      0.000,          0,          0,      0.000,      0.000,       0.00,       0.00,       0.00,       0.00,          0
-217,       0.00,          0,       0.00,       0.00,       0.00,       0.00,       0.00,       0.00,       0.00,        0.0,        0.0,      0.000,      0.000,      0.000,        0.0,        0.0,        0.0,      0.000,      0.000,          0,          0,      0.000,      0.000,       0.00,       0.00,       0.00,       0.00,          0
-216,       0.00,          0,       0.00,       0.00,       0.00,       0.00,       0.00,       0.00,       0.00,        0.0,        0.0,      0.000,      0.000,      0.000,        0.0,        0.0,        0.0,      0.000,      0.000,          0,          0,      0.000,      0.000,       0.00,       0.00,       0.00,       0.00,          0
-215,       0.00,          0,       0.00,       0.00,       0.00,       0.00,       0.00,       0.00,       0.00,        0.0,        0.0,      0.000,      0.000,      0.000,        0.0,        0.0,        0.0,      0.000,      0.000,          0,          0,      0.000,      0.000,       0.00,       0.00,       0.00,       0.00,          0
-214,       0.00,          0,       0.00,       0.00,       0.00,       0.00,       0.00,       0.00,       0.00,        0.0,        0.0,      0.000,      0.000,      0.000,        0.0,        0.0,        0.0,      0.000,      0.000,          0,          0,      0.000,      0.000,       0.00,       0.00,       0.00,       0.00,          0
-213,       0.00,          0,       0.00,       0.00,       0.00,       0.00,       0.00,       0.00,       0.00,        0.0,        0.0,      0.000,      0.000,      0.000,        0.0,        0.0,        0.0,      0.000,      0.000,          0,          0,      0.000,      0.000,       0.00,       0.00,       0.00,       0.00,          0
-212,       0.00,          0,       0.00,       0.00,       0.00,       0.00,       0.00,       0.00,       0.00,        0.0,        0.0,      0.000,      0.000,      0.000,        0.0,        0.0,        0.0,      0.000,      0.000,          0,          0,      0.000,      0.000,       0.00,       0.00,       0.00,       0.00,          0
-211,       0.00,          0,       0.00,       0.00,       0.00,       0.00,       0.00,       0.00,       0.00,        0.0,        0.0,      0.000,      0.000,      0.000,        0.0,        0.0,        0.0,      0.000,      0.000,          0,          0,      0.000,      0.000,       0.00,       0.00,       0.00,       0.00,          0
-210,       0.00,          0,       0.00,       0.00,       0.00,       0.00,       0.00,       0.00,       0.00,        0.0,        0.0,      0.000,      0.000,      0.000,        0.0,        0.0,        0.0,      0.000,      0.000,          0,          0,      0.000,      0.000,       0.00,       0.00,       0.00,       0.00,          0
-209,       0.00,          0,       0.00,       0.00,       0.00,       0.00,       0.00,       0.00,       0.00,        0.0,        0.0,      0.000,      0.000,      0.000,        0.0,        0.0,        0.0,      0.000,      0.000,          0,          0,      0.000,      0.000,       0.00,       0.00,       0.00,       0.00,          0
-208,       0.00,          0,       0.00,       0.00,       0.00,       0.00,       0.00,       0.00,       0.00,        0.0,        0.0,      0.000,      0.000,      0.000,        0.0,        0.0,        0.0,      0.000,      0.000,          0,          0,      0.000,      0.000,       0.00,       0.00,       0.00,       0.00,          0
-207,       0.00,          0,       0.00,       0.00,       0.00,       0.00,       0.00,       0.00,       0.00,        0.0,        0.0,      0.000,      0.000,      0.000,        0.0,        0.0,        0.0,      0.000,      0.000,          0,          0,      0.000,      0.000,       0.00,       0.00,       0.00,       0.00,          0
-206,       0.00,          0,       0.00,       0.00,       0.00,       0.00,       0.00,       0.00,       0.00,        0.0,        0.0,      0.000,      0.000,      0.000,        0.0,        0.0,        0.0,      0.000,      0.000,          0,          0,      0.000,      0.000,       0.00,       0.00,       0.00,       0.00,          0
-205,       0.00,          0,       0.00,       0.00,       0.00,       0.00,       0.00,       0.00,       0.00,        0.0,        0.0,      0.000,      0.000,      0.000,        0.0,        0.0,        0.0,      0.000,      0.000,          0,          0,      0.000,      0.000,       0.00,       0.00,       0.00,       0.00,          0
-204,       0.00,          0,       0.00,       0.00,       0.00,       0.00,       0.00,       0.00,       0.00,        0.0,        0.0,      0.000,      0.000,      0.000,        0.0,        0.0,        0.0,      0.000,      0.000,          0,          0,      0.000,      0.000,       0.00,       0.00,       0.00,       0.00,          0
-203,       0.00,          0,       0.00,       0.00,       0.00,       0.00,       0.00,       0.00,       0.00,        0.0,        0.0,      0.000,      0.000,      0.000,        0.0,        0.0,        0.0,      0.000,      0.000,          0,          0,      0.000,      0.000,       0.00,       0.00,       0.00,       0.00,          0
-202,       0.00,          0,       0.00,       0.00,       0.00,       0.00,       0.00,       0.00,       0.00,        0.0,        0.0,      0.000,      0.000,      0.000,        0.0,        0.0,        0.0,      0.000,      0.000,          0,          0,      0.000,      0.000,       0.00,       0.00,       0.00,       0.00,          0
-201,       0.00,          0,       0.00,       0.00,       0.00,       0.00,       0.00,       0.00,       0.00,        0.0,        0.0,      0.000,      0.000,      0.000,        0.0,        0.0,        0.0,      0.000,      0.000,          0,          0,      0.000,      0.000,       0.00,       0.00,       0.00,       0.00,          0
-200,       0.00,          0,       0.00,       0.00,       0.00,       0.00,       0.00,       0.00,       0.00,        0.0,        0.0,      0.000,      0.000,      0.000,        0.0,        0.0,        0.0,      0.000,      0.000,          0,          0,      0.000,      0.000,       0.00,       0.00,       0.00,       0.00,          0
-199,       0.00,          0,       0.00,       0.00,       0.00,       0.00,       0.00,       0.00,       0.00,        0.0,        0.0,      0.000,      0.000,      0.000,        0.0,        0.0,        0.0,      0.000,      0.000,          0,          0,      0.000,      0.000,       0.00,       0.00,       0.00,       0.00,          0
-198,       0.00,          0,       0.00,       0.00,       0.00,       0.00,       0.00,       0.00,       0.00,        0.0,        0.0,      0.000,      0.000,      0.000,        0.0,        0.0,        0.0,      0.000,      0.000,          0,          0,      0.000,      0.000,       0.00,       0.00,       0.00,       0.00,          0
-197,       0.00,          0,       0.00,       0.00,       0.00,       0.00,       0.00,       0.00,       0.00,        0.0,        0.0,      0.000,      0.000,      0.000,        0.0,        0.0,        0.0,      0.000,      0.000,          0,          0,      0.000,      0.000,       0.00,       0.00,       0.00,       0.00,          0
-196,       0.00,          0,       0.00,       0.00,       0.00,       0.00,       0.00,       0.00,       0.00,        0.0,        0.0,      0.000,      0.000,      0.000,        0.0,        0.0,        0.0,      0.000,      0.000,          0,          0,      0.000,      0.000,       0.00,       0.00,       0.00,       0.00,          0
-195,       0.00,          0,       0.00,       0.00,       0.00,       0.00,       0.00,       0.00,       0.00,        0.0,        0.0,      0.000,      0.000,      0.000,        0.0,        0.0,        0.0,      0.000,      0.000,          0,          0,      0.000,      0.000,       0.00,       0.00,       0.00,       0.00,          0
-194,       0.00,          0,       0.00,       0.00,       0.00,       0.00,       0.00,       0.00,       0.00,        0.0,        0.0,      0.000,      0.000,      0.000,        0.0,        0.0,        0.0,      0.000,      0.000,          0,          0,      0.000,      0.000,       0.00,       0.00,       0.00,       0.00,          0
-193,       0.00,          0,       0.00,       0.00,       0.00,       0.00,       0.00,       0.00,       0.00,        0.0,        0.0,      0.000,      0.000,      0.000,        0.0,        0.0,        0.0,      0.000,      0.000,          0,          0,      0.000,      0.000,       0.00,       0.00,       0.00,       0.00,          0
-192,       0.00,          0,       0.00,       0.00,       0.00,       0.00,       0.00,       0.00,       0.00,        0.0,        0.0,      0.000,      0.000,      0.000,        0.0,        0.0,        0.0,      0.000,      0.000,          0,          0,      0.000,      0.000,       0.00,       0.00,       0.00,       0.00,          0
-191,       0.00,          0,       0.00,       0.00,       0.00,       0.00,       0.00,       0.00,       0.00,        0.0,        0.0,      0.000,      0.000,      0.000,        0.0,        0.0,        0.0,      0.000,      0.000,          0,          0,      0.000,      0.000,       0.00,       0.00,       0.00,       0.00,          0
-190,       0.00,          0,       0.00,       0.00,       0.00,       0.00,       0.00,       0.00,       0.00,        0.0,        0.0,      0.000,      0.000,      0.000,        0.0,        0.0,        0.0,      0.000,      0.000,          0,          0,      0.000,      0.000,       0.00,       0.00,       0.00,       0.00,          0
-189,       0.00,          0,       0.00,       0.00,       0.00,       0.00,       0.00,       0.00,       0.00,        0.0,        0.0,      0.000,      0.000,      0.000,        0.0,        0.0,        0.0,      0.000,      0.000,          0,          0,      0.000,      0.000,       0.00,       0.00,       0.00,       0.00,          0
-188,       0.00,          0,       0.00,       0.00,       0.00,       0.00,       0.00,       0.00,       0.00,        0.0,        0.0,      0.000,      0.000,      0.000,        0.0,        0.0,        0.0,      0.000,      0.000,          0,          0,      0.000,      0.000,       0.00,       0.00,       0.00,       0.00,          0
-187,       0.00,          0,       0.00,       0.00,       0.00,       0.00,       0.00,       0.00,       0.00,        0.0,        0.0,      0.000,      0.000,      0.000,        0.0,        0.0,        0.0,      0.000,      0.000,          0,          0,      0.000,      0.000,       0.00,       0.00,       0.00,       0.00,          0
-186,       0.00,          0,       0.00,       0.00,       0.00,       0.00,       0.00,       0.00,       0.00,        0.0,        0.0,      0.000,      0.000,      0.000,        0.0,        0.0,        0.0,      0.000,      0.000,          0,          0,      0.000,      0.000,       0.00,       0.00,       0.00,       0.00,          0
-185,       0.00,          0,       0.00,       0.00,       0.00,       0.00,       0.00,       0.00,       0.00,        0.0,        0.0,      0.000,      0.000,      0.000,        0.0,        0.0,        0.0,      0.000,      0.000,          0,          0,      0.000,      0.000,       0.00,       0.00,       0.00,       0.00,          0
-184,       0.00,          0,       0.00,       0.00,       0.00,       0.00,       0.00,       0.00,       0.00,        0.0,        0.0,      0.000,      0.000,      0.000,        0.0,        0.0,        0.0,      0.000,      0.000,          0,          0,      0.000,      0.000,       0.00,       0.00,       0.00,       0.00,          0
-183,       0.00,          0,       0.00,       0.00,       0.00,       0.00,       0.00,       0.00,       0.00,        0.0,        0.0,      0.000,      0.000,      0.000,        0.0,        0.0,        0.0,      0.000,      0.000,          0,          0,      0.000,      0.000,       0.00,       0.00,       0.00,       0.00,          0
-182,       0.00,          0,       0.00,       0.00,       0.00,       0.00,       0.00,       0.00,       0.00,        0.0,        0.0,      0.000,      0.000,      0.000,        0.0,        0.0,        0.0,      0.000,      0.000,          0,          0,      0.000,      0.000,       0.00,       0.00,       0.00,       0.00,          0
-181,       0.00,          0,       0.00,       0.00,       0.00,       0.00,       0.00,       0.00,       0.00,        0.0,        0.0,      0.000,      0.000,      0.000,        0.0,        0.0,        0.0,      0.000,      0.000,          0,          0,      0.000,      0.000,       0.00,       0.00,       0.00,       0.00,          0
-180,       0.00,          0,       0.00,       0.00,       0.00,       0.00,       0.00,       0.00,       0.00,        0.0,        0.0,      0.000,      0.000,      0.000,        0.0,        0.0,        0.0,      0.000,      0.000,          0,          0,      0.000,      0.000,       0.00,       0.00,       0.00,       0.00,          0
-179,       0.00,          0,       0.00,       0.00,       0.00,       0.00,       0.00,       0.00,       0.00,        0.0,        0.0,      0.000,      0.000,      0.000,        0.0,        0.0,        0.0,      0.000,      0.000,          0,          0,      0.000,      0.000,       0.00,       0.00,       0.00,       0.00,          0
-178,       0.00,          0,       0.00,       0.00,       0.00,       0.00,       0.00,       0.00,       0.00,        0.0,        0.0,      0.000,      0.000,      0.000,        0.0,        0.0,        0.0,      0.000,      0.000,          0,          0,      0.000,      0.000,       0.00,       0.00,       0.00,       0.00,          0
-177,       0.00,          0,       0.00,       0.00,       0.00,       0.00,       0.00,       0.00,       0.00,        0.0,        0.0,      0.000,      0.000,      0.000,        0.0,        0.0,        0.0,      0.000,      0.000,          0,          0,      0.000,      0.000,       0.00,       0.00,       0.00,       0.00,          0
-176,       0.00,          0,       0.00,       0.00,       0.00,       0.00,       0.00,       0.00,       0.00,        0.0,        0.0,      0.000,      0.000,      0.000,        0.0,        0.0,        0.0,      0.000,      0.000,          0,          0,      0.000,      0.000,       0.00,       0.00,       0.00,       0.00,          0
-175,       0.00,          0,       0.00,       0.00,       0.00,       0.00,       0.00,       0.00,       0.00,        0.0,        0.0,      0.000,      0.000,      0.000,        0.0,        0.0,        0.0,      0.000,      0.000,          0,          0,      0.000,      0.000,       0.00,       0.00,       0.00,       0.00,          0
-174,       0.00,          0,       0.00,       0.00,       0.00,       0.00,       0.00,       0.00,       0.00,        0.0,        0.0,      0.000,      0.000,      0.000,        0.0,        0.0,        0.0,      0.000,      0.000,          0,          0,      0.000,      0.000,       0.00,       0.00,       0.00,       0.00,          0
-173,       0.00,          0,       0.00,       0.00,       0.00,       0.00,       0.00,       0.00,       0.00,        0.0,        0.0,      0.000,      0.000,      0.000,        0.0,        0.0,        0.0,      0.000,      0.000,          0,          0,      0.000,      0.000,       0.00,       0.00,       0.00,       0.00,          0
-172,       0.00,          0,       0.00,       0.00,       0.00,       0.00,       0.00,       0.00,       0.00,        0.0,        0.0,      0.000,      0.000,      0.000,        0.0,        0.0,        0.0,      0.000,      0.000,          0,          0,      0.000,      0.000,       0.00,       0.00,       0.00,       0.00,          0
-171,       0.00,          0,       0.00,       0.00,       0.00,       0.00,       0.00,       0.00,       0.00,        0.0,        0.0,      0.000,      0.000,      0.000,        0.0,        0.0,        0.0,      0.000,      0.000,          0,          0,      0.000,      0.000,       0.00,       0.00,       0.00,       0.00,          0
-170,       0.00,          0,       0.00,       0.00,       0.00,       0.00,       0.00,       0.00,       0.00,        0.0,        0.0,      0.000,      0.000,      0.000,        0.0,        0.0,        0.0,      0.000,      0.000,          0,          0,      0.000,      0.000,       0.00,       0.00,       0.00,       0.00,          0
-169,       0.00,          0,       0.00,       0.00,       0.00,       0.00,       0.00,       0.00,       0.00,        0.0,        0.0,      0.000,      0.000,      0.000,        0.0,        0.0,        0.0,      0.000,      0.000,          0,          0,      0.000,      0.000,       0.00,       0.00,       0.00,       0.00,          0
-168,       0.00,          0,       0.00,       0.00,       0.00,       0.00,       0.00,       0.00,       0.00,        0.0,        0.0,      0.000,      0.000,      0.000,        0.0,        0.0,        0.0,      0.000,      0.000,          0,          0,      0.000,      0.000,       0.00,       0.00,       0.00,       0.00,          0
-167,       0.00,          0,       0.00,       0.00,       0.00,       0.00,       0.00,       0.00,       0.00,        0.0,        0.0,      0.000,      0.000,      0.000,        0.0,        0.0,        0.0,      0.000,      0.000,          0,          0,      0.000,      0.000,       0.00,       0.00,       0.00,       0.00,          0
-166,       0.00,          0,       0.00,       0.00,       0.00,       0.00,       0.00,       0.00,       0.00,        0.0,        0.0,      0.000,      0.000,      0.000,        0.0,        0.0,        0.0,      0.000,      0.000,          0,          0,      0.000,      0.000,       0.00,       0.00,       0.00,       0.00,          0
-165,       0.00,          0,       0.00,       0.00,       0.00,       0.00,       0.00,       0.00,       0.00,        0.0,        0.0,      0.000,      0.000,      0.000,        0.0,        0.0,        0.0,      0.000,      0.000,          0,          0,      0.000,      0.000,       0.00,       0.00,       0.00,       0.00,          0
-164,       0.00,          0,       0.00,       0.00,       0.00,       0.00,       0.00,       0.00,       0.00,        0.0,        0.0,      0.000,      0.000,      0.000,        0.0,        0.0,        0.0,      0.000,      0.000,          0,          0,      0.000,      0.000,       0.00,       0.00,       0.00,       0.00,          0
-163,       0.00,          0,       0.00,       0.00,       0.00,       0.00,       0.00,       0.00,       0.00,        0.0,        0.0,      0.000,      0.000,      0.000,        0.0,        0.0,        0.0,      0.000,      0.000,          0,          0,      0.000,      0.000,       0.00,       0.00,       0.00,       0.00,          0
-162,       0.00,          0,       0.00,       0.00,       0.00,       0.00,       0.00,       0.00,       0.00,        0.0,        0.0,      0.000,      0.000,      0.000,        0.0,        0.0,        0.0,      0.000,      0.000,          0,          0,      0.000,      0.000,       0.00,       0.00,       0.00,       0.00,          0
-161,       0.00,          0,       0.00,       0.00,       0.00,       0.00,       0.00,       0.00,       0.00,        0.0,        0.0,      0.000,      0.000,      0.000,        0.0,        0.0,        0.0,      0.000,      0.000,          0,          0,      0.000,      0.000,       0.00,       0.00,       0.00,       0.00,          0
-160,       0.00,          0,       0.00,       0.00,       0.00,       0.00,       0.00,       0.00,       0.00,        0.0,        0.0,      0.000,      0.000,      0.000,        0.0,        0.0,        0.0,      0.000,      0.000,          0,          0,      0.000,      0.000,       0.00,       0.00,       0.00,       0.00,          0
-159,       0.00,          0,       0.00,       0.00,       0.00,       0.00,       0.00,       0.00,       0.00,        0.0,        0.0,      0.000,      0.000,      0.000,        0.0,        0.0,        0.0,      0.000,      0.000,          0,          0,      0.000,      0.000,       0.00,       0.00,       0.00,       0.00,          0
-158,       0.00,          0,       0.00,       0.00,       0.00,       0.00,       0.00,       0.00,       0.00,        0.0,        0.0,      0.000,      0.000,      0.000,        0.0,        0.0,        0.0,      0.000,      0.000,          0,          0,      0.000,      0.000,       0.00,       0.00,       0.00,       0.00,          0
-157,       0.00,          0,       0.00,       0.00,       0.00,       0.00,       0.00,       0.00,       0.00,        0.0,        0.0,      0.000,      0.000,      0.000,        0.0,        0.0,        0.0,      0.000,      0.000,          0,          0,      0.000,      0.000,       0.00,       0.00,       0.00,       0.00,          0
-156,       0.00,          0,       0.00,       0.00,       0.00,       0.00,       0.00,       0.00,       0.00,        0.0,        0.0,      0.000,      0.000,      0.000,        0.0,        0.0,        0.0,      0.000,      0.000,          0,          0,      0.000,      0.000,       0.00,       0.00,       0.00,       0.00,          0
-155,       0.00,          0,       0.00,       0.00,       0.00,       0.00,       0.00,       0.00,       0.00,        0.0,        0.0,      0.000,      0.000,      0.000,        0.0,        0.0,        0.0,      0.000,      0.000,          0,          0,      0.000,      0.000,       0.00,       0.00,       0.00,       0.00,          0
-154,       0.00,          0,       0.00,       0.00,       0.00,       0.00,       0.00,       0.00,       0.00,        0.0,        0.0,      0.000,      0.000,      0.000,        0.0,        0.0,        0.0,      0.000,      0.000,          0,          0,      0.000,      0.000,       0.00,       0.00,       0.00,       0.00,          0
-153,       0.00,          0,       0.00,       0.00,       0.00,       0.00,       0.00,       0.00,       0.00,        0.0,        0.0,      0.000,      0.000,      0.000,        0.0,        0.0,        0.0,      0.000,      0.000,          0,          0,      0.000,      0.000,       0.00,       0.00,       0.00,       0.00,          0
-152,       0.00,          0,       0.00,       0.00,       0.00,       0.00,       0.00,       0.00,       0.00,        0.0,        0.0,      0.000,      0.000,      0.000,        0.0,        0.0,        0.0,      0.000,      0.000,          0,          0,      0.000,      0.000,       0.00,       0.00,       0.00,       0.00,          0
-151,       0.00,          0,       0.00,       0.00,       0.00,       0.00,       0.00,       0.00,       0.00,        0.0,        0.0,      0.000,      0.000,      0.000,        0.0,        0.0,        0.0,      0.000,      0.000,          0,          0,      0.000,      0.000,       0.00,       0.00,       0.00,       0.00,          0
-150,       0.00,          0,       0.00,       0.00,       0.00,       0.00,       0.00,       0.00,       0.00,        0.0,        0.0,      0.000,      0.000,      0.000,        0.0,        0.0,        0.0,      0.000,      0.000,          0,          0,      0.000,      0.000,       0.00,       0.00,       0.00,       0.00,          0
-149,       0.00,          0,       0.00,       0.00,       0.00,       0.00,       0.00,       0.00,       0.00,        0.0,        0.0,      0.000,      0.000,      0.000,        0.0,        0.0,        0.0,      0.000,      0.000,          0,          0,      0.000,      0.000,       0.00,       0.00,       0.00,       0.00,          0
-148,       0.00,          0,       0.00,       0.00,       0.00,       0.00,       0.00,       0.00,       0.00,        0.0,        0.0,      0.000,      0.000,      0.000,        0.0,        0.0,        0.0,      0.000,      0.000,          0,          0,      0.000,      0.000,       0.00,       0.00,       0.00,       0.00,          0
-147,       0.00,          0,       0.00,       0.00,       0.00,       0.00,       0.00,       0.00,       0.00,        0.0,        0.0,      0.000,      0.000,      0.000,        0.0,        0.0,        0.0,      0.000,      0.000,          0,          0,      0.000,      0.000,       0.00,       0.00,       0.00,       0.00,          0
-146,       0.00,          0,       0.00,       0.00,       0.00,       0.00,       0.00,       0.00,       0.00,        0.0,        0.0,      0.000,      0.000,      0.000,        0.0,        0.0,        0.0,      0.000,      0.000,          0,          0,      0.000,      0.000,       0.00,       0.00,       0.00,       0.00,          0
-145,       0.00,          0,       0.00,       0.00,       0.00,       0.00,       0.00,       0.00,       0.00,        0.0,        0.0,      0.000,      0.000,      0.000,        0.0,        0.0,        0.0,      0.000,      0.000,          0,          0,      0.000,      0.000,       0.00,       0.00,       0.00,       0.00,          0
-144,       0.00,          0,       0.00,       0.00,       0.00,       0.00,       0.00,       0.00,       0.00,        0.0,        0.0,      0.000,      0.000,      0.000,        0.0,        0.0,        0.0,      0.000,      0.000,          0,          0,      0.000,      0.000,       0.00,       0.00,       0.00,       0.00,          0
-143,       0.00,          0,       0.00,       0.00,       0.00,       0.00,       0.00,       0.00,       0.00,        0.0,        0.0,      0.000,      0.000,      0.000,        0.0,        0.0,        0.0,      0.000,      0.000,          0,          0,      0.000,      0.000,       0.00,       0.00,       0.00,       0.00,          0
-142,       0.00,          0,       0.00,       0.00,       0.00,       0.00,       0.00,       0.00,       0.00,        0.0,        0.0,      0.000,      0.000,      0.000,        0.0,        0.0,        0.0,      0.000,      0.000,          0,          0,      0.000,      0.000,       0.00,       0.00,       0.00,       0.00,          0
-141,       0.00,          0,       0.00,       0.00,       0.00,       0.00,       0.00,       0.00,       0.00,        0.0,        0.0,      0.000,      0.000,      0.000,        0.0,        0.0,        0.0,      0.000,      0.000,          0,          0,      0.000,      0.000,       0.00,       0.00,       0.00,       0.00,          0
-140,       0.00,          0,       0.00,       0.00,       0.00,       0.00,       0.00,       0.00,       0.00,        0.0,        0.0,      0.000,      0.000,      0.000,        0.0,        0.0,        0.0,      0.000,      0.000,          0,          0,      0.000,      0.000,       0.00,       0.00,       0.00,       0.00,          0
-139,       0.00,          0,       0.00,       0.00,       0.00,       0.00,       0.00,       0.00,       0.00,        0.0,        0.0,      0.000,      0.000,      0.000,        0.0,        0.0,        0.0,      0.000,      0.000,          0,          0,      0.000,      0.000,       0.00,       0.00,       0.00,       0.00,          0
-138,       0.00,          0,       0.00,       0.00,       0.00,       0.00,       0.00,       0.00,       0.00,        0.0,        0.0,      0.000,      0.000,      0.000,        0.0,        0.0,        0.0,      0.000,      0.000,          0,          0,      0.000,      0.000,       0.00,       0.00,       0.00,       0.00,          0
-137,       0.00,          0,       0.00,       0.00,       0.00,       0.00,       0.00,       0.00,       0.00,        0.0,        0.0,      0.000,      0.000,      0.000,        0.0,        0.0,        0.0,      0.000,      0.000,          0,          0,      0.000,      0.000,       0.00,       0.00,       0.00,       0.00,          0
-136,       0.00,          0,       0.00,       0.00,       0.00,       0.00,       0.00,       0.00,       0.00,        0.0,        0.0,      0.000,      0.000,      0.000,        0.0,        0.0,        0.0,      0.000,      0.000,          0,          0,      0.000,      0.000,       0.00,       0.00,       0.00,       0.00,          0
-135,       0.00,          0,       0.00,       0.00,       0.00,       0.00,       0.00,       0.00,       0.00,        0.0,        0.0,      0.000,      0.000,      0.000,        0.0,        0.0,        0.0,      0.000,      0.000,          0,          0,      0.000,      0.000,       0.00,       0.00,       0.00,       0.00,          0
-134,       0.00,          0,       0.00,       0.00,       0.00,       0.00,       0.00,       0.00,       0.00,        0.0,        0.0,      0.000,      0.000,      0.000,        0.0,        0.0,        0.0,      0.000,      0.000,          0,          0,      0.000,      0.000,       0.00,       0.00,       0.00,       0.00,          0
-133,       0.00,          0,       0.00,       0.00,       0.00,       0.00,       0.00,       0.00,       0.00,        0.0,        0.0,      0.000,      0.000,      0.000,        0.0,        0.0,        0.0,      0.000,      0.000,          0,          0,      0.000,      0.000,       0.00,       0.00,       0.00,       0.00,          0
-132,       0.00,          0,       0.00,       0.00,       0.00,       0.00,       0.00,       0.00,       0.00,        0.0,        0.0,      0.000,      0.000,      0.000,        0.0,        0.0,        0.0,      0.000,      0.000,          0,          0,      0.000,      0.000,       0.00,       0.00,       0.00,       0.00,          0
-131,       0.00,          0,       0.00,       0.00,       0.00,       0.00,       0.00,       0.00,       0.00,        0.0,        0.0,      0.000,      0.000,      0.000,        0.0,        0.0,        0.0,      0.000,      0.000,          0,          0,      0.000,      0.000,       0.00,       0.00,       0.00,       0.00,          0
-130,       0.00,          0,       0.00,       0.00,       0.00,       0.00,       0.00,       0.00,       0.00,        0.0,        0.0,      0.000,      0.000,      0.000,        0.0,        0.0,        0.0,      0.000,      0.000,          0,          0,      0.000,      0.000,       0.00,       0.00,       0.00,       0.00,          0
-129,       0.00,          0,       0.00,       0.00,       0.00,       0.00,       0.00,       0.00,       0.00,        0.0,        0.0,      0.000,      0.000,      0.000,        0.0,        0.0,        0.0,      0.000,      0.000,          0,          0,      0.000,      0.000,       0.00,       0.00,       0.00,       0.00,          0
-128,       0.00,          0,       0.00,       0.00,       0.00,       0.00,       0.00,       0.00,       0.00,        0.0,        0.0,      0.000,      0.000,      0.000,        0.0,        0.0,        0.0,      0.000,      0.000,          0,          0,      0.000,      0.000,       0.00,       0.00,       0.00,       0.00,          0
-127,       0.00,          0,       0.00,       0.00,       0.00,       0.00,       0.00,       0.00,       0.00,        0.0,        0.0,      0.000,      0.000,      0.000,        0.0,        0.0,        0.0,      0.000,      0.000,          0,          0,      0.000,      0.000,       0.00,       0.00,       0.00,       0.00,          0
-126,       0.00,          0,       0.00,       0.00,       0.00,       0.00,       0.00,       0.00,       0.00,        0.0,        0.0,      0.000,      0.000,      0.000,        0.0,        0.0,        0.0,      0.000,      0.000,          0,          0,      0.000,      0.000,       0.00,       0.00,       0.00,       0.00,          0
-125,       0.00,          0,       0.00,       0.00,       0.00,       0.00,       0.00,       0.00,       0.00,        0.0,        0.0,      0.000,      0.000,      0.000,        0.0,        0.0,        0.0,      0.000,      0.000,          0,          0,      0.000,      0.000,       0.00,       0.00,       0.00,       0.00,          0
-124,       0.00,          0,       0.00,       0.00,       0.00,       0.00,       0.00,       0.00,       0.00,        0.0,        0.0,      0.000,      0.000,      0.000,        0.0,        0.0,        0.0,      0.000,      0.000,          0,          0,      0.000,      0.000,       0.00,       0.00,       0.00,       0.00,          0
-123,       0.00,          0,       0.00,       0.00,       0.00,       0.00,       0.00,       0.00,       0.00,        0.0,        0.0,      0.000,      0.000,      0.000,        0.0,        0.0,        0.0,      0.000,      0.000,          0,          0,      0.000,      0.000,       0.00,       0.00,       0.00,       0.00,          0
-122,       0.00,          0,       0.00,       0.00,       0.00,       0.00,       0.00,       0.00,       0.00,        0.0,        0.0,      0.000,      0.000,      0.000,        0.0,        0.0,        0.0,      0.000,      0.000,          0,          0,      0.000,      0.000,       0.00,       0.00,       0.00,       0.00,          0
-121,       0.00,          0,       0.00,       0.00,       0.00,       0.00,       0.00,       0.00,       0.00,        0.0,        0.0,      0.000,      0.000,      0.000,        0.0,        0.0,        0.0,      0.000,      0.000,          0,          0,      0.000,      0.000,       0.00,       0.00,       0.00,       0.00,          0
-120,       0.00,          0,       0.00,       0.00,       0.00,       0.00,       0.00,       0.00,       0.00,        0.0,        0.0,      0.000,      0.000,      0.000,        0.0,        0.0,        0.0,      0.000,      0.000,          0,          0,      0.000,      0.000,       0.00,       0.00,       0.00,       0.00,          0
-119,       0.00,          0,       0.00,       0.00,       0.00,       0.00,       0.00,       0.00,       0.00,        0.0,        0.0,      0.000,      0.000,      0.000,        0.0,        0.0,        0.0,      0.000,      0.000,          0,          0,      0.000,      0.000,       0.00,       0.00,       0.00,       0.00,          0
-118,       0.00,          0,       0.00,       0.00,       0.00,       0.00,       0.00,       0.00,       0.00,        0.0,        0.0,      0.000,      0.000,      0.000,        0.0,        0.0,        0.0,      0.000,      0.000,          0,          0,      0.000,      0.000,       0.00,       0.00,       0.00,       0.00,          0
-117,       0.00,          0,       0.00,       0.00,       0.00,       0.00,       0.00,       0.00,       0.00,        0.0,        0.0,      0.000,      0.000,      0.000,        0.0,        0.0,        0.0,      0.000,      0.000,          0,          0,      0.000,      0.000,       0.00,       0.00,       0.00,       0.00,          0
-116,       0.00,          0,       0.00,       0.00,       0.00,       0.00,       0.00,       0.00,       0.00,        0.0,        0.0,      0.000,      0.000,      0.000,        0.0,        0.0,        0.0,      0.000,      0.000,          0,          0,      0.000,      0.000,       0.00,       0.00,       0.00,       0.00,          0
-115,       0.00,          0,       0.00,       0.00,       0.00,       0.00,       0.00,       0.00,       0.00,        0.0,        0.0,      0.000,      0.000,      0.000,        0.0,        0.0,        0.0,      0.000,      0.000,          0,          0,      0.000,      0.000,       0.00,       0.00,       0.00,       0.00,          0
-114,       0.00,          0,       0.00,       0.00,       0.00,       0.00,       0.00,       0.00,       0.00,        0.0,        0.0,      0.000,      0.000,      0.000,        0.0,        0.0,        0.0,      0.000,      0.000,          0,          0,      0.000,      0.000,       0.00,       0.00,       0.00,       0.00,          0
-113,       0.00,          0,       0.00,       0.00,       0.00,       0.00,       0.00,       0.00,       0.00,        0.0,        0.0,      0.000,      0.000,      0.000,        0.0,        0.0,        0.0,      0.000,      0.000,          0,          0,      0.000,      0.000,       0.00,       0.00,       0.00,       0.00,          0
-112,       0.00,          0,       0.00,       0.00,       0.00,       0.00,       0.00,       0.00,       0.00,        0.0,        0.0,      0.000,      0.000,      0.000,        0.0,        0.0,        0.0,      0.000,      0.000,          0,          0,      0.000,      0.000,       0.00,       0.00,       0.00,       0.00,          0
-111,       0.00,          0,       0.00,       0.00,       0.00,       0.00,       0.00,       0.00,       0.00,        0.0,        0.0,      0.000,      0.000,      0.000,        0.0,        0.0,        0.0,      0.000,      0.000,          0,          0,      0.000,      0.000,       0.00,       0.00,       0.00,       0.00,          0
-110,       0.00,          0,       0.00,       0.00,       0.00,       0.00,       0.00,       0.00,       0.00,        0.0,        0.0,      0.000,      0.000,      0.000,        0.0,        0.0,        0.0,      0.000,      0.000,          0,          0,      0.000,      0.000,       0.00,       0.00,       0.00,       0.00,          0
-109,       0.00,          0,       0.00,       0.00,       0.00,       0.00,       0.00,       0.00,       0.00,        0.0,        0.0,      0.000,      0.000,      0.000,        0.0,        0.0,        0.0,      0.000,      0.000,          0,          0,      0.000,      0.000,       0.00,       0.00,       0.00,       0.00,          0
-108,       0.00,          0,       0.00,       0.00,       0.00,       0.00,       0.00,       0.00,       0.00,        0.0,        0.0,      0.000,      0.000,      0.000,        0.0,        0.0,        0.0,      0.000,      0.000,          0,          0,      0.000,      0.000,       0.00,       0.00,       0.00,       0.00,          0
-107,       0.00,          0,       0.00,       0.00,       0.00,       0.00,       0.00,       0.00,       0.00,        0.0,        0.0,      0.000,      0.000,      0.000,        0.0,        0.0,        0.0,      0.000,      0.000,          0,          0,      0.000,      0.000,       0.00,       0.00,       0.00,       0.00,          0
-106,       0.00,          0,       0.00,       0.00,       0.00,       0.00,       0.00,       0.00,       0.00,        0.0,        0.0,      0.000,      0.000,      0.000,        0.0,        0.0,        0.0,      0.000,      0.000,          0,          0,      0.000,      0.000,       0.00,       0.00,       0.00,       0.00,          0
-105,       0.00,          0,       0.00,       0.00,       0.00,       0.00,       0.00,       0.00,       0.00,        0.0,        0.0,      0.000,      0.000,      0.000,        0.0,        0.0,        0.0,      0.000,      0.000,          0,          0,      0.000,      0.000,       0.00,       0.00,       0.00,       0.00,          0
-104,       0.00,          0,       0.00,       0.00,       0.00,       0.00,       0.00,       0.00,       0.00,        0.0,        0.0,      0.000,      0.000,      0.000,        0.0,        0.0,        0.0,      0.000,      0.000,          0,          0,      0.000,      0.000,       0.00,       0.00,       0.00,       0.00,          0
-103,       0.00,          0,       0.00,       0.00,       0.00,       0.00,       0.00,       0.00,       0.00,        0.0,        0.0,      0.000,      0.000,      0.000,        0.0,        0.0,        0.0,      0.000,      0.000,          0,          0,      0.000,      0.000,       0.00,       0.00,       0.00,       0.00,          0
-102,       0.00,          0,       0.00,       0.00,       0.00,       0.00,       0.00,       0.00,       0.00,        0.0,        0.0,      0.000,      0.000,      0.000,        0.0,        0.0,        0.0,      0.000,      0.000,          0,          0,      0.000,      0.000,       0.00,       0.00,       0.00,       0.00,          0
-101,       0.00,          0,       0.00,       0.00,       0.00,       0.00,       0.00,       0.00,       0.00,        0.0,        0.0,      0.000,      0.000,      0.000,        0.0,        0.0,        0.0,      0.000,      0.000,          0,          0,      0.000,      0.000,       0.00,       0.00,       0.00,       0.00,          0
-100,     308.23,      98940,     415.30,     415.30,     415.30,       0.00,       0.00,       0.00,     308.23,      267.4,      267.4,     -0.000,      0.025,      1.356,        1.0,        0.0,        0.0,      0.000,      0.000,      99000,     106575,     -0.323,      0.000,       0.00,       0.00,     120.83,       0.00,          0
-99,     304.95,     100407,     415.30,     415.30,     415.30,       0.00,       0.00,       0.00,     304.95,      268.5,      268.5,     -0.000,      0.025,      1.360,        1.0,        0.0,        0.0,      0.000,      0.000,      99000,     106575,     -0.654,      0.000,       0.00,       0.00,     120.83,       0.00,          0
-98,     301.65,     101927,     415.30,     415.30,     415.30,       0.00,       0.00,       0.00,     301.65,      269.6,      269.6,     -0.000,      0.025,      1.360,        1.0,        0.0,        0.0,      0.000,      0.000,      99000,     106575,     -0.992,      0.000,       0.00,       0.00,     120.83,       0.00,          0
-97,     298.32,     103497,     415.30,     415.30,     415.30,       0.00,       0.00,       0.00,     298.32,      270.8,      270.8,     -0.000,      0.025,      1.359,        1.0,        0.0,        0.0,      0.000,      0.000,      99000,     106575,     -1.338,      0.000,       0.00,       0.00,     120.83,       0.00,          0
-96,     294.96,     105119,     415.30,     415.30,     415.30,       0.00,       0.00,       0.00,     294.96,      271.9,      271.9,     -0.000,      0.025,      1.359,        1.0,        0.0,        0.0,      0.000,      0.000,      99000,     106575,     -1.692,      0.000,       0.00,       0.00,     120.83,       0.00,          0
-95,     291.59,     106794,     415.30,     415.30,     415.30,       0.00,       0.00,       0.00,     291.59,      273.1,      273.1,     -0.000,      0.025,      1.359,        1.0,        0.0,        0.0,      0.000,      0.000,      99000,     106575,     -2.053,      0.000,       0.00,       0.00,     120.83,       0.00,          0
-94,     288.19,     108525,     415.30,     415.30,     415.30,       0.00,       0.00,       0.00,     288.19,      274.3,      274.3,     -0.000,      0.025,      1.359,        1.0,        0.0,        0.0,      0.000,      0.000,      99000,     106575,     -2.423,      0.000,       0.00,       0.00,     120.83,       0.00,          0
-93,     284.77,     110314,     415.30,     415.30,     415.30,       0.00,       0.00,       0.00,     284.77,      275.5,      275.5,     -0.000,      0.024,      1.359,        1.0,        0.0,        0.0,      0.000,      0.000,      99000,     106575,     -2.801,      0.000,       0.00,       0.00,     120.83,       0.00,          0
-92,     281.34,     112163,     415.30,     415.30,     415.30,       0.00,       0.00,       0.00,     281.34,      276.7,      276.7,     -0.000,      0.024,      1.359,        1.0,        0.0,        0.0,      0.000,      0.000,      99000,     106575,     -3.187,      0.000,       0.00,       0.00,     120.83,       0.00,          0
-91,     277.88,     114074,     415.30,     415.30,     415.30,       0.00,       0.00,       0.00,     277.88,      278.0,      278.0,     -0.000,      0.024,      1.358,        1.0,        0.0,        0.0,      0.000,      0.000,      99000,     106575,     -3.583,      0.000,       0.00,       0.00,     120.83,       0.00,          0
-90,     274.41,     116050,     415.30,     415.30,     415.30,       0.00,       0.00,       0.00,     274.41,      279.3,      279.3,     -0.000,      0.024,      1.358,        1.0,        0.0,        0.0,      0.000,      0.000,      99000,     106575,     -3.987,      0.000,       0.00,       0.00,     120.83,       0.00,          0
-89,     270.92,     118093,     415.30,     415.30,     415.30,       0.00,       0.00,       0.00,     270.92,      280.6,      280.6,     -0.000,      0.024,      1.358,        1.0,        0.0,        0.0,      0.000,      0.000,      99000,     106575,     -4.399,      0.000,       0.00,       0.00,     120.83,       0.00,          0
-88,     267.42,     120207,     415.30,     415.30,     415.30,       0.00,       0.00,       0.00,     267.42,      281.9,      281.9,     -0.000,      0.024,      1.358,        1.0,        0.0,        0.0,      0.000,      0.000,      99000,     106575,     -4.821,      0.000,       0.00,       0.00,     120.83,       0.00,          0
-87,     263.90,     122394,     415.30,     415.30,     415.30,       0.00,       0.00,       0.00,     263.90,      283.3,      283.3,     -0.000,      0.023,      1.358,        1.0,        0.0,        0.0,      0.000,      0.000,      99000,     106575,     -5.253,      0.000,       0.00,       0.00,     120.83,       0.00,          0
-86,     260.37,     124656,     415.30,     415.30,     415.30,       0.00,       0.00,       0.00,     260.37,      284.6,      284.6,     -0.000,      0.023,      1.358,        1.0,        0.0,        0.0,      0.000,      0.000,      99000,     106575,     -5.694,      0.000,       0.00,       0.00,     120.83,       0.00,          0
-85,     256.83,     126997,     415.30,     415.30,     415.30,       0.00,       0.00,       0.00,     256.83,      286.0,      286.0,     -0.000,      0.023,      1.357,        1.0,        0.0,        0.0,      0.000,      0.000,      99000,     106575,     -6.144,      0.000,       0.00,       0.00,     120.83,       0.00,          0
-84,     253.27,     129421,     415.30,     415.30,     415.30,       0.00,       0.00,       0.00,     253.27,      287.5,      287.5,     -0.000,      0.023,      1.357,        1.0,        0.0,        0.0,      0.000,      0.000,      99000,     106575,     -6.605,      0.000,       0.00,       0.00,     120.83,       0.00,          0
-83,     249.71,     131930,     415.30,     415.30,     415.30,       0.00,       0.00,       0.00,     249.71,      288.9,      288.9,     -0.000,      0.023,      1.357,        1.0,        0.0,        0.0,      0.000,      0.000,      99000,     106575,     -7.076,      0.000,       0.00,       0.00,     120.83,       0.00,          0
-82,     246.14,     134527,     415.30,     415.30,     415.30,       0.00,       0.00,       0.00,     246.14,      290.4,      290.4,     -0.000,      0.022,      1.357,        1.0,        0.0,        0.0,      0.000,      0.000,      99000,     106575,     -7.557,      0.000,       0.00,       0.00,     120.83,       0.00,          0
-81,     242.56,     137218,     415.30,     415.30,     415.30,       0.00,       0.00,       0.00,     242.56,      291.9,      291.9,     -0.000,      0.022,      1.357,        1.0,        0.0,        0.0,      0.000,      0.000,      99000,     106575,     -8.048,      0.000,       0.00,       0.00,     120.83,       0.00,          0
-80,     238.97,     140005,     415.30,     415.30,     415.30,       0.00,       0.00,       0.00,     238.97,      293.4,      293.4,     -0.000,      0.022,      1.357,        1.0,        0.0,        0.0,      0.000,      0.000,      99000,     106575,     -8.551,      0.000,       0.00,       0.00,     120.83,       0.00,          1
-79,     235.38,     142893,     415.30,     415.30,     415.30,       0.00,       0.00,       0.00,     235.38,      295.0,      295.0,     -0.000,      0.022,      1.356,        1.0,        0.0,        0.0,      0.000,      0.000,      99000,     106575,     -9.064,      0.000,       0.00,       0.00,     120.83,       0.00,          1
-78,     231.79,     145886,     415.30,     415.30,     415.30,       0.00,       0.00,       0.00,     231.79,      296.5,      296.5,     -0.000,      0.022,      1.356,        1.0,        0.0,        0.0,      0.000,      0.000,      99000,     106575,     -9.588,      0.000,       0.00,       0.00,     120.83,       0.00,          1
-77,     228.19,     148988,     415.30,     415.30,     415.30,       0.00,       0.00,       0.00,     228.19,      298.2,      298.2,     -0.000,      0.021,      1.356,        1.0,        0.0,        0.0,      0.000,      0.000,      99000,     106575,    -10.124,      0.000,       0.00,       0.00,     120.83,       0.00,          1
-76,     224.60,     152204,     415.30,     415.30,     415.30,       0.00,       0.00,       0.00,     224.60,      299.8,      299.8,     -0.000,      0.021,      1.356,        1.0,        0.0,        0.0,      0.000,      0.000,      99000,     106575,    -10.671,      0.000,       0.00,       0.00,     120.83,       0.00,          1
-75,     221.00,     155539,     415.30,     415.30,     415.30,       0.00,       0.00,       0.00,     221.00,      301.5,      301.5,     -0.000,      0.021,      1.355,        1.0,        0.0,        0.0,      0.000,      0.000,      99000,     106575,    -11.231,      0.000,       0.00,       0.00,     120.83,       0.00,          1
-74,     217.41,     158998,     415.30,     415.30,     415.30,       0.00,       0.00,       0.00,     217.41,      303.1,      303.1,     -0.000,      0.021,      1.355,        1.0,        0.0,        0.0,      0.000,      0.000,      99000,     106575,    -11.802,      0.000,       0.00,       0.00,     120.83,       0.00,          1
-73,     213.82,     162587,     415.30,     415.30,     415.30,       0.00,       0.00,       0.00,     213.82,      304.9,      304.9,     -0.000,      0.020,      1.355,        1.0,        0.0,        0.0,      0.000,      0.000,      99000,     106575,    -12.386,      0.000,       0.00,       0.00,     120.83,       0.00,          1
-72,     210.23,     166310,     415.30,     415.30,     415.30,       0.00,       0.00,       0.00,     210.23,      306.6,      306.6,     -0.000,      0.020,      1.355,        1.0,        0.0,        0.0,      0.000,      0.000,      99000,     106575,    -12.982,      0.000,       0.00,       0.00,     120.83,       0.00,          1
-71,     206.65,     170174,     415.30,     415.30,     415.30,       0.00,       0.00,       0.00,     206.65,      308.4,      308.4,     -0.000,      0.020,      1.355,        1.0,        0.0,        0.0,      0.000,      0.000,      99000,     106575,    -13.591,      0.000,       0.00,       0.00,     120.83,       0.00,          1
-70,     203.07,     174185,     415.30,     415.30,     415.30,       0.00,       0.00,       0.00,     203.07,      310.2,      310.2,     -0.000,      0.020,      1.354,        1.0,        0.0,        0.0,      0.000,      0.000,      99000,     106575,    -14.212,      0.000,       0.00,       0.00,     120.83,       0.00,          1
-69,     199.51,     178349,     415.30,     415.30,     415.30,       0.00,       0.00,       0.00,     199.51,      312.0,      312.0,     -0.000,      0.019,      1.354,        1.0,        0.0,        0.0,      0.000,      0.000,      99000,     106575,    -14.848,      0.000,       0.00,       0.00,     120.83,       0.00,          1
-68,     195.95,     182674,     415.30,     415.30,     415.30,       0.00,       0.00,       0.00,     195.95,      313.9,      313.9,     -0.000,      0.019,      1.354,        1.0,        0.0,        0.0,      0.000,      0.000,      99000,     106575,    -15.496,      0.000,       0.00,       0.00,     120.83,       0.00,          1
-67,     192.41,     187165,     415.30,     415.30,     415.30,       0.00,       0.00,       0.00,     192.41,      315.8,      315.8,     -0.000,      0.019,      1.354,        1.0,        0.0,        0.0,      0.000,      0.000,      99000,     106575,    -16.158,      0.000,       0.00,       0.00,     120.83,       0.00,          1
-66,     188.88,     191831,     415.30,     415.30,     415.30,       0.00,       0.00,       0.00,     188.88,      317.7,      317.7,     -0.000,      0.018,      1.353,        1.0,        0.0,        0.0,      0.000,      0.000,      99000,     106575,    -16.835,      0.000,       0.00,       0.00,     120.83,       0.00,          1
-65,     185.36,     196680,     415.30,     415.30,     415.30,       0.00,       0.00,       0.00,     185.36,      319.7,      319.7,     -0.000,      0.018,      1.353,        1.0,        0.0,        0.0,      0.000,      0.000,      99000,     106575,    -17.525,      0.000,       0.00,       0.00,     120.83,       0.00,          1
-64,     181.85,     201718,     415.30,     415.30,     415.30,       0.00,       0.00,       0.00,     181.85,      321.7,      321.7,     -0.000,      0.018,      1.353,        1.0,        0.0,        0.0,      0.000,      0.000,      99000,     106575,    -18.230,      0.000,       0.00,       0.00,     120.83,       0.00,          1
-63,     178.37,     206955,     415.30,     415.30,     415.30,       0.00,       0.00,       0.00,     178.37,      323.7,      323.7,     -0.000,      0.017,      1.352,        1.0,        0.0,        0.0,      0.000,      0.000,      99000,     106575,    -18.950,      0.000,       0.00,       0.00,     120.83,       0.00,          1
-62,     174.90,     212400,     415.30,     415.30,     415.30,       0.00,       0.00,       0.00,     174.90,      325.8,      325.8,     -0.000,      0.017,      1.352,        1.0,        0.0,        0.0,      0.000,      0.000,      99000,     106575,    -19.684,      0.000,       0.00,       0.00,     120.83,       0.00,          1
-61,     171.45,     218062,     415.30,     415.30,     415.30,       0.00,       0.00,       0.00,     171.45,      327.9,      327.9,     -0.000,      0.017,      1.352,        1.0,        0.0,        0.0,      0.000,      0.000,      99000,     106575,    -20.434,      0.000,       0.00,       0.00,     120.83,       0.00,          1
-60,     168.03,     223949,     415.30,     415.30,     415.30,       0.00,       0.00,       0.00,     168.03,      330.0,      330.0,     -0.000,      0.016,      1.352,        1.0,        0.0,        0.0,      0.000,      0.000,      99000,     106575,    -21.199,      0.000,       0.00,       0.00,     120.83,       0.00,          1
-59,     164.62,     230073,     415.30,     415.30,     415.30,       0.00,       0.00,       0.00,     164.62,      332.1,      332.1,     -0.000,      0.016,      1.351,        1.0,        0.0,        0.0,      0.000,      0.000,      99000,     106575,    -21.979,      0.000,       0.00,       0.00,     120.83,       0.00,          1
-58,     161.24,     236444,     415.30,     415.30,     415.30,       0.00,       0.00,       0.00,     161.24,      334.3,      334.3,     -0.000,      0.016,      1.351,        1.0,        0.0,        0.0,      0.000,      0.000,      99000,     106575,    -22.776,      0.000,       0.00,       0.00,     120.83,       0.00,          1
-57,     157.88,     243072,     415.30,     415.30,     415.30,       0.00,       0.00,       0.00,     157.88,      336.6,      336.6,     -0.000,      0.015,      1.351,        1.0,        0.0,        0.0,      0.000,      0.000,      99000,     106575,    -23.588,      0.000,       0.00,       0.00,     120.83,       0.00,          1
-56,     154.56,     249968,     415.30,     415.30,     415.30,       0.00,       0.00,       0.00,     154.56,      338.8,      338.8,     -0.000,      0.015,      1.350,        1.0,        0.0,        0.0,      0.000,      0.000,      99000,     106575,    -24.417,      0.000,       0.00,       0.00,     120.83,       0.00,          1
-55,     151.26,     257145,     415.30,     415.30,     415.30,       0.00,       0.00,       0.00,     151.26,      341.1,      341.1,     -0.000,      0.015,      1.350,        1.0,        0.0,        0.0,      0.000,      0.000,      99000,     106575,    -25.262,      0.000,       0.00,       0.00,     120.83,       0.00,          1
-54,     147.99,     264614,     415.30,     415.30,     415.30,       0.00,       0.00,       0.00,     147.99,      343.4,      343.4,     -0.000,      0.014,      1.350,        1.0,        0.0,        0.0,      0.000,      0.000,      99000,     106575,    -26.123,      0.000,       0.00,       0.00,     120.83,       0.00,          1
-53,     144.75,     272388,     415.30,     415.30,     415.30,       0.00,       0.00,       0.00,     144.75,      345.8,      345.8,     -0.000,      0.014,      1.349,        1.0,        0.0,        0.0,      0.000,      0.000,      99000,     106575,    -27.001,      0.000,       0.00,       0.00,     120.83,       0.00,          1
-52,     141.54,     280479,     415.30,     415.30,     415.30,       0.00,       0.00,       0.00,     141.54,      348.1,      348.1,     -0.000,      0.013,      1.349,        1.0,        0.0,        0.0,      0.000,      0.000,      99000,     106575,    -27.896,      0.000,       0.00,       0.00,     120.83,       0.00,          1
-51,     138.36,     288902,     415.30,     415.30,     415.30,       0.00,       0.00,       0.00,     138.36,      350.6,      350.6,     -0.000,      0.013,      1.349,        1.0,        0.0,        0.0,      0.000,      0.000,      99000,     106575,    -28.808,      0.000,       0.00,       0.00,     120.83,       0.00,          1
-50,     135.23,     297669,     415.30,     415.30,     415.30,       0.00,       0.00,       0.00,     135.23,      353.0,      353.0,     -0.000,      0.012,      1.348,        1.0,        0.0,        0.0,      0.000,      0.000,      99000,     106575,    -29.737,      0.000,       0.00,       0.00,     120.83,       0.00,          1
-49,     132.12,     306795,     415.30,     415.30,     415.30,       0.00,       0.00,       0.00,     132.12,      355.5,      355.5,     -0.000,      0.012,      1.348,        1.0,        0.0,        0.0,      0.000,      0.000,      99000,     106575,    -30.683,      0.000,       0.00,       0.00,     120.83,       0.00,          1
-48,     129.06,     316294,     415.30,     415.30,     415.30,       0.00,       0.00,       0.00,     129.06,      358.0,      358.0,     -0.000,      0.011,      1.348,        1.0,        0.0,        0.0,      0.000,      0.000,      99000,     106575,    -31.646,      0.000,       0.00,       0.00,     120.83,       0.00,          1
-47,     126.03,     326180,     415.30,     415.30,     415.30,       0.00,       0.00,       0.00,     126.03,      360.5,      360.5,     -0.000,      0.011,      1.347,        1.0,        0.0,        0.0,      0.000,      0.000,      99000,     106575,    -32.626,      0.000,       0.00,       0.00,     120.83,       0.00,          1
-46,     123.05,     336469,     415.30,     415.30,     415.30,       0.00,       0.00,       0.00,     123.05,      363.1,      363.1,     -0.000,      0.010,      1.347,        1.0,        0.0,        0.0,      0.000,      0.000,      99000,     106575,    -33.623,      0.000,       0.00,       0.00,     120.83,       0.00,          1
-45,     120.11,     347175,     415.30,     415.30,     415.30,       0.00,       0.00,       0.00,     120.11,      365.7,      365.7,     -0.000,      0.010,      1.347,        1.0,        0.0,        0.0,      0.000,      0.000,      99000,     106575,    -34.637,      0.000,       0.00,       0.00,     120.83,       0.00,          1
-44,     117.21,     358313,     415.30,     415.30,     415.30,       0.00,       0.00,       0.00,     117.21,      368.3,      368.3,     -0.000,      0.009,      1.346,        1.0,        0.0,        0.0,      0.000,      0.000,      99000,     106575,    -35.668,      0.000,       0.00,       0.00,     120.83,       0.00,          1
-43,     114.35,     369899,     415.30,     415.30,     415.30,       0.00,       0.00,       0.00,     114.35,      371.0,      371.0,     -0.000,      0.008,      1.346,        1.0,        0.0,        0.0,      0.000,      0.000,      99000,     106575,    -36.716,      0.000,       0.00,       0.00,     120.83,       0.00,          1
-42,     111.55,     381946,     415.30,     415.30,     415.30,       0.00,       0.00,       0.00,     111.55,      373.6,      373.6,     -0.000,      0.008,      1.345,        1.0,        0.0,        0.0,      0.000,      0.000,      99000,     106575,    -37.780,      0.000,       0.00,       0.00,     120.83,       0.00,          1
-41,     108.78,     394470,     415.30,     415.30,     415.30,       0.00,       0.00,       0.00,     108.78,      376.3,      376.3,     -0.000,      0.007,      1.345,        1.0,        0.0,        0.0,      0.000,      0.000,      99000,     106575,    -38.860,      0.000,       0.00,       0.00,     120.83,       0.00,          1
-40,     106.07,     407484,     415.30,     415.30,     415.30,       0.00,       0.00,       0.00,     106.07,      379.0,      379.0,     -0.000,      0.006,      1.345,        1.0,        0.0,        0.0,      0.000,      0.000,      99000,     106575,    -39.955,      0.000,       0.00,       0.00,     120.83,       0.00,          1
-39,     103.41,     421002,     415.30,     415.30,     415.30,       0.00,       0.00,       0.00,     103.41,      381.8,      381.8,     -0.000,      0.006,      1.344,        1.0,        0.0,        0.0,      0.000,      0.000,      99000,     106575,    -41.066,      0.000,       0.00,       0.00,     120.83,       0.00,          1
-38,     100.79,     435037,     415.30,     415.30,     415.30,       0.00,       0.00,       0.00,     100.79,      384.5,      384.5,     -0.000,      0.005,      1.344,        1.0,        0.0,        0.0,      0.000,      0.000,      99000,     106575,    -42.191,      0.000,       0.00,       0.00,     120.83,       0.00,          1
-37,      98.23,     449599,     415.30,     415.30,     415.30,       0.00,       0.00,       0.00,      98.23,      387.3,      387.3,     -0.000,      0.004,      1.343,        1.0,        0.0,        0.0,      0.000,      0.000,      99000,     106575,    -43.331,      0.000,       0.00,       0.00,     120.83,       0.00,          1
-36,      95.73,     464699,     415.30,     415.30,     415.30,       0.00,       0.00,       0.00,      95.73,      390.1,      390.1,     -0.000,      0.003,      1.343,        1.0,        0.0,        0.0,      0.000,      0.000,      99000,     106575,    -44.484,      0.000,       0.00,       0.00,     120.83,       0.00,          1
-35,      93.27,     480346,     415.30,     415.30,     415.30,       0.00,       0.00,       0.00,      93.27,      392.9,      392.9,     -0.000,      0.003,      1.343,        1.0,        0.0,        0.0,      0.000,      0.000,      99000,     106575,    -45.649,      0.000,       0.00,       0.00,     120.83,       0.00,          1
-34,      90.87,     496545,     415.30,     415.30,     415.30,       0.00,       0.00,       0.00,      90.87,      395.7,      395.7,     -0.000,      0.002,      1.342,        1.0,        0.0,        0.0,      0.000,      0.000,      99000,     106575,    -46.826,      0.000,       0.00,       0.00,     120.83,       0.00,          1
-33,      88.53,     513301,     415.30,     415.30,     415.30,       0.00,       0.00,       0.00,      88.53,      398.5,      398.5,     -0.000,      0.001,      1.342,        1.0,        0.0,        0.0,      0.000,      0.000,      99000,     106575,    -48.013,      0.000,       0.00,       0.00,     120.83,       0.00,          1
-32,      86.25,     530615,     415.30,     415.30,     415.30,       0.00,       0.00,       0.00,      86.25,      401.3,      401.3,     -0.000,      0.000,      1.341,        1.0,        0.0,        0.0,      0.000,      0.000,      99000,     106575,    -49.209,      0.000,       0.00,       0.00,     120.83,       0.00,          1
-31,      84.02,     548484,     415.30,     415.30,     415.30,       0.00,       0.00,       0.00,      84.02,      404.2,      404.2,     -0.000,     -0.001,      1.341,        1.0,        0.0,        0.0,      0.000,      0.000,      99000,     106575,    -50.413,      0.000,       0.00,       0.00,     120.83,       0.00,          1
-30,      81.86,     566902,     415.30,     415.30,     415.30,       0.00,       0.00,       0.00,      81.86,      407.0,      407.0,     -0.000,     -0.002,      1.341,        1.0,        0.0,        0.0,      0.000,      0.000,      99000,     106575,    -51.624,      0.000,       0.00,       0.00,     120.83,       0.00,          1
-29,      79.75,     585860,     415.30,     415.30,     415.30,       0.00,       0.00,       0.00,      79.75,      409.8,      409.8,     -0.000,     -0.003,      1.340,        1.0,        0.0,        0.0,      0.000,      0.000,      99000,     106575,    -52.839,      0.000,       0.00,       0.00,     120.83,       0.00,          1
-28,      77.71,     605341,     415.30,     415.30,     415.30,       0.00,       0.00,       0.00,      77.71,      412.5,      412.5,     -0.000,     -0.004,      1.340,        1.0,        0.0,        0.0,      0.000,      0.000,      99000,     106575,    -54.056,      0.000,       0.00,       0.00,     120.83,       0.00,          1
-27,      75.73,     625324,     415.30,     415.30,     415.30,       0.00,       0.00,       0.00,      75.73,      415.3,      415.3,     -0.000,     -0.005,      1.339,        1.0,        0.0,        0.0,      0.000,      0.000,      99000,     106575,    -55.275,      0.000,       0.00,       0.00,     120.83,       0.00,          1
-26,      73.81,     650959,     415.30,     415.30,     415.30,       0.00,       0.00,       0.00,      73.81,      421.1,      421.1,     -0.000,     -0.007,      1.339,        1.0,        0.0,        0.0,      0.000,      0.000,      99000,     106575,    -56.501,      0.000,       0.00,       0.00,     120.83,       0.00,          1
-25,      71.96,     687930,     415.30,     415.30,     415.30,       0.00,       0.00,       0.00,      71.96,      433.9,      433.9,     -0.000,     -0.012,      1.338,        1.0,        0.0,        0.0,      0.000,      0.000,      99000,     106575,    -57.753,      0.000,       0.00,       0.00,     120.83,       0.00,          1
-24,      70.18,     736943,     415.30,     415.30,     415.30,       0.00,       0.00,       0.00,      70.18,      453.3,      453.3,     -0.000,     -0.020,      1.336,        1.0,        0.0,        0.0,      0.000,      0.000,      99000,     106575,    -59.045,      0.000,       0.00,       0.00,     120.83,       0.00,          1
-23,      68.46,     798551,     415.30,     415.30,     415.30,       0.00,       0.00,       0.00,      68.46,      479.1,      479.1,     -0.000,     -0.032,      1.333,        1.0,        0.0,        0.0,      0.000,      0.000,      99000,     106575,    -60.392,      0.000,       0.00,       0.00,     120.83,       0.00,          1
-22,      66.80,     873144,     415.30,     415.30,     415.30,       0.00,       0.00,       0.00,      66.80,      511.1,      511.1,     -0.000,     -0.049,      1.329,        1.0,        0.0,        0.0,      0.000,      0.000,      99000,     106575,    -61.806,      0.000,       0.00,       0.00,     120.83,       0.00,          1
-21,      65.22,     960937,     415.30,     415.30,     415.30,       0.00,       0.00,       0.00,      65.22,      548.9,      548.9,     -0.000,     -0.071,      1.325,        1.0,        0.0,        0.0,      0.000,      0.000,      99000,     106575,    -63.297,      0.000,       0.00,       0.00,     120.83,       0.00,          1
-20,      63.70,    1061963,     415.30,     415.30,     415.30,       0.00,       0.00,       0.00,      63.70,      592.2,      592.2,     -0.000,     -0.100,      1.319,        1.0,        0.0,        0.0,      0.000,      0.000,      99000,     106575,    -64.870,      0.000,       0.00,       0.00,     120.83,       0.00,          1
-19,      62.25,    1176055,     415.30,     415.30,     415.30,       0.00,       0.00,       0.00,      62.25,      640.6,      640.6,     -0.000,     -0.137,      1.313,        1.0,        0.0,        0.0,      0.000,      0.000,      99000,     106575,    -66.532,      0.000,       0.00,       0.00,     120.83,       0.00,          1
-18,      60.88,    1302856,     415.30,     415.30,     415.30,       0.00,       0.00,       0.00,      60.88,      693.4,      693.4,     -0.000,     -0.184,      1.307,        1.0,        0.0,        0.0,      0.000,      0.000,      99000,     106575,    -68.280,      0.000,       0.00,       0.00,     120.83,       0.00,          1
-17,      59.57,    1441846,     415.30,     415.30,     415.30,       0.00,       0.00,       0.00,      59.57,      750.3,      750.3,     -0.000,     -0.241,      1.300,        1.0,        0.0,        0.0,      0.000,      0.000,      99000,     106575,    -70.113,      0.000,       0.00,       0.00,     120.83,       0.00,          0
-16,      58.33,    1592372,     415.30,     415.30,     415.30,       0.00,       0.00,       0.00,      58.33,      810.8,      810.8,     -0.000,     -0.311,      1.294,        1.0,        0.0,        0.0,      0.000,      0.000,      99000,     106575,    -72.023,      0.000,       0.00,       0.00,     120.83,       0.00,         -0
-15,      57.17,    1753682,     415.30,     415.30,     415.30,       0.00,       0.00,       0.00,      57.17,      874.3,      874.3,     -0.000,     -0.394,      1.287,        1.0,        0.0,        0.0,      0.000,      0.000,      99000,     106575,    -74.000,      0.000,       0.00,       0.00,     120.83,       0.00,         -0
-14,      56.08,    1924952,     415.30,     415.30,     415.30,       0.00,       0.00,       0.00,      56.08,      940.4,      940.4,     -0.000,     -0.492,      1.281,        1.0,        0.0,        0.0,      0.000,      0.000,      99000,     106575,    -76.030,      0.000,       0.00,       0.00,     120.83,       0.00,         -1
-13,      55.06,    2105313,     415.30,     415.30,     415.30,       0.00,       0.00,       0.00,      55.06,     1008.7,     1008.7,     -0.000,     -0.607,      1.275,        1.0,        0.0,        0.0,      0.000,      0.000,      99000,     106575,    -78.096,      0.000,       0.00,       0.00,     120.83,       0.00,         -2
-12,      54.12,    2293868,     415.30,     415.30,     415.30,       0.00,       0.00,       0.00,      54.12,     1078.9,     1078.9,     -0.000,     -0.740,      1.271,        1.0,        0.0,        0.0,      0.000,      0.000,      99000,     106575,    -80.179,      0.000,       0.00,       0.00,     120.83,       0.00,         -2
-11,      53.25,    2489713,     415.30,     415.30,     415.30,       0.00,       0.00,       0.00,      53.25,     1150.8,     1150.8,     -0.000,     -0.891,      1.266,        1.0,        0.0,        0.0,      0.000,      0.000,      99000,     106575,    -82.254,      0.000,       0.00,       0.00,     120.83,       0.00,         -3
-10,      52.45,    2691838,     415.30,     415.30,     415.30,       0.00,       0.00,       0.00,      52.45,     1224.0,     1224.0,     -0.000,     -1.062,      1.263,        1.0,        0.0,        0.0,      0.000,      0.000,      99000,     106575,    -84.298,      0.000,       0.00,       0.00,     120.83,       0.00,         -4
-9,      51.73,    2899006,     415.30,     415.30,     415.30,       0.00,       0.00,       0.00,      51.73,     1298.3,     1298.3,     -0.000,     -1.253,      1.260,        1.0,        0.0,        0.0,      0.000,      0.000,      99000,     106575,    -86.281,      0.000,       0.00,       0.00,     120.83,       0.00,         -5
-8,      51.08,    3109866,     415.30,     415.30,     415.30,       0.00,       0.00,       0.00,      51.08,     1373.4,     1373.4,     -0.000,     -1.465,      1.257,        1.0,        0.0,        0.0,      0.000,      0.000,      99000,     106575,    -88.176,      0.000,       0.00,       0.00,     120.83,       0.00,         -7
-7,      50.51,    3322970,     415.30,     415.30,     415.30,       0.00,       0.00,       0.00,      50.51,     1449.0,     1449.0,     -0.000,     -1.696,      1.254,        1.0,        0.0,        0.0,      0.000,      0.000,      99000,     106575,    -89.949,      0.000,       0.01,       0.00,     120.82,       0.00,         -9
-6,      50.01,    3536777,     415.30,     415.30,     415.30,       0.00,       0.00,       0.00,      50.01,     1524.8,     1524.8,     -0.000,     -1.947,      1.252,        1.0,        0.0,        0.0,      0.000,      0.000,      99000,     106575,    -91.568,      0.000,       0.02,       0.01,     120.81,       0.00,        -11
-5,      49.59,    3749669,     415.30,     415.30,     415.30,       0.00,       0.00,       0.00,      49.59,     1600.5,     1600.5,     -0.000,     -2.216,      1.251,        1.0,        0.0,        0.0,      0.000,      0.000,      99000,     106575,    -93.000,      0.000,       0.03,       0.01,     120.79,       0.00,        -13
-4,      49.25,    3959969,     415.30,     415.30,     415.30,       0.00,       0.00,       0.00,      49.25,     1675.9,     1675.9,     -0.000,     -2.501,      1.249,        1.0,        0.0,        0.0,      0.000,      0.000,      99000,     106575,    -94.210,      0.000,       0.07,       0.02,     120.76,       0.00,        -15
-3,      48.98,    4165962,     415.30,     415.30,     415.30,       0.00,       0.00,       0.00,      48.98,     1750.7,     1750.7,     -0.000,     -2.800,      1.248,        1.0,        0.0,        0.0,      0.000,      0.000,      99000,     106575,    -95.166,      0.000,       0.13,       0.05,     120.69,       0.00,        -18
-2,      48.79,    4365927,     415.30,     415.30,     415.30,       0.00,       0.00,       0.00,      48.79,     1824.6,     1824.6,     -0.000,     -3.111,      1.247,        1.0,        0.0,        0.0,      0.000,      0.000,      99000,     106575,    -95.834,      0.000,       0.22,       0.08,     120.59,       0.00,        -21
-1,      48.68,    4558157,     415.30,     415.30,     415.30,       0.00,       0.00,       0.00,      48.68,     1897.2,     1897.2,     -0.000,     -3.429,      1.247,        1.0,        0.0,        0.0,      0.000,      0.000,      99000,     106575,    -96.183,      0.000,       0.37,       0.13,     120.43,       0.00,        -25
0,      48.64,    4740997,     415.30,     415.30,     415.30,       0.00,       0.00,       0.00,      48.64,     1968.4,     1968.4,     -0.000,     -3.752,      1.246,        1.0,        0.0,        0.0,      0.000,      0.000,      99000,     106575,    -96.183,      0.000,       0.58,       0.20,     120.20,       0.00,        -28
1,      48.68,    4912874,     415.30,     415.30,     415.30,       0.00,       0.00,       0.00,      48.68,     2037.7,     2037.7,     -0.000,     -4.076,      1.246,        1.0,        0.0,        0.0,      0.000,      0.000,      99000,     106575,    -95.807,      0.000,       0.89,       0.30,     119.87,       0.00,        -32
2,      48.79,    5072324,     415.30,     415.30,     415.30,       0.00,       0.00,       0.00,      48.79,     2105.0,     2105.0,     -0.000,     -4.395,      1.246,        1.0,        0.0,        0.0,      0.000,      0.000,      99000,     106575,    -95.031,      0.000,       1.30,       0.44,     119.43,       0.00,        -37
3,      48.98,    5218025,     415.30,     415.30,     415.30,       0.00,       0.00,       0.00,      48.98,     2169.9,     2169.9,     -0.000,     -4.707,      1.246,        1.0,        0.0,        0.0,      0.000,      0.000,      99000,     106575,    -93.834,      0.000,       1.82,       0.61,     118.86,       0.00,        -42
4,      49.25,    5348821,     415.30,     415.30,     415.30,       0.00,       0.00,       0.00,      49.25,     2232.2,     2232.2,     -0.000,     -5.006,      1.246,        1.0,        0.0,        0.0,      0.000,      0.000,      99000,     106575,    -92.199,      0.000,       2.48,       0.82,     118.15,       0.00,        -47
5,      49.59,    5463739,     415.30,     415.30,     415.30,       0.00,       0.00,       0.00,      49.59,     2291.5,     2291.5,     -0.000,     -5.289,      1.246,        1.0,        0.0,        0.0,      0.000,      0.000,      99000,     106575,    -90.112,      0.000,       3.27,       1.08,     117.29,       0.00,        -52
6,      50.01,    5562009,     415.30,     415.30,     415.30,       0.00,       0.00,       0.00,      50.01,     2347.6,     2347.6,     -0.000,     -5.552,      1.246,        1.0,        0.0,        0.0,      0.000,      0.000,      99000,     106575,    -87.566,      0.000,       4.20,       1.38,     116.29,       0.00,        -57
7,      50.51,    5643070,     415.30,     415.30,     415.30,       0.00,       0.00,       0.00,      50.51,     2400.3,     2400.3,     -0.000,     -5.790,      1.247,        1.0,        0.0,        0.0,      0.000,      0.000,      99000,     106575,    -84.555,      0.000,       5.25,       1.72,     115.15,       0.00,        -63
8,      51.08,    5706577,     415.30,     415.30,     415.30,       0.00,       0.00,       0.00,      51.08,     2449.4,     2449.4,     -0.000,     -6.001,      1.247,        1.0,        0.0,        0.0,      0.000,      0.000,      99000,     106575,    -81.079,      0.000,       6.40,       2.09,     113.90,       0.00,        -69
9,      51.73,    5752393,     415.30,     415.30,     415.30,       0.00,       0.00,       0.00,      51.73,     2494.7,     2494.7,     -0.000,     -6.183,      1.247,        1.0,        0.0,        0.0,      0.000,      0.000,      99000,     106575,    -77.143,      0.000,       7.64,       2.49,     112.56,       0.00,        -75
10,      52.45,    5780587,     415.30,     415.30,     415.30,       0.00,       0.00,       0.00,      52.45,     2536.2,     2536.2,     -0.000,     -6.333,      1.248,        1.0,        0.0,        0.0,      0.000,      0.000,      99000,     106575,    -72.754,      0.000,       8.93,       2.90,     111.16,       0.00,        -82
11,      53.25,    5791418,     415.30,     415.30,     415.30,       0.00,       0.00,       0.00,      53.25,     2573.7,     2573.7,     -0.000,     -6.450,      1.248,        1.0,        0.0,        0.0,      0.000,      0.000,      99000,     106575,    -67.926,      0.000,      10.25,       3.32,     109.73,       0.00,        -88
12,      54.12,    5785321,     415.30,     415.30,     415.30,       0.00,       0.00,       0.00,      54.12,     2607.1,     2607.1,     -0.000,     -6.533,      1.248,        1.0,        0.0,        0.0,      0.000,      0.000,      99000,     106575,    -62.675,      0.000,      11.56,       3.74,     108.31,       0.00,        -95
13,      55.06,    5762882,     415.30,     415.30,     415.30,       0.00,       0.00,       0.00,      55.06,     2636.4,     2636.4,     -0.000,     -6.584,      1.248,        1.0,        0.0,        0.0,      0.000,      0.000,      99000,     106575,    -57.019,      0.000,      12.82,       4.15,     106.93,       0.00,       -101
14,      56.08,    5724825,     415.30,     415.30,     415.30,       0.00,       0.00,       0.00,      56.08,     2661.6,     2661.6,     -0.000,     -6.600,      1.249,        1.0,        0.0,        0.0,      0.000,      0.000,      99000,     106575,    -50.981,      0.000,      14.02,       4.53,     105.63,       0.00,       -108
15,      57.17,    5671983,     415.30,     415.30,     415.30,       0.00,       0.00,       0.00,      57.17,     2682.7,     2682.7,     -0.000,     -6.585,      1.249,        1.0,        0.0,        0.0,      0.000,      0.000,      99000,     106575,    -44.587,      0.000,      15.12,       4.88,     104.43,       0.00,       -114
16,      58.33,    5605276,     415.30,     415.30,     415.30,       0.00,       0.00,       0.00,      58.33,     2699.8,     2699.8,     -0.000,     -6.539,      1.249,        1.0,        0.0,        0.0,      0.000,      0.000,      99000,     106575,    -37.863,      0.000,      16.11,       5.20,     103.36,       0.00,       -121
17,      59.57,    5525692,     415.30,     415.30,     415.30,       0.00,       0.00,       0.00,      59.57,     2712.9,     2712.9,     -0.000,     -6.465,      1.249,        1.0,        0.0,        0.0,      0.000,      0.000,      99000,     106575,    -30.840,      0.000,      16.96,       5.46,     102.43,       0.00,       -127
18,      60.88,    5434261,     415.30,     415.30,     415.30,       0.00,       0.00,       0.00,      60.88,     2722.0,     2722.0,     -0.000,     -6.363,      1.249,        1.0,        0.0,        0.0,      0.000,      0.000,      99000,     106575,    -23.546,      0.000,      17.65,       5.68,     101.68,       0.00,       -134
19,      62.25,    5332037,     415.30,     415.30,     415.30,       0.00,       0.00,       0.00,      62.25,     2727.2,     2727.2,     -0.000,     -6.237,      1.249,        1.0,        0.0,        0.0,      0.000,      0.000,      99000,     106575,    -16.015,      0.000,      18.18,       5.84,     101.09,       0.00,       -140
20,      63.70,    5220084,     415.30,     415.30,     415.30,       0.00,       0.00,       0.00,      63.70,     2728.5,     2728.5,     -0.000,     -6.088,      1.249,        1.0,        0.0,        0.0,      0.000,      0.000,      99000,     106575,     -8.278,      0.000,      18.55,       5.94,     100.70,       0.00,       -146
21,      65.22,    5099455,     415.30,     415.30,     415.30,       0.00,       0.00,       0.00,      65.22,     2726.0,     2726.0,     -0.000,     -5.920,      1.249,        1.0,        0.0,        0.0,      0.000,      0.000,      99000,     106575,     -0.369,      0.000,      18.73,       5.98,     100.49,       0.00,       -152
22,      66.80,    4971181,     415.30,     415.30,     415.30,       0.00,       0.00,       0.00,      66.80,     2719.8,     2719.8,     -0.000,     -5.734,      1.249,        1.0,        0.0,        0.0,      0.000,      0.000,      99000,     106575,      7.681,      0.000,      18.75,       5.97,     100.48,       0.00,       -158
23,      68.46,    4836263,     415.30,     415.30,     415.30,       0.00,       0.00,       0.00,      68.46,     2709.8,     2709.8,     -0.000,     -5.534,      1.249,        1.0,        0.0,        0.0,      0.000,      0.000,      99000,     106575,     15.839,      0.000,      18.58,       5.89,     100.66,       0.00,       -163
24,      70.18,    4695659,     415.30,     415.30,     415.30,       0.00,       0.00,       0.00,      70.18,     2696.2,     2696.2,     -0.000,     -5.322,      1.249,        1.0,        0.0,        0.0,      0.000,      0.000,      99000,     106575,     24.073,      0.000,      18.24,       5.77,     101.03,       0.00,       -169
25,      71.96,    4550282,     415.30,     415.30,     415.30,       0.00,       0.00,       0.00,      71.96,     2678.9,     2678.9,     -0.000,     -5.100,      1.249,        1.0,        0.0,        0.0,      0.000,      0.000,      99000,     106575,     32.351,      0.000,      17.74,       5.58,     101.58,       0.00,       -174
26,      73.81,    4400992,     415.30,     415.30,     415.30,       0.00,       0.00,       0.00,      73.81,     2658.5,     2658.5,     -0.000,     -4.870,      1.249,        1.0,        0.0,        0.0,      0.000,      0.000,      99000,     106575,     40.644,      0.000,      17.07,       5.35,     102.30,       0.00,       -179
27,      75.73,    4248593,     415.30,     415.30,     415.30,       0.00,       0.00,       0.00,      75.73,     2634.6,     2634.6,     -0.000,     -4.635,      1.249,        1.0,        0.0,        0.0,      0.000,      0.000,      99000,     106575,     48.922,      0.000,      16.28,       5.08,     103.16,       0.00,       -183
28,      77.71,    4093835,     415.30,     415.30,     415.30,       0.00,       0.00,       0.00,      77.71,     2606.8,     2606.8,     -0.000,     -4.396,      1.249,        1.0,        0.0,        0.0,      0.000,      0.000,      99000,     106575,     57.157,      0.000,      15.36,       4.77,     104.16,       0.00,       -188
29,      79.75,    3941115,     415.30,     415.30,     415.30,       0.00,       0.00,      79.75,       0.00,     2575.8,     2575.8,     -4.161,     -0.000,      1.249,        1.0,        0.0,        0.0,      0.000,      0.000,      99000,     106575,     65.330,      0.000,      14.31,       4.42,     105.31,       0.00,       -192
30,      81.86,    3794329,     415.30,     415.30,     415.30,       0.00,       0.00,      81.86,       0.00,     2547.4,     2547.4,     -3.943,     -0.000,      1.249,        1.0,        0.0,        0.0,      0.000,      0.000,      99000,     106575,     73.431,      0.000,      13.16,       4.05,     106.56,       0.00,       -196
31,      84.02,    3653372,     415.30,     415.30,     415.30,       0.00,       0.00,      84.02,       0.00,     2519.5,     2519.5,     -3.738,     -0.000,      1.249,        1.0,        0.0,        0.0,      0.000,      0.000,      99000,     106575,     81.451,      0.000,      12.18,       3.73,     107.63,       0.00,       -200
32,      86.25,    3518127,     415.30,     415.30,     415.30,       0.00,       0.00,      86.25,       0.00,     2492.1,     2492.1,     -3.546,     -0.000,      1.249,        1.0,        0.0,        0.0,      0.000,      0.000,      99000,     106575,     89.383,      0.000,      11.25,       3.43,     108.64,       0.00,       -203
33,      88.53,    3388457,     415.30,     415.30,     415.30,       0.00,       0.00,      88.53,       0.00,     2465.4,     2465.4,     -3.367,     -0.000,      1.249,        1.0,        0.0,        0.0,      0.000,      0.000,      99000,     106575,     97.220,      0.000,      10.38,       3.15,     109.58,       0.00,       -206
34,      90.87,    3264210,     415.30,     415.30,     415.30,       0.00,       0.00,      90.87,       0.00,     2439.2,     2439.2,     -3.198,     -0.000,      1.249,        1.0,        0.0,        0.0,      0.000,      0.000,      99000,     106575,    104.956,      0.000,       9.58,       2.90,     110.45,       0.00,       -210
35,      93.27,    3145225,     415.30,     415.30,     415.30,       0.00,       0.00,      93.27,       0.00,     2413.6,     2413.6,     -3.041,     -0.000,      1.249,        1.0,        0.0,        0.0,      0.000,      0.000,      99000,     106575,    112.586,      0.000,       8.84,       2.66,     111.26,       0.00,       -213
36,      95.73,    3031332,     415.30,     415.30,     415.30,       0.00,       0.00,      95.73,       0.00,     2388.5,     2388.5,     -2.893,     -0.000,      1.249,        1.0,        0.0,        0.0,      0.000,      0.000,      99000,     106575,    120.106,      0.000,       8.15,       2.45,     112.01,       0.00,       -216
37,      98.23,    2922356,     415.30,     415.30,     415.30,       0.00,       0.00,      98.23,       0.00,     2364.0,     2364.0,     -2.754,     -0.000,      1.250,        1.0,        0.0,        0.0,      0.000,      0.000,      99000,     106575,    127.513,      0.000,       7.51,       2.25,     112.70,       0.00,       -218
38,     100.79,    2818118,     415.30,     415.30,     415.30,       0.00,       0.00,     100.79,       0.00,     2340.1,     2340.1,     -2.625,     -0.000,      1.250,        1.0,        0.0,        0.0,      0.000,      0.000,      99000,     106575,    134.804,      0.000,       6.92,       2.07,     113.34,       0.00,       -221
39,     103.41,    2718439,     415.30,     415.30,     415.30,       0.00,       0.00,     103.41,       0.00,     2316.7,     2316.7,     -2.503,     -0.000,      1.250,        1.0,        0.0,        0.0,      0.000,      0.000,      99000,     106575,    141.976,      0.000,       6.37,       1.90,     113.93,       0.00,       -223
40,     106.07,    2623138,     415.30,     415.30,     415.30,       0.00,       0.00,     106.07,       0.00,     2293.9,     2293.9,     -2.389,     -0.000,      1.250,        1.0,        0.0,        0.0,      0.000,      0.000,      99000,     106575,    149.029,      0.000,       5.87,       1.74,     114.48,       0.00,       -226
41,     108.78,    2532037,     415.30,     415.30,     415.30,       0.00,       0.00,     108.78,       0.00,     2271.6,     2271.6,     -2.282,     -0.000,      1.250,        1.0,        0.0,        0.0,      0.000,      0.000,      99000,     106575,    155.961,      0.000,       5.41,       1.60,     114.98,       0.00,       -228
42,     111.55,    2444960,     415.30,     415.30,     415.30,       0.00,       0.00,     111.55,       0.00,     2249.8,     2249.8,     -2.182,     -0.000,      1.251,        1.0,        0.0,        0.0,      0.000,      0.000,      99000,     106575,    162.771,      0.000,       4.98,       1.47,     115.44,       0.00,       -230
43,     114.35,    2361735,     415.30,     415.30,     415.30,       0.00,       0.00,     114.35,       0.00,     2228.6,     2228.6,     -2.088,     -0.000,      1.251,        1.0,        0.0,        0.0,      0.000,      0.000,      99000,     106575,    169.460,      0.000,       4.59,       1.35,     115.87,       0.00,       -232
44,     117.21,    2282193,     415.30,     415.30,     415.30,       0.00,       0.00,     117.21,       0.00,     2207.8,     2207.8,     -2.000,     -0.000,      1.251,        1.0,        0.0,        0.0,      0.000,      0.000,      99000,     106575,    176.026,      0.000,       4.22,       1.24,     116.26,       0.00,       -234
45,     120.11,    2206170,     415.30,     415.30,     415.30,       0.00,       0.00,     120.11,       0.00,     2187.6,     2187.6,     -1.917,     -0.000,      1.251,        1.0,        0.0,        0.0,      0.000,      0.000,      99000,     106575,    182.470,      0.000,       3.89,       1.14,     116.62,       0.00,       -236
46,     123.05,    2133507,     415.30,     415.30,     415.30,       0.00,       0.00,     123.05,       0.00,     2167.8,     2167.8,     -1.839,     -0.000,      1.251,        1.0,        0.0,        0.0,      0.000,      0.000,      99000,     106575,    188.792,      0.000,       3.59,       1.05,     116.95,       0.00,       -238
47,     126.03,    2064051,     415.30,     415.30,     415.30,       0.00,       0.00,     126.03,       0.00,     2148.5,     2148.5,     -1.766,     -0.000,      1.252,        1.0,        0.0,        0.0,      0.000,      0.000,      99000,     106575,    194.994,      0.000,       3.30,       0.97,     117.25,       0.00,       -240
48,     129.06,    1997653,     415.30,     415.30,     415.30,       0.00,       0.00,     129.06,       0.00,     2129.6,     2129.6,     -1.697,     -0.000,      1.252,        1.0,        0.0,        0.0,      0.000,      0.000,      99000,     106575,    201.077,      0.000,       3.05,       0.89,     117.53,       0.00,       -242
49,     132.12,    1934170,     415.30,     415.30,     415.30,       0.00,       0.00,     132.12,       0.00,     2111.3,     2111.3,     -1.632,     -0.000,      1.252,        1.0,        0.0,        0.0,      0.000,      0.000,      99000,     106575,    207.040,      0.000,       2.81,       0.82,     117.79,       0.00,       -243
50,     135.23,    1873467,     415.30,     415.30,     415.30,       0.00,       0.00,     135.23,       0.00,     2093.3,     2093.3,     -1.571,     -0.000,      1.253,        1.0,        0.0,        0.0,      0.000,      0.000,      99000,     106575,    212.886,      0.000,       2.59,       0.75,     118.02,       0.00,       -245
51,     138.36,    1815411,     415.30,     415.30,     415.30,       0.00,       0.00,     138.36,       0.00,     2075.8,     2075.8,     -1.514,     -0.000,      1.253,        1.0,        0.0,        0.0,      0.000,      0.000,      99000,     106575,    218.616,      0.000,       2.39,       0.70,     118.24,       0.00,       -246
52,     141.54,    1759876,     415.30,     415.30,     415.30,       0.00,       0.00,     141.54,       0.00,     2058.7,     2058.7,     -1.459,     -0.000,      1.253,        1.0,        0.0,        0.0,      0.000,      0.000,      99000,     106575,    224.232,      0.000,       2.21,       0.64,     118.44,       0.00,       -248
53,     144.75,    1706744,     415.30,     415.30,     415.30,       0.00,       0.00,     144.75,       0.00,     2042.1,     2042.1,     -1.408,     -0.000,      1.253,        1.0,        0.0,        0.0,      0.000,      0.000,      99000,     106575,    229.734,      0.000,       2.04,       0.59,     118.62,       0.00,       -249
54,     147.99,    1655899,     415.30,     415.30,     415.30,       0.00,       0.00,     147.99,       0.00,     2025.8,     2025.8,     -1.360,     -0.000,      1.254,        1.0,        0.0,        0.0,      0.000,      0.000,      99000,     106575,    235.125,      0.000,       1.89,       0.55,     118.79,       0.00,       -251
55,     151.26,    1607232,     415.30,     415.30,     415.30,       0.00,       0.00,     151.26,       0.00,     2009.9,     2009.9,     -1.314,     -0.000,      1.254,        1.0,        0.0,        0.0,      0.000,      0.000,      99000,     106575,    240.406,      0.000,       1.74,       0.50,     118.94,       0.00,       -252
56,     154.56,    1560639,     415.30,     415.30,     415.30,       0.00,       0.00,     154.56,       0.00,     1994.4,     1994.4,     -1.271,     -0.000,      1.254,        1.0,        0.0,        0.0,      0.000,      0.000,      99000,     106575,    245.579,      0.000,       1.61,       0.47,     119.08,       0.00,       -253
57,     157.88,    1516020,     415.30,     415.30,     415.30,       0.00,       0.00,     157.88,       0.00,     1979.3,     1979.3,     -1.231,     -0.000,      1.255,        1.0,        0.0,        0.0,      0.000,      0.000,      99000,     106575,    250.646,      0.000,       1.49,       0.43,     119.21,       0.00,       -254
58,     161.24,    1473281,     415.30,     415.30,     415.30,       0.00,       0.00,     161.24,       0.00,     1964.5,     1964.5,     -1.192,     -0.000,      1.255,        1.0,        0.0,        0.0,      0.000,      0.000,      99000,     106575,    255.608,      0.000,       1.38,       0.40,     119.33,       0.00,       -256
59,     164.62,    1432332,     415.30,     415.30,     415.30,       0.00,       0.00,     164.62,       0.00,     1950.1,     1950.1,     -1.155,     -0.000,      1.255,        1.0,        0.0,        0.0,      0.000,      0.000,      99000,     106575,    260.468,      0.000,       1.28,       0.37,     119.44,       0.00,       -257
60,     168.03,    1393089,     415.30,     415.30,     415.30,       0.00,       0.00,     168.03,       0.00,     1936.0,     1936.0,     -1.121,     -0.000,      1.255,        1.0,        0.0,        0.0,      0.000,      0.000,      99000,     106575,    265.226,      0.000,       1.19,       0.34,     119.54,       0.00,       -258
61,     171.45,    1355469,     415.30,     415.30,     415.30,       0.00,       0.00,     171.45,       0.00,     1922.2,     1922.2,     -1.088,     -0.000,      1.256,        1.0,        0.0,        0.0,      0.000,      0.000,      99000,     106575,    269.886,      0.000,       1.10,       0.32,     119.64,       0.00,       -259
62,     174.90,    1319396,     415.30,     415.30,     415.30,       0.00,       0.00,     174.90,       0.00,     1908.8,     1908.8,     -1.057,     -0.000,      1.256,        1.0,        0.0,        0.0,      0.000,      0.000,      99000,     106575,    274.449,      0.000,       1.02,       0.29,     119.72,       0.00,       -260
63,     178.37,    1284796,     415.30,     415.30,     415.30,       0.00,       0.00,     178.37,       0.00,     1895.7,     1895.7,     -1.027,     -0.000,      1.256,        1.0,        0.0,        0.0,      0.000,      0.000,      99000,     106575,    278.916,      0.000,       0.95,       0.27,     119.80,       0.00,       -261
64,     181.85,    1251600,     415.30,     415.30,     415.30,       0.00,       0.00,     181.85,       0.00,     1882.9,     1882.9,     -0.999,     -0.000,      1.257,        1.0,        0.0,        0.0,      0.000,      0.000,      99000,     106575,    283.290,      0.000,       0.88,       0.25,     119.87,       0.00,       -262
65,     185.36,    1219743,     415.30,     415.30,     415.30,       0.00,       0.00,     185.36,       0.00,     1870.4,     1870.4,     -0.973,     -0.000,      1.257,        1.0,        0.0,        0.0,      0.000,      0.000,      99000,     106575,    287.572,      0.000,       0.82,       0.24,     119.94,       0.00,       -263
66,     188.88,    1189161,     415.30,     415.30,     415.30,       0.00,       0.00,     188.88,       0.00,     1858.2,     1858.2,     -0.947,     -0.000,      1.257,        1.0,        0.0,        0.0,      0.000,      0.000,      99000,     106575,    291.764,      0.000,       0.76,       0.22,     120.00,       0.00,       -264
67,     192.41,    1159795,     415.30,     415.30,     415.30,       0.00,       0.00,     192.41,       0.00,     1846.2,     1846.2,     -0.923,     -0.000,      1.257,        1.0,        0.0,        0.0,      0.000,      0.000,      99000,     106575,    295.869,      0.000,       0.71,       0.20,     120.06,       0.00,       -265
68,     195.95,    1131589,     415.30,     415.30,     415.30,       0.00,       0.00,     195.95,       0.00,     1834.6,     1834.6,     -0.900,     -0.000,      1.258,        1.0,        0.0,        0.0,      0.000,      0.000,      99000,     106575,    299.886,      0.000,       0.66,       0.19,     120.11,       0.00,       -266
69,     199.51,    1104489,     415.30,     415.30,     415.30,       0.00,       0.00,     199.51,       0.00,     1823.2,     1823.2,     -0.878,     -0.000,      1.258,        1.0,        0.0,        0.0,      0.000,      0.000,      99000,     106575,    303.820,      0.000,       0.62,       0.18,     120.16,       0.00,       -267
70,     203.07,    1078445,     415.30,     415.30,     415.30,       0.00,       0.00,     203.07,       0.00,     1812.1,     1812.1,     -0.857,     -0.000,      1.258,        1.0,        0.0,        0.0,      0.000,      0.000,      99000,     106575,    307.670,      0.000,       0.58,       0.17,     120.20,       0.00,       -267
71,     206.65,    1053408,     415.30,     415.30,     415.30,       0.00,       0.00,     206.65,       0.00,     1801.2,     1801.2,     -0.837,     -0.000,      1.259,        1.0,        0.0,        0.0,      0.000,      0.000,      99000,     106575,    311.439,      0.000,       0.54,       0.15,     120.25,       0.00,       -268
72,     210.23,    1029333,     415.30,     415.30,     415.30,       0.00,       0.00,     210.23,       0.00,     1790.6,     1790.6,     -0.818,     -0.000,      1.259,        1.0,        0.0,        0.0,      0.000,      0.000,      99000,     106575,    315.129,      0.000,       0.50,       0.14,     120.28,       0.00,       -269
73,     213.82,    1006176,     415.30,     415.30,     415.30,       0.00,       0.00,     213.82,       0.00,     1780.2,     1780.2,     -0.800,     -0.000,      1.259,        1.0,        0.0,        0.0,      0.000,      0.000,      99000,     106575,    318.740,      0.000,       0.47,       0.13,     120.32,       0.00,       -270
74,     217.41,     983896,     415.30,     415.30,     415.30,       0.00,       0.00,     217.41,       0.00,     1770.1,     1770.1,     -0.783,     -0.000,      1.259,        1.0,        0.0,        0.0,      0.000,      0.000,      99000,     106575,    322.275,      0.000,       0.44,       0.13,     120.35,       0.00,       -271
75,     221.00,     962454,     415.30,     415.30,     415.30,       0.00,       0.00,     221.00,       0.00,     1760.2,     1760.2,     -0.766,     -0.000,      1.260,        1.0,        0.0,        0.0,      0.000,      0.000,      99000,     106575,    325.736,      0.000,       0.41,       0.12,     120.38,       0.00,       -271
76,     224.60,     941813,     415.30,     415.30,     415.30,       0.00,       0.00,     224.60,       0.00,     1750.5,     1750.5,     -0.750,     -0.000,      1.260,        1.0,        0.0,        0.0,      0.000,      0.000,      99000,     106575,    329.123,      0.000,       0.39,       0.11,     120.41,       0.00,       -272
77,     228.19,     921937,     415.30,     415.30,     415.30,       0.00,       0.00,     228.19,       0.00,     1741.0,     1741.0,     -0.735,     -0.000,      1.260,        1.0,        0.0,        0.0,      0.000,      0.000,      99000,     106575,    332.438,      0.000,       0.36,       0.10,     120.44,       0.00,       -273
78,     231.79,     902793,     415.30,     415.30,     415.30,       0.00,       0.00,     231.79,       0.00,     1731.7,     1731.7,     -0.721,     -0.000,      1.260,        1.0,        0.0,        0.0,      0.000,      0.000,      99000,     106575,    335.684,      0.000,       0.34,       0.10,     120.46,       0.00,       -274
79,     235.38,     884350,     415.30,     415.30,     415.30,       0.00,       0.00,     235.38,       0.00,     1722.7,     1722.7,     -0.707,     -0.000,      1.261,        1.0,        0.0,        0.0,      0.000,      0.000,      99000,     106575,    338.860,      0.000,       0.32,       0.09,     120.48,       0.00,       -274
80,     238.97,     866577,     415.30,     415.30,     415.30,       0.00,       0.00,     238.97,       0.00,     1713.8,     1713.8,     -0.694,     -0.000,      1.261,        1.0,        0.0,        0.0,      0.000,      0.000,      99000,     106575,    341.969,      0.000,       0.30,       0.09,     120.50,       0.00,       -275
81,     242.56,     849445,     415.30,     415.30,     415.30,       0.00,       0.00,     242.56,       0.00,     1705.2,     1705.2,     -0.681,     -0.000,      1.261,        1.0,        0.0,        0.0,      0.000,      0.000,      99000,     106575,    345.012,      0.000,       0.28,       0.08,     120.52,       0.00,       -276
82,     246.14,     832927,     415.30,     415.30,     415.30,       0.00,       0.00,     246.14,       0.00,     1696.7,     1696.7,     -0.668,     -0.000,      1.261,        1.0,        0.0,        0.0,      0.000,      0.000,      99000,     106575,    347.990,      0.000,       0.26,       0.08,     120.54,       0.00,       -276
83,     249.71,     816996,     415.30,     415.30,     415.30,       0.00,       0.00,     249.71,       0.00,     1688.4,     1688.4,     -0.657,     -0.000,      1.262,        1.0,        0.0,        0.0,      0.000,      0.000,      99000,     106575,    350.905,      0.000,       0.25,       0.07,     120.56,       0.00,       -277
84,     253.27,     801630,     415.30,     415.30,     415.30,       0.00,       0.00,     253.27,       0.00,     1680.3,     1680.3,     -0.645,     -0.000,      1.262,        1.0,        0.0,        0.0,      0.000,      0.000,      99000,     106575,    353.758,      0.000,       0.23,       0.07,     120.57,       0.00,       -278
85,     256.83,     786803,     415.30,     415.30,     415.30,       0.00,       0.00,     256.83,       0.00,     1672.4,     1672.4,     -0.635,     -0.000,      1.262,        1.0,        0.0,        0.0,      0.000,      0.000,      99000,     106575,    356.550,      0.000,       0.22,       0.06,     120.59,       0.00,       -278
86,     260.37,     772493,     415.30,     415.30,     415.30,       0.00,       0.00,     260.37,       0.00,     1664.6,     1664.6,     -0.624,     -0.000,      1.262,        1.0,        0.0,        0.0,      0.000,      0.000,      99000,     106575,    359.282,      0.000,       0.21,       0.06,     120.60,       0.00,       -279
87,     263.90,     758680,     415.30,     415.30,     415.30,       0.00,       0.00,     263.90,       0.00,     1657.1,     1657.1,     -0.614,     -0.000,      1.263,        1.0,        0.0,        0.0,      0.000,      0.000,      99000,     106575,    361.956,      0.000,       0.20,       0.06,     120.62,       0.00,       -280
88,     267.42,     745343,     415.30,     415.30,     415.30,       0.00,       0.00,     267.42,       0.00,     1649.6,     1649.6,     -0.604,     -0.000,      1.263,        1.0,        0.0,        0.0,      0.000,      0.000,      99000,     106575,    364.573,      0.000,       0.19,       0.05,     120.63,       0.00,       -280
89,     270.92,     732462,     415.30,     415.30,     415.30,       0.00,       0.00,     270.92,       0.00,     1642.4,     1642.4,     -0.595,     -0.000,      1.263,        1.0,        0.0,        0.0,      0.000,      0.000,      99000,     106575,    367.134,      0.000,       0.18,       0.05,     120.64,       0.00,       -281
90,     274.41,     720020,     415.30,     415.30,     415.30,       0.00,       0.00,     274.41,       0.00,     1635.3,     1635.3,     -0.586,     -0.000,      1.263,        1.0,        0.0,        0.0,      0.000,      0.000,      99000,     106575,    369.640,      0.000,       0.17,       0.05,     120.65,       0.00,       -281
91,     277.88,     707998,     415.30,     415.30,     415.30,       0.00,       0.00,     277.88,       0.00,     1628.3,     1628.3,     -0.578,     -0.000,      1.264,        1.0,        0.0,        0.0,      0.000,      0.000,      99000,     106575,    372.093,      0.000,       0.16,       0.05,     120.66,       0.00,       -282
92,     281.34,     696381,     415.30,     415.30,     415.30,       0.00,       0.00,     281.34,       0.00,     1621.5,     1621.5,     -0.569,     -0.000,      1.264,        1.0,        0.0,        0.0,      0.000,      0.000,      99000,     106575,    374.492,      0.000,       0.15,       0.04,     120.67,       0.00,       -283
93,     284.77,     685152,     415.30,     415.30,     415.30,       0.00,       0.00,     284.77,       0.00,     1614.9,     1614.9,     -0.561,     -0.000,      1.264,        1.0,        0.0,        0.0,      0.000,      0.000,      99000,     106575,    376.840,      0.000,       0.14,       0.04,     120.68,       0.00,       -283
94,     288.19,     674296,     415.30,     415.30,     415.30,       0.00,       0.00,     288.19,       0.00,     1608.4,     1608.4,     -0.554,     -0.000,      1.264,        1.0,        0.0,        0.0,      0.000,      0.000,      99000,     106575,    379.137,      0.000,       0.13,       0.04,     120.68,       0.00,       -284
95,     291.59,     663799,     415.30,     415.30,     415.30,       0.00,       0.00,     291.59,       0.00,     1602.0,     1602.0,     -0.546,     -0.000,      1.264,        1.0,        0.0,        0.0,      0.000,      0.000,      99000,     106575,    381.385,      0.000,       0.13,       0.04,     120.69,       0.00,       -284
96,     294.96,     653647,     415.30,     415.30,     415.30,       0.00,       0.00,     294.96,       0.00,     1595.8,     1595.8,     -0.539,     -0.000,      1.265,        1.0,        0.0,        0.0,      0.000,      0.000,      99000,     106575,    383.584,      0.000,       0.12,       0.03,     120.70,       0.00,       -285
97,     298.32,     643827,     415.30,     415.30,     415.30,       0.00,       0.00,     298.32,       0.00,     1589.7,     1589.7,     -0.532,     -0.000,      1.265,        1.0,        0.0,        0.0,      0.000,      0.000,      99000,     106575,    385.735,      0.000,       0.11,       0.03,     120.70,       0.00,       -285
98,     301.65,     634325,     415.30,     415.30,     415.30,       0.00,       0.00,     301.65,       0.00,     1583.7,     1583.7,     -0.526,     -0.000,      1.265,        1.0,        0.0,        0.0,      0.000,      0.000,      99000,     106575,    387.840,      0.000,       0.11,       0.03,     120.71,       0.00,       -286
99,     304.95,     625131,     415.30,     415.30,     415.30,       0.00,       0.00,     304.95,       0.00,     1577.9,     1577.9,     -0.519,     -0.000,      1.265,        1.0,        0.0,        0.0,      0.000,      0.000,      99000,     106575,    389.898,      0.000,       0.10,       0.03,     120.72,       0.00,       -286
100,     308.23,     616233,     415.30,     415.30,     415.30,       0.00,       0.00,     308.23,       0.00,     1572.1,     1572.1,     -0.513,     -0.000,      1.265,        1.0,        0.0,        0.0,      0.000,      0.000,      99000,     106575,    391.912,      0.000,       0.10,       0.03,     120.72,       0.00,       -287
101,     311.49,     607620,     415.30,     415.30,     415.30,       0.00,       0.00,     311.49,       0.00,     1566.5,     1566.5,     -0.507,     -0.000,      1.266,        1.0,        0.0,        0.0,      0.000,      0.000,      99000,     106575,    393.882,      0.000,       0.09,       0.03,     120.73,       0.00,       -287
102,     314.71,     599281,     415.30,     415.30,     415.30,       0.00,       0.00,     314.71,       0.00,     1561.1,     1561.1,     -0.501,     -0.000,      1.266,        1.0,        0.0,        0.0,      0.000,      0.000,      99000,     106575,    395.808,      0.000,       0.09,       0.03,     120.73,       0.00,       -288
103,     317.91,     591207,     415.30,     415.30,     415.30,       0.00,       0.00,     317.91,       0.00,     1555.7,     1555.7,     -0.496,     -0.000,      1.266,        1.0,        0.0,        0.0,      0.000,      0.000,      99000,     106575,    397.692,      0.000,       0.09,       0.02,     120.74,       0.00,       -288
104,     321.09,     583388,     415.30,     415.30,     415.30,       0.00,       0.00,     321.09,       0.00,     1550.4,     1550.4,     -0.490,     -0.000,      1.266,        1.0,        0.0,        0.0,      0.000,      0.000,      99000,     106575,    399.534,      0.000,       0.08,       0.02,     120.74,       0.00,       -289
105,     324.23,     575814,     415.30,     415.30,     415.30,       0.00,       0.00,     324.23,       0.00,     1545.3,     1545.3,     -0.485,     -0.000,      1.266,        1.0,        0.0,        0.0,      0.000,      0.000,      99000,     106575,    401.336,      0.000,       0.08,       0.02,     120.74,       0.00,       -289
106,     327.34,     568478,     415.30,     415.30,     415.30,       0.00,       0.00,     327.34,       0.00,     1540.3,     1540.3,     -0.480,     -0.000,      1.267,        1.0,        0.0,        0.0,      0.000,      0.000,      99000,     106575,    403.097,      0.000,       0.07,       0.02,     120.75,       0.00,       -290
107,     330.43,     561371,     415.30,     415.30,     415.30,       0.00,       0.00,     330.43,       0.00,     1535.3,     1535.3,     -0.475,     -0.000,      1.267,        1.0,        0.0,        0.0,      0.000,      0.000,      99000,     106575,    404.819,      0.000,       0.07,       0.02,     120.75,       0.00,       -290
108,     333.48,     554484,     415.30,     415.30,     415.30,       0.00,       0.00,     333.48,       0.00,     1530.5,     1530.5,     -0.470,     -0.000,      1.267,        1.0,        0.0,        0.0,      0.000,      0.000,      99000,     106575,    406.503,      0.000,       0.07,       0.02,     120.75,       0.00,       -291
109,     336.50,     547811,     415.30,     415.30,     415.30,       0.00,       0.00,     336.50,       0.00,     1525.8,     1525.8,     -0.466,     -0.000,      1.267,        1.0,        0.0,        0.0,      0.000,      0.000,      99000,     106575,    408.148,      0.000,       0.07,       0.02,     120.76,       0.00,       -291
110,     339.49,     541343,     415.30,     415.30,     415.30,       0.00,       0.00,     339.49,       0.00,     1521.2,     1521.2,     -0.461,     -0.000,      1.267,        1.0,        0.0,        0.0,      0.000,      0.000,      99000,     106575,    409.756,      0.000,       0.06,       0.02,     120.76,       0.00,       -292
111,     342.44,     535075,     415.30,     415.30,     415.30,       0.00,       0.00,     342.44,       0.00,     1516.6,     1516.6,     -0.457,     -0.000,      1.268,        1.0,        0.0,        0.0,      0.000,      0.000,      99000,     106575,    411.328,      0.000,       0.06,       0.02,     120.76,       0.00,       -292
112,     345.36,     528998,     415.30,     415.30,     415.30,       0.00,       0.00,     345.36,       0.00,     1512.2,     1512.2,     -0.453,     -0.000,      1.268,        1.0,        0.0,        0.0,      0.000,      0.000,      99000,     106575,    412.864,      0.000,       0.06,       0.02,     120.77,       0.00,       -293
113,     348.25,     523108,     415.30,     415.30,     415.30,       0.00,       0.00,     348.25,       0.00,     1507.9,     1507.9,     -0.449,     -0.000,      1.268,        1.0,        0.0,        0.0,      0.000,      0.000,      99000,     106575,    414.365,      0.000,       0.06,       0.02,     120.77,       0.00,       -293
114,     351.10,     517397,     415.30,     415.30,     415.30,       0.00,       0.00,     351.10,       0.00,     1503.6,     1503.6,     -0.445,     -0.000,      1.268,        1.0,        0.0,        0.0,      0.000,      0.000,      99000,     106575,    415.831,      0.000,       0.05,       0.02,     120.77,       0.00,       -293
115,     353.91,     511860,     415.30,     415.30,     415.30,       0.00,       0.00,     353.91,       0.00,     1499.5,     1499.5,     -0.441,     -0.000,      1.268,        1.0,        0.0,        0.0,      0.000,      0.000,      99000,     106575,    417.264,      0.000,       0.05,       0.02,     120.77,       0.00,       -294
116,     356.69,     506193,     415.30,     415.30,     415.30,       0.00,       0.00,     356.69,       0.00,     1494.5,     1494.5,     -0.824,     -0.000,      1.268,        1.0,        0.0,        0.0,      0.000,      0.000,      99000,     106575,    417.264,     -1.398,       0.05,       0.01,     120.78,       0.00,       -295
117,     359.44,     500696,     415.30,     415.30,     415.30,       0.00,       0.00,     359.44,       0.00,     1489.7,     1489.7,     -0.818,     -0.000,      1.269,        1.0,        0.0,        0.0,      0.000,      0.000,      99000,     106575,    417.264,     -2.763,       0.05,       0.01,     120.78,       0.00,       -296
118,     362.15,     495364,     415.30,     415.30,     415.30,       0.00,       0.00,     362.15,       0.00,     1484.9,     1484.9,     -0.812,     -0.000,      1.269,        1.0,        0.0,        0.0,      0.000,      0.000,      99000,     106575,    417.264,     -4.094,       0.04,       0.01,     120.78,       0.00,       -296
119,     364.81,     490170,     415.29,     415.30,     415.30,       0.00,       0.01,     364.81,       0.00,     1480.2,     1480.2,     -0.805,     -0.000,      1.269,        1.0,        0.0,        0.4,      0.000,      0.290,      99000,     106644,    417.264,     -5.393,       0.04,       0.01,     120.78,       0.00,       -297
120,     367.45,     485023,     415.21,     415.29,     415.29,       0.00,       0.08,     367.45,       0.00,     1475.6,     1475.6,     -0.799,     -0.000,      1.269,        1.0,        0.0,        2.5,      0.000,      1.809,      99000,     106967,    417.264,     -6.661,       0.04,       0.01,     120.78,       0.00,       -298
121,     370.04,     479924,     415.06,     415.21,     415.21,       0.00,       0.15,     370.04,       0.00,     1471.0,     1471.0,     -0.793,     -0.000,      1.269,        1.0,        0.0,        4.6,      0.000,      3.317,      99000,     107277,    417.264,     -7.896,       0.04,       0.01,     120.79,       0.00,       -299
122,     372.59,     474873,     414.84,     415.06,     415.06,       0.00,       0.21,     372.59,       0.00,     1466.4,     1466.4,     -0.787,     -0.000,      1.269,        1.0,        0.0,        6.7,      0.000,      4.815,      99000,     107591,    417.264,     -9.100,       0.04,       0.01,     120.79,       0.00,       -300
123,     375.11,     469870,     414.56,     414.84,     414.84,       0.00,       0.28,     375.11,       0.00,     1461.8,     1461.8,     -0.780,     -0.000,      1.270,        1.0,        0.0,        8.8,      0.000,      6.302,      99000,     107912,    417.264,    -10.273,       0.04,       0.01,     120.79,       0.00,       -300
124,     377.59,     464914,     414.22,     414.56,     414.56,       0.00,       0.34,     377.59,       0.00,     1457.3,     1457.3,     -0.774,     -0.000,      1.270,        1.0,        0.0,       10.9,      0.000,      7.779,      99000,     108236,    417.264,    -11.415,       0.03,       0.01,     120.79,       0.00,       -301
125,     380.02,     459950,     413.77,     414.22,     414.22,       0.00,       0.44,     380.02,       0.00,     1452.7,     1452.7,     -0.768,     -0.000,      1.270,        1.0,        0.0,       14.1,      0.000,     10.086,      99000,     108748,    417.264,    -12.526,       0.03,       0.01,     120.79,       0.00,       -302
126,     382.42,     454938,     413.20,     413.77,     413.77,       0.00,       0.57,     382.42,       0.00,     1448.1,     1448.1,     -0.761,     -0.000,      1.270,        1.0,        0.0,       18.3,      0.000,     13.000,      99000,     109390,    417.264,    -13.607,       0.03,       0.01,     120.80,       0.00,       -303
127,     384.77,     449883,     412.51,     413.20,     413.20,       0.00,       0.70,     384.77,       0.00,     1443.4,     1443.4,     -0.754,     -0.000,      1.270,        1.0,        0.0,       22.5,      0.000,     15.882,      99000,     110025,    417.264,    -14.658,       0.03,       0.01,     120.80,       0.00,       -303
128,     387.09,     444759,     411.67,     412.51,     412.51,       0.00,       0.84,     387.09,       0.00,     1438.6,     1438.6,     -0.747,     -0.000,      1.271,        1.0,        0.0,       27.4,      0.000,     19.196,      99000,     110769,    417.264,    -15.678,       0.03,       0.01,     120.80,       0.00,       -304
129,     389.36,     439560,     410.68,     411.67,     411.67,       0.00,       0.99,     389.36,       0.00,     1433.8,     1433.8,     -0.740,     -0.000,      1.271,        1.0,        0.0,       32.5,      0.000,     22.616,      99000,     111544,    417.264,    -16.669,       0.03,       0.01,     120.80,       0.00,       -305
130,     391.60,     434294,     409.55,     410.68,     410.68,       0.00,       1.13,     391.60,       0.00,     1428.8,     1428.8,     -0.732,     -0.000,      1.271,        1.0,        0.0,       37.5,      0.000,     25.993,      99000,     112319,    417.264,    -17.630,       0.03,       0.01,     120.80,       0.00,       -306
131,     393.79,     428891,     408.23,     409.55,     409.55,       0.00,       1.32,     393.79,       0.00,     1423.8,     1423.8,     -0.724,     -0.000,      1.271,        1.0,        0.0,       44.3,      0.000,     30.484,      99000,     113361,    417.264,    -18.560,       0.02,       0.01,     120.80,       0.00,       -306
132,     395.94,     423323,     406.69,     408.23,     408.23,       0.00,       1.54,     395.94,       0.00,     1418.6,     1418.6,     -0.716,     -0.000,      1.271,        1.0,        0.0,       52.0,      0.000,     35.471,      99000,     114522,    417.264,    -19.461,       0.02,       0.01,     120.80,       0.00,       -307
133,     398.04,     417603,     404.93,     406.69,     406.69,       0.00,       1.75,     398.04,       0.00,     1413.2,     1413.2,     -0.708,     -0.000,      1.272,        1.0,        0.0,       59.7,      0.000,     40.378,      99000,     115680,    417.264,    -20.333,       0.02,       0.01,     120.81,       0.00,       -308
134,     400.11,     411617,     402.89,     404.93,     404.93,       0.00,       2.05,     400.11,       0.00,     1407.6,     1407.6,     -0.698,     -0.000,      1.272,        1.0,        0.0,       70.4,      0.000,     47.109,      99000,     117298,    417.264,    -21.174,       0.02,       0.01,     120.81,       0.00,       -308
135,     402.13,     405364,     400.54,     402.89,     402.89,       0.00,       2.35,     402.13,       0.00,     1401.8,     1401.8,     -0.688,     -0.000,      1.272,        1.0,        0.0,       81.5,      0.000,     54.012,      99000,     118980,    417.264,    -21.985,       0.02,       0.01,     120.81,       0.00,       -309
136,     404.11,     398854,     397.89,     400.54,     400.54,       0.00,       2.65,     404.11,       0.00,     1395.7,     1395.7,     -0.678,     -0.000,      1.272,        1.0,        0.0,       92.8,      0.000,     60.859,      99000,     120697,    417.264,    -22.766,       0.02,       0.01,     120.81,       0.00,       -310
137,     406.05,     392005,     394.88,     397.89,     397.89,       0.00,       3.01,     406.05,       0.00,     1389.3,     1389.3,     -0.667,     -0.000,      1.273,        1.0,        0.0,      106.8,      0.000,     69.163,      99000,     122793,    417.264,    -23.517,       0.02,       0.01,     120.81,       0.00,       -310
138,     407.94,     384840,     391.51,     394.88,     394.88,       0.00,       3.37,     407.94,       0.00,     1382.5,     1382.5,     -0.655,     -0.000,      1.273,        1.0,        0.0,      120.7,      0.000,     77.277,      99000,     124816,    417.264,    -24.238,       0.02,       0.00,     120.81,       0.00,       -311
139,     409.79,     377364,     387.79,     391.51,     391.51,       0.00,       3.72,     409.79,       0.00,     1375.3,     1375.3,     -0.643,     -0.000,      1.273,        1.0,        0.0,      135.2,      0.000,     85.498,      99000,     126867,    417.264,    -24.928,       0.01,       0.00,     120.81,       0.00,       -312
140,     411.60,     369546,     383.68,     387.79,     387.79,       0.00,       4.11,     411.60,       0.00,     1367.8,     1367.8,     -0.629,     -0.000,      1.274,        1.0,        0.0,      151.2,      0.000,     94.438,      99000,     129102,    417.264,    -25.588,       0.01,       0.00,     120.81,       0.00,       -312
141,     413.37,     361416,     379.19,     383.68,     383.68,       0.00,       4.49,     413.37,       0.00,     1359.8,     1359.8,     -0.616,     -0.000,      1.274,        1.0,        0.0,      167.3,      0.000,    103.167,      99000,     131280,    417.264,    -26.218,       0.01,       0.00,     120.82,       0.00,       -313
142,     415.09,     352974,     374.33,     379.19,     379.19,       0.00,       4.87,     415.09,       0.00,     1351.5,     1351.5,     -0.601,     -0.000,      1.274,        1.0,        0.0,      184.2,      0.000,    112.186,      99000,     133536,    417.264,    -26.817,       0.01,       0.00,     120.82,       0.00,       -314
143,     416.76,     344211,     369.07,     374.33,     374.33,       0.00,       5.26,     416.76,       0.00,     1342.7,     1342.7,     -0.586,     -0.000,      1.275,        1.0,        0.0,      202.4,      0.000,    121.640,      99000,     135906,    417.264,    -27.387,       0.01,       0.00,     120.82,       0.00,       -314
144,     418.40,     335165,     363.44,     369.07,     369.07,       0.00,       5.63,     418.40,       0.00,     1333.4,     1333.4,     -0.570,     -0.000,      1.275,        1.0,        0.0,      220.5,      0.000,    130.872,      99000,     138210,    417.264,    -27.927,       0.01,       0.00,     120.82,       0.00,       -315
145,     419.98,     325816,     357.41,     363.44,     363.44,       0.00,       6.03,     419.98,       0.00,     1323.7,     1323.7,     -0.554,     -0.000,      1.275,        1.0,        0.0,      240.4,      0.000,    140.793,      99000,     140699,    417.264,    -28.437,       0.01,       0.00,     120.82,       0.00,       -315
146,     421.53,     316173,     350.98,     357.41,     357.41,       0.00,       6.43,     421.53,       0.00,     1313.5,     1313.5,     -0.537,     -0.000,      1.276,        1.0,        0.0,      261.3,      0.000,    151.030,      99000,     143266,    417.264,    -28.919,       0.01,       0.00,     120.82,       0.00,       -316
147,     423.03,     306281,     344.19,     350.98,     350.98,       0.00,       6.80,     423.03,       0.00,     1302.8,     1302.8,     -0.519,     -0.000,      1.276,        1.0,        0.0,      282.2,      0.000,    161.034,      99000,     145758,    417.264,    -29.372,       0.01,       0.00,     120.82,       0.00,       -316
148,     424.49,     296207,     337.07,     344.19,     344.19,       0.00,       7.12,     424.49,       0.00,     1291.6,     1291.6,     -0.501,     -0.000,      1.277,        1.0,        0.0,      303.7,      0.000,    170.438,      99000,     148073,    417.264,    -29.796,       0.01,       0.00,     120.82,       0.00,       -317
149,     425.90,     286044,     329.70,     337.07,     337.07,       0.00,       7.37,     425.90,       0.00,     1279.9,     1279.9,     -0.483,     -0.000,      1.278,        1.0,        0.0,      325.3,      0.000,    178.764,      99000,     150066,    417.264,    -30.194,       0.00,       0.00,     120.82,       0.00,       -317
150,     427.27,     275839,     322.12,     329.70,     329.70,       0.00,       7.58,     427.27,       0.00,     1267.8,     1267.8,     -0.465,     -0.000,      1.278,        1.0,        0.0,      347.0,      0.000,    186.751,      99000,     151946,    417.264,    -30.565,       0.00,       0.00,     120.83,       0.00,       -318
151,     428.59,     265589,     314.32,     322.12,     322.12,       0.00,       7.80,     428.59,       0.00,     1255.4,     1255.4,     -0.446,     -0.000,      1.279,        1.0,        0.0,      370.7,      0.000,    195.236,      99000,     153953,    417.264,    -30.911,       0.00,       0.00,     120.83,       0.00,       -318
152,     429.87,     255340,     306.34,     314.32,     314.32,       0.00,       7.98,     429.87,       0.00,     1242.7,     1242.7,     -0.428,     -0.000,      1.279,        1.0,        0.0,      394.4,      0.000,    203.366,      99000,     155961,    417.264,    -31.231,       0.00,       0.00,     120.83,       0.00,       -319
153,     431.10,     245130,     298.21,     306.34,     306.34,       0.00,       8.13,     431.10,       0.00,     1229.5,     1229.5,     -0.410,     -0.000,      1.280,        1.0,        0.0,      418.4,      0.000,    211.259,      99000,     157992,    417.264,    -31.528,       0.00,       0.00,     120.83,       0.00,       -319
154,     432.29,     234981,     289.95,     298.21,     298.21,       0.00,       8.26,     432.29,       0.00,     1216.1,     1216.1,     -0.391,     -0.000,      1.281,        1.0,        0.0,      443.5,      0.000,    219.236,      99000,     160125,    417.264,    -31.803,       0.00,       0.00,     120.83,       0.00,       -320
155,     433.44,     224931,     281.58,     289.95,     289.95,       0.00,       8.36,     433.44,       0.00,     1202.3,     1202.3,     -0.373,     -0.000,      1.281,        1.0,        0.0,      468.6,      0.000,    226.884,      99000,     162213,    417.264,    -32.055,       0.00,       0.00,     120.83,       0.00,       -320
156,     434.54,     215028,     273.17,     281.58,     281.58,       0.00,       8.42,     434.54,       0.00,     1188.2,     1188.2,     -0.356,     -0.000,      1.282,        1.0,        0.0,      493.1,      0.000,    234.007,      99000,     164177,    417.264,    -32.287,       0.00,       0.00,     120.83,       0.00,       -320
157,     435.59,     205384,     264.78,     273.17,     273.17,       0.00,       8.38,     435.59,       0.00,     1173.9,     1173.9,     -0.338,     -0.000,      1.283,        1.0,        0.0,      516.6,      0.000,    235.054,      99000,     164083,    417.264,    -32.499,       0.00,       0.00,     120.83,       0.00,       -321
158,     436.60,     196118,     256.54,     264.78,     264.78,       0.00,       8.24,     436.60,       0.00,     1159.6,     1159.6,     -0.322,     -0.000,      1.284,        1.0,        0.0,      540.0,      0.000,    231.009,      99000,     162235,    417.264,    -32.693,       0.00,       0.00,     120.83,       0.00,       -321
159,     437.57,     187289,     248.51,     256.54,     256.54,       0.00,       8.03,     437.57,       0.00,     1145.6,     1145.6,     -0.306,     -0.000,      1.285,        1.0,        0.0,      564.4,      0.000,    225.575,      99000,     159966,    417.264,    -32.870,       0.00,       0.00,     120.83,       0.00,       -321
160,       0.00,          0,       0.00,       0.00,       0.00,       0.00,       0.00,       0.00,       0.00,        0.0,        0.0,      0.000,      0.000,      0.000,        0.0,        0.0,        0.0,      0.000,      0.000,          0,          0,      0.000,      0.000,       0.00,       0.00,       0.00,       0.00,          0
161,       0.00,          0,       0.00,       0.00,       0.00,       0.00,       0.00,       0.00,       0.00,        0.0,        0.0,      0.000,      0.000,      0.000,        0.0,        0.0,        0.0,      0.000,      0.000,          0,          0,      0.000,      0.000,       0.00,       0.00,       0.00,       0.00,          0
162,       0.00,          0,       0.00,       0.00,       0.00,       0.00,       0.00,       0.00,       0.00,        0.0,        0.0,      0.000,      0.000,      0.000,        0.0,        0.0,        0.0,      0.000,      0.000,          0,          0,      0.000,      0.000,       0.00,       0.00,       0.00,       0.00,          0
163,       0.00,          0,       0.00,       0.00,       0.00,       0.00,       0.00,       0.00,       0.00,        0.0,        0.0,      0.000,      0.000,      0.000,        0.0,        0.0,        0.0,      0.000,      0.000,          0,          0,      0.000,      0.000,       0.00,       0.00,       0.00,       0.00,          0
164,       0.00,          0,       0.00,       0.00,       0.00,       0.00,       0.00,       0.00,       0.00,        0.0,        0.0,      0.000,      0.000,      0.000,        0.0,        0.0,        0.0,      0.000,      0.000,          0,          0,      0.000,      0.000,       0.00,       0.00,       0.00,       0.00,          0
165,       0.00,          0,       0.00,       0.00,       0.00,       0.00,       0.00,       0.00,       0.00,        0.0,        0.0,      0.000,      0.000,      0.000,        0.0,        0.0,        0.0,      0.000,      0.000,          0,          0,      0.000,      0.000,       0.00,       0.00,       0.00,       0.00,          0
166,       0.00,          0,       0.00,       0.00,       0.00,       0.00,       0.00,       0.00,       0.00,        0.0,        0.0,      0.000,      0.000,      0.000,        0.0,        0.0,        0.0,      0.000,      0.000,          0,          0,      0.000,      0.000,       0.00,       0.00,       0.00,       0.00,          0
167,       0.00,          0,       0.00,       0.00,       0.00,       0.00,       0.00,       0.00,       0.00,        0.0,        0.0,      0.000,      0.000,      0.000,        0.0,        0.0,        0.0,      0.000,      0.000,          0,          0,      0.000,      0.000,       0.00,       0.00,       0.00,       0.00,          0
168,       0.00,          0,       0.00,       0.00,       0.00,       0.00,       0.00,       0.00,       0.00,        0.0,        0.0,      0.000,      0.000,      0.000,        0.0,        0.0,        0.0,      0.000,      0.000,          0,          0,      0.000,      0.000,       0.00,       0.00,       0.00,       0.00,          0
169,       0.00,          0,       0.00,       0.00,       0.00,       0.00,       0.00,       0.00,       0.00,        0.0,        0.0,      0.000,      0.000,      0.000,        0.0,        0.0,        0.0,      0.000,      0.000,          0,          0,      0.000,      0.000,       0.00,       0.00,       0.00,       0.00,          0
170,       0.00,          0,       0.00,       0.00,       0.00,       0.00,       0.00,       0.00,       0.00,        0.0,        0.0,      0.000,      0.000,      0.000,        0.0,        0.0,        0.0,      0.000,      0.000,          0,          0,      0.000,      0.000,       0.00,       0.00,       0.00,       0.00,          0
171,       0.00,          0,       0.00,       0.00,       0.00,       0.00,       0.00,       0.00,       0.00,        0.0,        0.0,      0.000,      0.000,      0.000,        0.0,        0.0,        0.0,      0.000,      0.000,          0,          0,      0.000,      0.000,       0.00,       0.00,       0.00,       0.00,          0
172,       0.00,          0,       0.00,       0.00,       0.00,       0.00,       0.00,       0.00,       0.00,        0.0,        0.0,      0.000,      0.000,      0.000,        0.0,        0.0,        0.0,      0.000,      0.000,          0,          0,      0.000,      0.000,       0.00,       0.00,       0.00,       0.00,          0
173,       0.00,          0,       0.00,       0.00,       0.00,       0.00,       0.00,       0.00,       0.00,        0.0,        0.0,      0.000,      0.000,      0.000,        0.0,        0.0,        0.0,      0.000,      0.000,          0,          0,      0.000,      0.000,       0.00,       0.00,       0.00,       0.00,          0
174,       0.00,          0,       0.00,       0.00,       0.00,       0.00,       0.00,       0.00,       0.00,        0.0,        0.0,      0.000,      0.000,      0.000,        0.0,        0.0,        0.0,      0.000,      0.000,          0,          0,      0.000,      0.000,       0.00,       0.00,       0.00,       0.00,          0
175,       0.00,          0,       0.00,       0.00,       0.00,       0.00,       0.00,       0.00,       0.00,        0.0,        0.0,      0.000,      0.000,      0.000,        0.0,        0.0,        0.0,      0.000,      0.000,          0,          0,      0.000,      0.000,       0.00,       0.00,       0.00,       0.00,          0
176,       0.00,          0,       0.00,       0.00,       0.00,       0.00,       0.00,       0.00,       0.00,        0.0,        0.0,      0.000,      0.000,      0.000,        0.0,        0.0,        0.0,      0.000,      0.000,          0,          0,      0.000,      0.000,       0.00,       0.00,       0.00,       0.00,          0
177,       0.00,          0,       0.00,       0.00,       0.00,       0.00,       0.00,       0.00,       0.00,        0.0,        0.0,      0.000,      0.000,      0.000,        0.0,        0.0,        0.0,      0.000,      0.000,          0,          0,      0.000,      0.000,       0.00,       0.00,       0.00,       0.00,          0
178,       0.00,          0,       0.00,       0.00,       0.00,       0.00,       0.00,       0.00,       0.00,        0.0,        0.0,      0.000,      0.000,      0.000,        0.0,        0.0,        0.0,      0.000,      0.000,          0,          0,      0.000,      0.000,       0.00,       0.00,       0.00,       0.00,          0
179,       0.00,          0,       0.00,       0.00,       0.00,       0.00,       0.00,       0.00,       0.00,        0.0,        0.0,      0.000,      0.000,      0.000,        0.0,        0.0,        0.0,      0.000,      0.000,          0,          0,      0.000,      0.000,       0.00,       0.00,       0.00,       0.00,          0
180,       0.00,          0,       0.00,       0.00,       0.00,       0.00,       0.00,       0.00,       0.00,        0.0,        0.0,      0.000,      0.000,      0.000,        0.0,        0.0,        0.0,      0.000,      0.000,          0,          0,      0.000,      0.000,       0.00,       0.00,       0.00,       0.00,          0
181,       0.00,          0,       0.00,       0.00,       0.00,       0.00,       0.00,       0.00,       0.00,        0.0,        0.0,      0.000,      0.000,      0.000,        0.0,        0.0,        0.0,      0.000,      0.000,          0,          0,      0.000,      0.000,       0.00,       0.00,       0.00,       0.00,          0
182,       0.00,          0,       0.00,       0.00,       0.00,       0.00,       0.00,       0.00,       0.00,        0.0,        0.0,      0.000,      0.000,      0.000,        0.0,        0.0,        0.0,      0.000,      0.000,          0,          0,      0.000,      0.000,       0.00,       0.00,       0.00,       0.00,          0
183,       0.00,          0,       0.00,       0.00,       0.00,       0.00,       0.00,       0.00,       0.00,        0.0,        0.0,      0.000,      0.000,      0.000,        0.0,        0.0,        0.0,      0.000,      0.000,          0,          0,      0.000,      0.000,       0.00,       0.00,       0.00,       0.00,          0
184,       0.00,          0,       0.00,       0.00,       0.00,       0.00,       0.00,       0.00,       0.00,        0.0,        0.0,      0.000,      0.000,      0.000,        0.0,        0.0,        0.0,      0.000,      0.000,          0,          0,      0.000,      0.000,       0.00,       0.00,       0.00,       0.00,          0
185,       0.00,          0,       0.00,       0.00,       0.00,       0.00,       0.00,       0.00,       0.00,        0.0,        0.0,      0.000,      0.000,      0.000,        0.0,        0.0,        0.0,      0.000,      0.000,          0,          0,      0.000,      0.000,       0.00,       0.00,       0.00,       0.00,          0
186,       0.00,          0,       0.00,       0.00,       0.00,       0.00,       0.00,       0.00,       0.00,        0.0,        0.0,      0.000,      0.000,      0.000,        0.0,        0.0,        0.0,      0.000,      0.000,          0,          0,      0.000,      0.000,       0.00,       0.00,       0.00,       0.00,          0
187,       0.00,          0,       0.00,       0.00,       0.00,       0.00,       0.00,       0.00,       0.00,        0.0,        0.0,      0.000,      0.000,      0.000,        0.0,        0.0,        0.0,      0.000,      0.000,          0,          0,      0.000,      0.000,       0.00,       0.00,       0.00,       0.00,          0
188,       0.00,          0,       0.00,       0.00,       0.00,       0.00,       0.00,       0.00,       0.00,        0.0,        0.0,      0.000,      0.000,      0.000,        0.0,        0.0,        0.0,      0.000,      0.000,          0,          0,      0.000,      0.000,       0.00,       0.00,       0.00,       0.00,          0
189,       0.00,          0,       0.00,       0.00,       0.00,       0.00,       0.00,       0.00,       0.00,        0.0,        0.0,      0.000,      0.000,      0.000,        0.0,        0.0,        0.0,      0.000,      0.000,          0,          0,      0.000,      0.000,       0.00,       0.00,       0.00,       0.00,          0
190,       0.00,          0,       0.00,       0.00,       0.00,       0.00,       0.00,       0.00,       0.00,        0.0,        0.0,      0.000,      0.000,      0.000,        0.0,        0.0,        0.0,      0.000,      0.000,          0,          0,      0.000,      0.000,       0.00,       0.00,       0.00,       0.00,          0
191,       0.00,          0,       0.00,       0.00,       0.00,       0.00,       0.00,       0.00,       0.00,        0.0,        0.0,      0.000,      0.000,      0.000,        0.0,        0.0,        0.0,      0.000,      0.000,          0,          0,      0.000,      0.000,       0.00,       0.00,       0.00,       0.00,          0
192,       0.00,          0,       0.00,       0.00,       0.00,       0.00,       0.00,       0.00,       0.00,        0.0,        0.0,      0.000,      0.000,      0.000,        0.0,        0.0,        0.0,      0.000,      0.000,          0,          0,      0.000,      0.000,       0.00,       0.00,       0.00,       0.00,          0
193,       0.00,          0,       0.00,       0.00,       0.00,       0.00,       0.00,       0.00,       0.00,        0.0,        0.0,      0.000,      0.000,      0.000,        0.0,        0.0,        0.0,      0.000,      0.000,          0,          0,      0.000,      0.000,       0.00,       0.00,       0.00,       0.00,          0
194,       0.00,          0,       0.00,       0.00,       0.00,       0.00,       0.00,       0.00,       0.00,        0.0,        0.0,      0.000,      0.000,      0.000,        0.0,        0.0,        0.0,      0.000,      0.000,          0,          0,      0.000,      0.000,       0.00,       0.00,       0.00,       0.00,          0
195,       0.00,          0,       0.00,       0.00,       0.00,       0.00,       0.00,       0.00,       0.00,        0.0,        0.0,      0.000,      0.000,      0.000,        0.0,        0.0,        0.0,      0.000,      0.000,          0,          0,      0.000,      0.000,       0.00,       0.00,       0.00,       0.00,          0
196,       0.00,          0,       0.00,       0.00,       0.00,       0.00,       0.00,       0.00,       0.00,        0.0,        0.0,      0.000,      0.000,      0.000,        0.0,        0.0,        0.0,      0.000,      0.000,          0,          0,      0.000,      0.000,       0.00,       0.00,       0.00,       0.00,          0
197,       0.00,          0,       0.00,       0.00,       0.00,       0.00,       0.00,       0.00,       0.00,        0.0,        0.0,      0.000,      0.000,      0.000,        0.0,        0.0,        0.0,      0.000,      0.000,          0,          0,      0.000,      0.000,       0.00,       0.00,       0.00,       0.00,          0
198,       0.00,          0,       0.00,       0.00,       0.00,       0.00,       0.00,       0.00,       0.00,        0.0,        0.0,      0.000,      0.000,      0.000,        0.0,        0.0,        0.0,      0.000,      0.000,          0,          0,      0.000,      0.000,       0.00,       0.00,       0.00,       0.00,          0
199,       0.00,          0,       0.00,       0.00,       0.00,       0.00,       0.00,       0.00,       0.00,        0.0,        0.0,      0.000,      0.000,      0.000,        0.0,        0.0,        0.0,      0.000,      0.000,          0,          0,      0.000,      0.000,       0.00,       0.00,       0.00,       0.00,          0
200,       0.00,          0,       0.00,       0.00,       0.00,       0.00,       0.00,       0.00,       0.00,        0.0,        0.0,      0.000,      0.000,      0.000,        0.0,        0.0,        0.0,      0.000,      0.000,          0,          0,      0.000,      0.000,       0.00,       0.00,       0.00,       0.00,          0
201,       0.00,          0,       0.00,       0.00,       0.00,       0.00,       0.00,       0.00,       0.00,        0.0,        0.0,      0.000,      0.000,      0.000,        0.0,        0.0,        0.0,      0.000,      0.000,          0,          0,      0.000,      0.000,       0.00,       0.00,       0.00,       0.00,          0
202,       0.00,          0,       0.00,       0.00,       0.00,       0.00,       0.00,       0.00,       0.00,        0.0,        0.0,      0.000,      0.000,      0.000,        0.0,        0.0,        0.0,      0.000,      0.000,          0,          0,      0.000,      0.000,       0.00,       0.00,       0.00,       0.00,          0
203,       0.00,          0,       0.00,       0.00,       0.00,       0.00,       0.00,       0.00,       0.00,        0.0,        0.0,      0.000,      0.000,      0.000,        0.0,        0.0,        0.0,      0.000,      0.000,          0,          0,      0.000,      0.000,       0.00,       0.00,       0.00,       0.00,          0
204,       0.00,          0,       0.00,       0.00,       0.00,       0.00,       0.00,       0.00,       0.00,        0.0,        0.0,      0.000,      0.000,      0.000,        0.0,        0.0,        0.0,      0.000,      0.000,          0,          0,      0.000,      0.000,       0.00,       0.00,       0.00,       0.00,          0
205,       0.00,          0,       0.00,       0.00,       0.00,       0.00,       0.00,       0.00,       0.00,        0.0,        0.0,      0.000,      0.000,      0.000,        0.0,        0.0,        0.0,      0.000,      0.000,          0,          0,      0.000,      0.000,       0.00,       0.00,       0.00,       0.00,          0
206,       0.00,          0,       0.00,       0.00,       0.00,       0.00,       0.00,       0.00,       0.00,        0.0,        0.0,      0.000,      0.000,      0.000,        0.0,        0.0,        0.0,      0.000,      0.000,          0,          0,      0.000,      0.000,       0.00,       0.00,       0.00,       0.00,          0
207,       0.00,          0,       0.00,       0.00,       0.00,       0.00,       0.00,       0.00,       0.00,        0.0,        0.0,      0.000,      0.000,      0.000,        0.0,        0.0,        0.0,      0.000,      0.000,          0,          0,      0.000,      0.000,       0.00,       0.00,       0.00,       0.00,          0
208,       0.00,          0,       0.00,       0.00,       0.00,       0.00,       0.00,       0.00,       0.00,        0.0,        0.0,      0.000,      0.000,      0.000,        0.0,        0.0,        0.0,      0.000,      0.000,          0,          0,      0.000,      0.000,       0.00,       0.00,       0.00,       0.00,          0
209,       0.00,          0,       0.00,       0.00,       0.00,       0.00,       0.00,       0.00,       0.00,        0.0,        0.0,      0.000,      0.000,      0.000,        0.0,        0.0,        0.0,      0.000,      0.000,          0,          0,      0.000,      0.000,       0.00,       0.00,       0.00,       0.00,          0
210,       0.00,          0,       0.00,       0.00,       0.00,       0.00,       0.00,       0.00,       0.00,        0.0,        0.0,      0.000,      0.000,      0.000,        0.0,        0.0,        0.0,      0.000,      0.000,          0,          0,      0.000,      0.000,       0.00,       0.00,       0.00,       0.00,          0
211,       0.00,          0,       0.00,       0.00,       0.00,       0.00,       0.00,       0.00,       0.00,        0.0,        0.0,      0.000,      0.000,      0.000,        0.0,        0.0,        0.0,      0.000,      0.000,          0,          0,      0.000,      0.000,       0.00,       0.00,       0.00,       0.00,          0
212,       0.00,          0,       0.00,       0.00,       0.00,       0.00,       0.00,       0.00,       0.00,        0.0,        0.0,      0.000,      0.000,      0.000,        0.0,        0.0,        0.0,      0.000,      0.000,          0,          0,      0.000,      0.000,       0.00,       0.00,       0.00,       0.00,          0
213,       0.00,          0,       0.00,       0.00,       0.00,       0.00,       0.00,       0.00,       0.00,        0.0,        0.0,      0.000,      0.000,      0.000,        0.0,        0.0,        0.0,      0.000,      0.000,          0,          0,      0.000,      0.000,       0.00,       0.00,       0.00,       0.00,          0
214,       0.00,          0,       0.00,       0.00,       0.00,       0.00,       0.00,       0.00,       0.00,        0.0,        0.0,      0.000,      0.000,      0.000,        0.0,        0.0,        0.0,      0.000,      0.000,          0,          0,      0.000,      0.000,       0.00,       0.00,       0.00,       0.00,          0
215,       0.00,          0,       0.00,       0.00,       0.00,       0.00,       0.00,       0.00,       0.00,        0.0,        0.0,      0.000,      0.000,      0.000,        0.0,        0.0,        0.0,      0.000,      0.000,          0,          0,      0.000,      0.000,       0.00,       0.00,       0.00,       0.00,          0
216,       0.00,          0,       0.00,       0.00,       0.00,       0.00,       0.00,       0.00,       0.00,        0.0,        0.0,      0.000,      0.000,      0.000,        0.0,        0.0,        0.0,      0.000,      0.000,          0,          0,      0.000,      0.000,       0.00,       0.00,       0.00,       0.00,          0
217,       0.00,          0,       0.00,       0.00,       0.00,       0.00,       0.00,       0.00,       0.00,        0.0,        0.0,      0.000,      0.000,      0.000,        0.0,        0.0,        0.0,      0.000,      0.000,          0,          0,      0.000,      0.000,       0.00,       0.00,       0.00,       0.00,          0
218,       0.00,          0,       0.00,       0.00,       0.00,       0.00,       0.00,       0.00,       0.00,        0.0,        0.0,      0.000,      0.000,      0.000,        0.0,        0.0,        0.0,      0.000,      0.000,          0,          0,      0.000,      0.000,       0.00,       0.00,       0.00,       0.00,          0
219,       0.00,          0,       0.00,       0.00,       0.00,       0.00,       0.00,       0.00,       0.00,        0.0,        0.0,      0.000,      0.000,      0.000,        0.0,        0.0,        0.0,      0.000,      0.000,          0,          0,      0.000,      0.000,       0.00,       0.00,       0.00,       0.00,          0
220,       0.00,          0,       0.00,       0.00,       0.00,       0.00,       0.00,       0.00,       0.00,        0.0,        0.0,      0.000,      0.000,      0.000,        0.0,        0.0,        0.0,      0.000,      0.000,          0,          0,      0.000,      0.000,       0.00,       0.00,       0.00,       0.00,          0
221,       0.00,          0,       0.00,       0.00,       0.00,       0.00,       0.00,       0.00,       0.00,        0.0,        0.0,      0.000,      0.000,      0.000,        0.0,        0.0,        0.0,      0.000,      0.000,          0,          0,      0.000,      0.000,       0.00,       0.00,       0.00,       0.00,          0
222,       0.00,          0,       0.00,       0.00,       0.00,       0.00,       0.00,       0.00,       0.00,        0.0,        0.0,      0.000,      0.000,      0.000,        0.0,        0.0,        0.0,      0.000,      0.000,          0,          0,      0.000,      0.000,       0.00,       0.00,       0.00,       0.00,          0
223,       0.00,          0,       0.00,       0.00,       0.00,       0.00,       0.00,       0.00,       0.00,        0.0,        0.0,      0.000,      0.000,      0.000,        0.0,        0.0,        0.0,      0.000,      0.000,          0,          0,      0.000,      0.000,       0.00,       0.00,       0.00,       0.00,          0
224,       0.00,          0,       0.00,       0.00,       0.00,       0.00,       0.00,       0.00,       0.00,        0.0,        0.0,      0.000,      0.000,      0.000,        0.0,        0.0,        0.0,      0.000,      0.000,          0,          0,      0.000,      0.000,       0.00,       0.00,       0.00,       0.00,          0
225,       0.00,          0,       0.00,       0.00,       0.00,       0.00,       0.00,       0.00,       0.00,        0.0,        0.0,      0.000,      0.000,      0.000,        0.0,        0.0,        0.0,      0.000,      0.000,          0,          0,      0.000,      0.000,       0.00,       0.00,       0.00,       0.00,          0
226,       0.00,          0,       0.00,       0.00,       0.00,       0.00,       0.00,       0.00,       0.00,        0.0,        0.0,      0.000,      0.000,      0.000,        0.0,        0.0,        0.0,      0.000,      0.000,          0,          0,      0.000,      0.000,       0.00,       0.00,       0.00,       0.00,          0
227,       0.00,          0,       0.00,       0.00,       0.00,       0.00,       0.00,       0.00,       0.00,        0.0,        0.0,      0.000,      0.000,      0.000,        0.0,        0.0,        0.0,      0.000,      0.000,          0,          0,      0.000,      0.000,       0.00,       0.00,       0.00,       0.00,          0
228,       0.00,          0,       0.00,       0.00,       0.00,       0.00,       0.00,       0.00,       0.00,        0.0,        0.0,      0.000,      0.000,      0.000,        0.0,        0.0,        0.0,      0.000,      0.000,          0,          0,      0.000,      0.000,       0.00,       0.00,       0.00,       0.00,          0
229,       0.00,          0,       0.00,       0.00,       0.00,       0.00,       0.00,       0.00,       0.00,        0.0,        0.0,      0.000,      0.000,      0.000,        0.0,        0.0,        0.0,      0.000,      0.000,          0,          0,      0.000,      0.000,       0.00,       0.00,       0.00,       0.00,          0
230,       0.00,          0,       0.00,       0.00,       0.00,       0.00,       0.00,       0.00,       0.00,        0.0,        0.0,      0.000,      0.000,      0.000,        0.0,        0.0,        0.0,      0.000,      0.000,          0,          0,      0.000,      0.000,       0.00,       0.00,       0.00,       0.00,          0
231,       0.00,          0,       0.00,       0.00,       0.00,       0.00,       0.00,       0.00,       0.00,        0.0,        0.0,      0.000,      0.000,      0.000,        0.0,        0.0,        0.0,      0.000,      0.000,          0,          0,      0.000,      0.000,       0.00,       0.00,       0.00,       0.00,          0
232,       0.00,          0,       0.00,       0.00,       0.00,       0.00,       0.00,       0.00,       0.00,        0.0,        0.0,      0.000,      0.000,      0.000,        0.0,        0.0,        0.0,      0.000,      0.000,          0,          0,      0.000,      0.000,       0.00,       0.00,       0.00,       0.00,          0
233,       0.00,          0,       0.00,       0.00,       0.00,       0.00,       0.00,       0.00,       0.00,        0.0,        0.0,      0.000,      0.000,      0.000,        0.0,        0.0,        0.0,      0.000,      0.000,          0,          0,      0.000,      0.000,       0.00,       0.00,       0.00,       0.00,          0
234,       0.00,          0,       0.00,       0.00,       0.00,       0.00,       0.00,       0.00,       0.00,        0.0,        0.0,      0.000,      0.000,      0.000,        0.0,        0.0,        0.0,      0.000,      0.000,          0,          0,      0.000,      0.000,       0.00,       0.00,       0.00,       0.00,          0
235,       0.00,          0,       0.00,       0.00,       0.00,       0.00,       0.00,       0.00,       0.00,        0.0,        0.0,      0.000,      0.000,      0.000,        0.0,        0.0,        0.0,      0.000,      0.000,          0,          0,      0.000,      0.000,       0.00,       0.00,       0.00,       0.00,          0
236,       0.00,          0,       0.00,       0.00,       0.00,       0.00,       0.00,       0.00,       0.00,        0.0,        0.0,      0.000,      0.000,      0.000,        0.0,        0.0,        0.0,      0.000,      0.000,          0,          0,      0.000,      0.000,       0.00,       0.00,       0.00,       0.00,          0
237,       0.00,          0,       0.00,       0.00,       0.00,       0.00,       0.00,       0.00,       0.00,        0.0,        0.0,      0.000,      0.000,      0.000,        0.0,        0.0,        0.0,      0.000,      0.000,          0,          0,      0.000,      0.000,       0.00,       0.00,       0.00,       0.00,          0
238,       0.00,          0,       0.00,       0.00,       0.00,       0.00,       0.00,       0.00,       0.00,        0.0,        0.0,      0.000,      0.000,      0.000,        0.0,        0.0,        0.0,      0.000,      0.000,          0,          0,      0.000,      0.000,       0.00,       0.00,       0.00,       0.00,          0
239,       0.00,          0,       0.00,       0.00,       0.00,       0.00,       0.00,       0.00,       0.00,        0.0,        0.0,      0.000,      0.000,      0.000,        0.0,        0.0,        0.0,      0.000,      0.000,          0,          0,      0.000,      0.000,       0.00,       0.00,       0.00,       0.00,          0
240,       0.00,          0,       0.00,       0.00,       0.00,       0.00,       0.00,       0.00,       0.00,        0.0,        0.0,      0.000,      0.000,      0.000,        0.0,        0.0,        0.0,      0.000,      0.000,          0,          0,      0.000,      0.000,       0.00,       0.00,       0.00,       0.00,          0
241,       0.00,          0,       0.00,       0.00,       0.00,       0.00,       0.00,       0.00,       0.00,        0.0,        0.0,      0.000,      0.000,      0.000,        0.0,        0.0,        0.0,      0.000,      0.000,          0,          0,      0.000,      0.000,       0.00,       0.00,       0.00,       0.00,          0
242,       0.00,          0,       0.00,       0.00,       0.00,       0.00,       0.00,       0.00,       0.00,        0.0,        0.0,      0.000,      0.000,      0.000,        0.0,        0.0,        0.0,      0.000,      0.000,          0,          0,      0.000,      0.000,       0.00,       0.00,       0.00,       0.00,          0
243,       0.00,          0,       0.00,       0.00,       0.00,       0.00,       0.00,       0.00,       0.00,        0.0,        0.0,      0.000,      0.000,      0.000,        0.0,        0.0,        0.0,      0.000,      0.000,          0,          0,      0.000,      0.000,       0.00,       0.00,       0.00,       0.00,          0
244,       0.00,          0,       0.00,       0.00,       0.00,       0.00,       0.00,       0.00,       0.00,        0.0,        0.0,      0.000,      0.000,      0.000,        0.0,        0.0,        0.0,      0.000,      0.000,          0,          0,      0.000,      0.000,       0.00,       0.00,       0.00,       0.00,          0
245,       0.00,          0,       0.00,       0.00,       0.00,       0.00,       0.00,       0.00,       0.00,        0.0,        0.0,      0.000,      0.000,      0.000,        0.0,        0.0,        0.0,      0.000,      0.000,          0,          0,      0.000,      0.000,       0.00,       0.00,       0.00,       0.00,          0
246,       0.00,          0,       0.00,       0.00,       0.00,       0.00,       0.00,       0.00,       0.00,        0.0,        0.0,      0.000,      0.000,      0.000,        0.0,        0.0,        0.0,      0.000,      0.000,          0,          0,      0.000,      0.000,       0.00,       0.00,       0.00,       0.00,          0
247,       0.00,          0,       0.00,       0.00,       0.00,       0.00,       0.00,       0.00,       0.00,        0.0,        0.0,      0.000,      0.000,      0.000,        0.0,        0.0,        0.0,      0.000,      0.000,          0,          0,      0.000,      0.000,       0.00,       0.00,       0.00,       0.00,          0
248,       0.00,          0,       0.00,       0.00,       0.00,       0.00,       0.00,       0.00,       0.00,        0.0,        0.0,      0.000,      0.000,      0.000,        0.0,        0.0,        0.0,      0.000,      0.000,          0,          0,      0.000,      0.000,       0.00,       0.00,       0.00,       0.00,          0
249,       0.00,          0,       0.00,       0.00,       0.00,       0.00,       0.00,       0.00,       0.00,        0.0,        0.0,      0.000,      0.000,      0.000,        0.0,        0.0,        0.0,      0.000,      0.000,          0,          0,      0.000,      0.000,       0.00,       0.00,       0.00,       0.00,          0
250,       0.00,          0,       0.00,       0.00,       0.00,       0.00,       0.00,       0.00,       0.00,        0.0,        0.0,      0.000,      0.000,      0.000,        0.0,        0.0,        0.0,      0.000,      0.000,          0,          0,      0.000,      0.000,       0.00,       0.00,       0.00,       0.00,          0
251,       0.00,          0,       0.00,       0.00,       0.00,       0.00,       0.00,       0.00,       0.00,        0.0,        0.0,      0.000,      0.000,      0.000,        0.0,        0.0,        0.0,      0.000,      0.000,          0,          0,      0.000,      0.000,       0.00,       0.00,       0.00,       0.00,          0
252,       0.00,          0,       0.00,       0.00,       0.00,       0.00,       0.00,       0.00,       0.00,        0.0,        0.0,      0.000,      0.000,      0.000,        0.0,        0.0,        0.0,      0.000,      0.000,          0,          0,      0.000,      0.000,       0.00,       0.00,       0.00,       0.00,          0
253,       0.00,          0,       0.00,       0.00,       0.00,       0.00,       0.00,       0.00,       0.00,        0.0,        0.0,      0.000,      0.000,      0.000,        0.0,        0.0,        0.0,      0.000,      0.000,          0,          0,      0.000,      0.000,       0.00,       0.00,       0.00,       0.00,          0
254,       0.00,          0,       0.00,       0.00,       0.00,       0.00,       0.00,       0.00,       0.00,        0.0,        0.0,      0.000,      0.000,      0.000,        0.0,        0.0,        0.0,      0.000,      0.000,          0,          0,      0.000,      0.000,       0.00,       0.00,       0.00,       0.00,          0
255,       0.00,          0,       0.00,       0.00,       0.00,       0.00,       0.00,       0.00,       0.00,        0.0,        0.0,      0.000,      0.000,      0.000,        0.0,        0.0,        0.0,      0.000,      0.000,          0,          0,      0.000,      0.000,       0.00,       0.00,       0.00,       0.00,          0
256,       0.00,          0,       0.00,       0.00,       0.00,       0.00,       0.00,       0.00,       0.00,        0.0,        0.0,      0.000,      0.000,      0.000,        0.0,        0.0,        0.0,      0.000,      0.000,          0,          0,      0.000,      0.000,       0.00,       0.00,       0.00,       0.00,          0
257,       0.00,          0,       0.00,       0.00,       0.00,       0.00,       0.00,       0.00,       0.00,        0.0,        0.0,      0.000,      0.000,      0.000,        0.0,        0.0,        0.0,      0.000,      0.000,          0,          0,      0.000,      0.000,       0.00,       0.00,       0.00,       0.00,          0
258,       0.00,          0,       0.00,       0.00,       0.00,       0.00,       0.00,       0.00,       0.00,        0.0,        0.0,      0.000,      0.000,      0.000,        0.0,        0.0,        0.0,      0.000,      0.000,          0,          0,      0.000,      0.000,       0.00,       0.00,       0.00,       0.00,          0
259,       0.00,          0,       0.00,       0.00,       0.00,       0.00,       0.00,       0.00,       0.00,        0.0,        0.0,      0.000,      0.000,      0.000,        0.0,        0.0,        0.0,      0.000,      0.000,          0,          0,      0.000,      0.000,       0.00,       0.00,       0.00,       0.00,          0
260,       0.00,          0,       0.00,       0.00,       0.00,       0.00,       0.00,       0.00,       0.00,        0.0,        0.0,      0.000,      0.000,      0.000,        0.0,        0.0,        0.0,      0.000,      0.000,          0,          0,      0.000,      0.000,       0.00,       0.00,       0.00,       0.00,          0
261,       0.00,          0,       0.00,       0.00,       0.00,       0.00,       0.00,       0.00,       0.00,        0.0,        0.0,      0.000,      0.000,      0.000,        0.0,        0.0,        0.0,      0.000,      0.000,          0,          0,      0.000,      0.000,       0.00,       0.00,       0.00,       0.00,          0
262,       0.00,          0,       0.00,       0.00,       0.00,       0.00,       0.00,       0.00,       0.00,        0.0,        0.0,      0.000,      0.000,      0.000,        0.0,        0.0,        0.0,      0.000,      0.000,          0,          0,      0.000,      0.000,       0.00,       0.00,       0.00,       0.00,          0
263,       0.00,          0,       0.00,       0.00,       0.00,       0.00,       0.00,       0.00,       0.00,        0.0,        0.0,      0.000,      0.000,      0.000,        0.0,        0.0,        0.0,      0.000,      0.000,          0,          0,      0.000,      0.000,       0.00,       0.00,       0.00,       0.00,          0
264,       0.00,          0,       0.00,       0.00,       0.00,       0.00,       0.00,       0.00,       0.00,        0.0,        0.0,      0.000,      0.000,      0.000,        0.0,        0.0,        0.0,      0.000,      0.000,          0,          0,      0.000,      0.000,       0.00,       0.00,       0.00,       0.00,          0
265,       0.00,          0,       0.00,       0.00,       0.00,       0.00,       0.00,       0.00,       0.00,        0.0,        0.0,      0.000,      0.000,      0.000,        0.0,        0.0,        0.0,      0.000,      0.000,          0,          0,      0.000,      0.000,       0.00,       0.00,       0.00,       0.00,          0
266,       0.00,          0,       0.00,       0.00,       0.00,       0.00,       0.00,       0.00,       0.00,        0.0,        0.0,      0.000,      0.000,      0.000,        0.0,        0.0,        0.0,      0.000,      0.000,          0,          0,      0.000,      0.000,       0.00,       0.00,       0.00,       0.00,          0
267,       0.00,          0,       0.00,       0.00,       0.00,       0.00,       0.00,       0.00,       0.00,        0.0,        0.0,      0.000,      0.000,      0.000,        0.0,        0.0,        0.0,      0.000,      0.000,          0,          0,      0.000,      0.000,       0.00,       0.00,       0.00,       0.00,          0
268,       0.00,          0,       0.00,       0.00,       0.00,       0.00,       0.00,       0.00,       0.00,        0.0,        0.0,      0.000,      0.000,      0.000,        0.0,        0.0,        0.0,      0.000,      0.000,          0,          0,      0.000,      0.000,       0.00,       0.00,       0.00,       0.00,          0
269,       0.00,          0,       0.00,       0.00,       0.00,       0.00,       0.00,       0.00,       0.00,        0.0,        0.0,      0.000,      0.000,      0.000,        0.0,        0.0,        0.0,      0.000,      0.000,          0,          0,      0.000,      0.000,       0.00,       0.00,       0.00,       0.00,          0
270,       0.00,          0,       0.00,       0.00,       0.00,       0.00,       0.00,       0.00,       0.00,        0.0,        0.0,      0.000,      0.000,      0.000,        0.0,        0.0,        0.0,      0.000,      0.000,          0,          0,      0.000,      0.000,       0.00,       0.00,       0.00,       0.00,          0
271,       0.00,          0,       0.00,       0.00,       0.00,       0.00,       0.00,       0.00,       0.00,        0.0,        0.0,      0.000,      0.000,      0.000,        0.0,        0.0,        0.0,      0.000,      0.000,          0,          0,      0.000,      0.000,       0.00,       0.00,       0.00,       0.00,          0
272,       0.00,          0,       0.00,       0.00,       0.00,       0.00,       0.00,       0.00,       0.00,        0.0,        0.0,      0.000,      0.000,      0.000,        0.0,        0.0,        0.0,      0.000,      0.000,          0,          0,      0.000,      0.000,       0.00,       0.00,       0.00,       0.00,          0
273,       0.00,          0,       0.00,       0.00,       0.00,       0.00,       0.00,       0.00,       0.00,        0.0,        0.0,      0.000,      0.000,      0.000,        0.0,        0.0,        0.0,      0.000,      0.000,          0,          0,      0.000,      0.000,       0.00,       0.00,       0.00,       0.00,          0
274,       0.00,          0,       0.00,       0.00,       0.00,       0.00,       0.00,       0.00,       0.00,        0.0,        0.0,      0.000,      0.000,      0.000,        0.0,        0.0,        0.0,      0.000,      0.000,          0,          0,      0.000,      0.000,       0.00,       0.00,       0.00,       0.00,          0
275,       0.00,          0,       0.00,       0.00,       0.00,       0.00,       0.00,       0.00,       0.00,        0.0,        0.0,      0.000,      0.000,      0.000,        0.0,        0.0,        0.0,      0.000,      0.000,          0,          0,      0.000,      0.000,       0.00,       0.00,       0.00,       0.00,          0
276,       0.00,          0,       0.00,       0.00,       0.00,       0.00,       0.00,       0.00,       0.00,        0.0,        0.0,      0.000,      0.000,      0.000,        0.0,        0.0,        0.0,      0.000,      0.000,          0,          0,      0.000,      0.000,       0.00,       0.00,       0.00,       0.00,          0
277,       0.00,          0,       0.00,       0.00,       0.00,       0.00,       0.00,       0.00,       0.00,        0.0,        0.0,      0.000,      0.000,      0.000,        0.0,        0.0,        0.0,      0.000,      0.000,          0,          0,      0.000,      0.000,       0.00,       0.00,       0.00,       0.00,          0
278,       0.00,          0,       0.00,       0.00,       0.00,       0.00,       0.00,       0.00,       0.00,        0.0,        0.0,      0.000,      0.000,      0.000,        0.0,        0.0,        0.0,      0.000,      0.000,          0,          0,      0.000,      0.000,       0.00,       0.00,       0.00,       0.00,          0
279,       0.00,          0,       0.00,       0.00,       0.00,       0.00,       0.00,       0.00,       0.00,        0.0,        0.0,      0.000,      0.000,      0.000,        0.0,        0.0,        0.0,      0.000,      0.000,          0,          0,      0.000,      0.000,       0.00,       0.00,       0.00,       0.00,          0
280,       0.00,          0,       0.00,       0.00,       0.00,       0.00,       0.00,       0.00,       0.00,        0.0,        0.0,      0.000,      0.000,      0.000,        0.0,        0.0,        0.0,      0.000,      0.000,          0,          0,      0.000,      0.000,       0.00,       0.00,       0.00,       0.00,          0
281,       0.00,          0,       0.00,       0.00,       0.00,       0.00,       0.00,       0.00,       0.00,        0.0,        0.0,      0.000,      0.000,      0.000,        0.0,        0.0,        0.0,      0.000,      0.000,          0,          0,      0.000,      0.000,       0.00,       0.00,       0.00,       0.00,          0
282,       0.00,          0,       0.00,       0.00,       0.00,       0.00,       0.00,       0.00,       0.00,        0.0,        0.0,      0.000,      0.000,      0.000,        0.0,        0.0,        0.0,      0.000,      0.000,          0,          0,      0.000,      0.000,       0.00,       0.00,       0.00,       0.00,          0
283,       0.00,          0,       0.00,       0.00,       0.00,       0.00,       0.00,       0.00,       0.00,        0.0,        0.0,      0.000,      0.000,      0.000,        0.0,        0.0,        0.0,      0.000,      0.000,          0,          0,      0.000,      0.000,       0.00,       0.00,       0.00,       0.00,          0
284,       0.00,          0,       0.00,       0.00,       0.00,       0.00,       0.00,       0.00,       0.00,        0.0,        0.0,      0.000,      0.000,      0.000,        0.0,        0.0,        0.0,      0.000,      0.000,          0,          0,      0.000,      0.000,       0.00,       0.00,       0.00,       0.00,          0
285,       0.00,          0,       0.00,       0.00,       0.00,       0.00,       0.00,       0.00,       0.00,        0.0,        0.0,      0.000,      0.000,      0.000,        0.0,        0.0,        0.0,      0.000,      0.000,          0,          0,      0.000,      0.000,       0.00,       0.00,       0.00,       0.00,          0
286,       0.00,          0,       0.00,       0.00,       0.00,       0.00,       0.00,       0.00,       0.00,        0.0,        0.0,      0.000,      0.000,      0.000,        0.0,        0.0,        0.0,      0.000,      0.000,          0,          0,      0.000,      0.000,       0.00,       0.00,       0.00,       0.00,          0
287,       0.00,          0,       0.00,       0.00,       0.00,       0.00,       0.00,       0.00,       0.00,        0.0,        0.0,      0.000,      0.000,      0.000,        0.0,        0.0,        0.0,      0.000,      0.000,          0,          0,      0.000,      0.000,       0.00,       0.00,       0.00,       0.00,          0
288,       0.00,          0,       0.00,       0.00,       0.00,       0.00,       0.00,       0.00,       0.00,        0.0,        0.0,      0.000,      0.000,      0.000,        0.0,        0.0,        0.0,      0.000,      0.000,          0,          0,      0.000,      0.000,       0.00,       0.00,       0.00,       0.00,          0
289,       0.00,          0,       0.00,       0.00,       0.00,       0.00,       0.00,       0.00,       0.00,        0.0,        0.0,      0.000,      0.000,      0.000,        0.0,        0.0,        0.0,      0.000,      0.000,          0,          0,      0.000,      0.000,       0.00,       0.00,       0.00,       0.00,          0
290,       0.00,          0,       0.00,       0.00,       0.00,       0.00,       0.00,       0.00,       0.00,        0.0,        0.0,      0.000,      0.000,      0.000,        0.0,        0.0,        0.0,      0.000,      0.000,          0,          0,      0.000,      0.000,       0.00,       0.00,       0.00,       0.00,          0
291,       0.00,          0,       0.00,       0.00,       0.00,       0.00,       0.00,       0.00,       0.00,        0.0,        0.0,      0.000,      0.000,      0.000,        0.0,        0.0,        0.0,      0.000,      0.000,          0,          0,      0.000,      0.000,       0.00,       0.00,       0.00,       0.00,          0
292,       0.00,          0,       0.00,       0.00,       0.00,       0.00,       0.00,       0.00,       0.00,        0.0,        0.0,      0.000,      0.000,      0.000,        0.0,        0.0,        0.0,      0.000,      0.000,          0,          0,      0.000,      0.000,       0.00,       0.00,       0.00,       0.00,          0
293,       0.00,          0,       0.00,       0.00,       0.00,       0.00,       0.00,       0.00,       0.00,        0.0,        0.0,      0.000,      0.000,      0.000,        0.0,        0.0,        0.0,      0.000,      0.000,          0,          0,      0.000,      0.000,       0.00,       0.00,       0.00,       0.00,          0
294,       0.00,          0,       0.00,       0.00,       0.00,       0.00,       0.00,       0.00,       0.00,        0.0,        0.0,      0.000,      0.000,      0.000,        0.0,        0.0,        0.0,      0.000,      0.000,          0,          0,      0.000,      0.000,       0.00,       0.00,       0.00,       0.00,          0
295,       0.00,          0,       0.00,       0.00,       0.00,       0.00,       0.00,       0.00,       0.00,        0.0,        0.0,      0.000,      0.000,      0.000,        0.0,        0.0,        0.0,      0.000,      0.000,          0,          0,      0.000,      0.000,       0.00,       0.00,       0.00,       0.00,          0
296,       0.00,          0,       0.00,       0.00,       0.00,       0.00,       0.00,       0.00,       0.00,        0.0,        0.0,      0.000,      0.000,      0.000,        0.0,        0.0,        0.0,      0.000,      0.000,          0,          0,      0.000,      0.000,       0.00,       0.00,       0.00,       0.00,          0
297,       0.00,          0,       0.00,       0.00,       0.00,       0.00,       0.00,       0.00,       0.00,        0.0,        0.0,      0.000,      0.000,      0.000,        0.0,        0.0,        0.0,      0.000,      0.000,          0,          0,      0.000,      0.000,       0.00,       0.00,       0.00,       0.00,          0
298,       0.00,          0,       0.00,       0.00,       0.00,       0.00,       0.00,       0.00,       0.00,        0.0,        0.0,      0.000,      0.000,      0.000,        0.0,        0.0,        0.0,      0.000,      0.000,          0,          0,      0.000,      0.000,       0.00,       0.00,       0.00,       0.00,          0
299,       0.00,          0,       0.00,       0.00,       0.00,       0.00,       0.00,       0.00,       0.00,        0.0,        0.0,      0.000,      0.000,      0.000,        0.0,        0.0,        0.0,      0.000,      0.000,          0,          0,      0.000,      0.000,       0.00,       0.00,       0.00,       0.00,          0
300,       0.00,          0,       0.00,       0.00,       0.00,       0.00,       0.00,       0.00,       0.00,        0.0,        0.0,      0.000,      0.000,      0.000,        0.0,        0.0,        0.0,      0.000,      0.000,          0,          0,      0.000,      0.000,       0.00,       0.00,       0.00,       0.00,          0
301,       0.00,          0,       0.00,       0.00,       0.00,       0.00,       0.00,       0.00,       0.00,        0.0,        0.0,      0.000,      0.000,      0.000,        0.0,        0.0,        0.0,      0.000,      0.000,          0,          0,      0.000,      0.000,       0.00,       0.00,       0.00,       0.00,          0
302,       0.00,          0,       0.00,       0.00,       0.00,       0.00,       0.00,       0.00,       0.00,        0.0,        0.0,      0.000,      0.000,      0.000,        0.0,        0.0,        0.0,      0.000,      0.000,          0,          0,      0.000,      0.000,       0.00,       0.00,       0.00,       0.00,          0
303,       0.00,          0,       0.00,       0.00,       0.00,       0.00,       0.00,       0.00,       0.00,        0.0,        0.0,      0.000,      0.000,      0.000,        0.0,        0.0,        0.0,      0.000,      0.000,          0,          0,      0.000,      0.000,       0.00,       0.00,       0.00,       0.00,          0
304,       0.00,          0,       0.00,       0.00,       0.00,       0.00,       0.00,       0.00,       0.00,        0.0,        0.0,      0.000,      0.000,      0.000,        0.0,        0.0,        0.0,      0.000,      0.000,          0,          0,      0.000,      0.000,       0.00,       0.00,       0.00,       0.00,          0
305,       0.00,          0,       0.00,       0.00,       0.00,       0.00,       0.00,       0.00,       0.00,        0.0,        0.0,      0.000,      0.000,      0.000,        0.0,        0.0,        0.0,      0.000,      0.000,          0,          0,      0.000,      0.000,       0.00,       0.00,       0.00,       0.00,          0
306,       0.00,          0,       0.00,       0.00,       0.00,       0.00,       0.00,       0.00,       0.00,        0.0,        0.0,      0.000,      0.000,      0.000,        0.0,        0.0,        0.0,      0.000,      0.000,          0,          0,      0.000,      0.000,       0.00,       0.00,       0.00,       0.00,          0
307,       0.00,          0,       0.00,       0.00,       0.00,       0.00,       0.00,       0.00,       0.00,        0.0,        0.0,      0.000,      0.000,      0.000,        0.0,        0.0,        0.0,      0.000,      0.000,          0,          0,      0.000,      0.000,       0.00,       0.00,       0.00,       0.00,          0
308,       0.00,          0,       0.00,       0.00,       0.00,       0.00,       0.00,       0.00,       0.00,        0.0,        0.0,      0.000,      0.000,      0.000,        0.0,        0.0,        0.0,      0.000,      0.000,          0,          0,      0.000,      0.000,       0.00,       0.00,       0.00,       0.00,          0
309,       0.00,          0,       0.00,       0.00,       0.00,       0.00,       0.00,       0.00,       0.00,        0.0,        0.0,      0.000,      0.000,      0.000,        0.0,        0.0,        0.0,      0.000,      0.000,          0,          0,      0.000,      0.000,       0.00,       0.00,       0.00,       0.00,          0
310,       0.00,          0,       0.00,       0.00,       0.00,       0.00,       0.00,       0.00,       0.00,        0.0,        0.0,      0.000,      0.000,      0.000,        0.0,        0.0,        0.0,      0.000,      0.000,          0,          0,      0.000,      0.000,       0.00,       0.00,       0.00,       0.00,          0
311,       0.00,          0,       0.00,       0.00,       0.00,       0.00,       0.00,       0.00,       0.00,        0.0,        0.0,      0.000,      0.000,      0.000,        0.0,        0.0,        0.0,      0.000,      0.000,          0,          0,      0.000,      0.000,       0.00,       0.00,       0.00,       0.00,          0
312,       0.00,          0,       0.00,       0.00,       0.00,       0.00,       0.00,       0.00,       0.00,        0.0,        0.0,      0.000,      0.000,      0.000,        0.0,        0.0,        0.0,      0.000,      0.000,          0,          0,      0.000,      0.000,       0.00,       0.00,       0.00,       0.00,          0
313,       0.00,          0,       0.00,       0.00,       0.00,       0.00,       0.00,       0.00,       0.00,        0.0,        0.0,      0.000,      0.000,      0.000,        0.0,        0.0,        0.0,      0.000,      0.000,          0,          0,      0.000,      0.000,       0.00,       0.00,       0.00,       0.00,          0
314,       0.00,          0,       0.00,       0.00,       0.00,       0.00,       0.00,       0.00,       0.00,        0.0,        0.0,      0.000,      0.000,      0.000,        0.0,        0.0,        0.0,      0.000,      0.000,          0,          0,      0.000,      0.000,       0.00,       0.00,       0.00,       0.00,          0
315,       0.00,          0,       0.00,       0.00,       0.00,       0.00,       0.00,       0.00,       0.00,        0.0,        0.0,      0.000,      0.000,      0.000,        0.0,        0.0,        0.0,      0.000,      0.000,          0,          0,      0.000,      0.000,       0.00,       0.00,       0.00,       0.00,          0
316,       0.00,          0,       0.00,       0.00,       0.00,       0.00,       0.00,       0.00,       0.00,        0.0,        0.0,      0.000,      0.000,      0.000,        0.0,        0.0,        0.0,      0.000,      0.000,          0,          0,      0.000,      0.000,       0.00,       0.00,       0.00,       0.00,          0
317,       0.00,          0,       0.00,       0.00,       0.00,       0.00,       0.00,       0.00,       0.00,        0.0,        0.0,      0.000,      0.000,      0.000,        0.0,        0.0,        0.0,      0.000,      0.000,          0,          0,      0.000,      0.000,       0.00,       0.00,       0.00,       0.00,          0
318,       0.00,          0,       0.00,       0.00,       0.00,       0.00,       0.00,       0.00,       0.00,        0.0,        0.0,      0.000,      0.000,      0.000,        0.0,        0.0,        0.0,      0.000,      0.000,          0,          0,      0.000,      0.000,       0.00,       0.00,       0.00,       0.00,          0
319,       0.00,          0,       0.00,       0.00,       0.00,       0.00,       0.00,       0.00,       0.00,        0.0,        0.0,      0.000,      0.000,      0.000,        0.0,        0.0,        0.0,      0.000,      0.000,          0,          0,      0.000,      0.000,       0.00,       0.00,       0.00,       0.00,          0
320,       0.00,          0,       0.00,       0.00,       0.00,       0.00,       0.00,       0.00,       0.00,        0.0,        0.0,      0.000,      0.000,      0.000,        0.0,        0.0,        0.0,      0.000,      0.000,          0,          0,      0.000,      0.000,       0.00,       0.00,       0.00,       0.00,          0
321,       0.00,          0,       0.00,       0.00,       0.00,       0.00,       0.00,       0.00,       0.00,        0.0,        0.0,      0.000,      0.000,      0.000,        0.0,        0.0,        0.0,      0.000,      0.000,          0,          0,      0.000,      0.000,       0.00,       0.00,       0.00,       0.00,          0
322,       0.00,          0,       0.00,       0.00,       0.00,       0.00,       0.00,       0.00,       0.00,        0.0,        0.0,      0.000,      0.000,      0.000,        0.0,        0.0,        0.0,      0.000,      0.000,          0,          0,      0.000,      0.000,       0.00,       0.00,       0.00,       0.00,          0
323,       0.00,          0,       0.00,       0.00,       0.00,       0.00,       0.00,       0.00,       0.00,        0.0,        0.0,      0.000,      0.000,      0.000,        0.0,        0.0,        0.0,      0.000,      0.000,          0,          0,      0.000,      0.000,       0.00,       0.00,       0.00,       0.00,          0
324,       0.00,          0,       0.00,       0.00,       0.00,       0.00,       0.00,       0.00,       0.00,        0.0,        0.0,      0.000,      0.000,      0.000,        0.0,        0.0,        0.0,      0.000,      0.000,          0,          0,      0.000,      0.000,       0.00,       0.00,       0.00,       0.00,          0
325,       0.00,          0,       0.00,       0.00,       0.00,       0.00,       0.00,       0.00,       0.00,        0.0,        0.0,      0.000,      0.000,      0.000,        0.0,        0.0,        0.0,      0.000,      0.000,          0,          0,      0.000,      0.000,       0.00,       0.00,       0.00,       0.00,          0
326,       0.00,          0,       0.00,       0.00,       0.00,       0.00,       0.00,       0.00,       0.00,        0.0,        0.0,      0.000,      0.000,      0.000,        0.0,        0.0,        0.0,      0.000,      0.000,          0,          0,      0.000,      0.000,       0.00,       0.00,       0.00,       0.00,          0
327,       0.00,          0,       0.00,       0.00,       0.00,       0.00,       0.00,       0.00,       0.00,        0.0,        0.0,      0.000,      0.000,      0.000,        0.0,        0.0,        0.0,      0.000,      0.000,          0,          0,      0.000,      0.000,       0.00,       0.00,       0.00,       0.00,          0
328,       0.00,          0,       0.00,       0.00,       0.00,       0.00,       0.00,       0.00,       0.00,        0.0,        0.0,      0.000,      0.000,      0.000,        0.0,        0.0,        0.0,      0.000,      0.000,          0,          0,      0.000,      0.000,       0.00,       0.00,       0.00,       0.00,          0
329,       0.00,          0,       0.00,       0.00,       0.00,       0.00,       0.00,       0.00,       0.00,        0.0,        0.0,      0.000,      0.000,      0.000,        0.0,        0.0,        0.0,      0.000,      0.000,          0,          0,      0.000,      0.000,       0.00,       0.00,       0.00,       0.00,          0
330,       0.00,          0,       0.00,       0.00,       0.00,       0.00,       0.00,       0.00,       0.00,        0.0,        0.0,      0.000,      0.000,      0.000,        0.0,        0.0,        0.0,      0.000,      0.000,          0,          0,      0.000,      0.000,       0.00,       0.00,       0.00,       0.00,          0
331,       0.00,          0,       0.00,       0.00,       0.00,       0.00,       0.00,       0.00,       0.00,        0.0,        0.0,      0.000,      0.000,      0.000,        0.0,        0.0,        0.0,      0.000,      0.000,          0,          0,      0.000,      0.000,       0.00,       0.00,       0.00,       0.00,          0
332,       0.00,          0,       0.00,       0.00,       0.00,       0.00,       0.00,       0.00,       0.00,        0.0,        0.0,      0.000,      0.000,      0.000,        0.0,        0.0,        0.0,      0.000,      0.000,          0,          0,      0.000,      0.000,       0.00,       0.00,       0.00,       0.00,          0
333,       0.00,          0,       0.00,       0.00,       0.00,       0.00,       0.00,       0.00,       0.00,        0.0,        0.0,      0.000,      0.000,      0.000,        0.0,        0.0,        0.0,      0.000,      0.000,          0,          0,      0.000,      0.000,       0.00,       0.00,       0.00,       0.00,          0
334,       0.00,          0,       0.00,       0.00,       0.00,       0.00,       0.00,       0.00,       0.00,        0.0,        0.0,      0.000,      0.000,      0.000,        0.0,        0.0,        0.0,      0.000,      0.000,          0,          0,      0.000,      0.000,       0.00,       0.00,       0.00,       0.00,          0
335,       0.00,          0,       0.00,       0.00,       0.00,       0.00,       0.00,       0.00,       0.00,        0.0,        0.0,      0.000,      0.000,      0.000,        0.0,        0.0,        0.0,      0.000,      0.000,          0,          0,      0.000,      0.000,       0.00,       0.00,       0.00,       0.00,          0
336,       0.00,          0,       0.00,       0.00,       0.00,       0.00,       0.00,       0.00,       0.00,        0.0,        0.0,      0.000,      0.000,      0.000,        0.0,        0.0,        0.0,      0.000,      0.000,          0,          0,      0.000,      0.000,       0.00,       0.00,       0.00,       0.00,          0
337,       0.00,          0,       0.00,       0.00,       0.00,       0.00,       0.00,       0.00,       0.00,        0.0,        0.0,      0.000,      0.000,      0.000,        0.0,        0.0,        0.0,      0.000,      0.000,          0,          0,      0.000,      0.000,       0.00,       0.00,       0.00,       0.00,          0
338,       0.00,          0,       0.00,       0.00,       0.00,       0.00,       0.00,       0.00,       0.00,        0.0,        0.0,      0.000,      0.000,      0.000,        0.0,        0.0,        0.0,      0.000,      0.000,          0,          0,      0.000,      0.000,       0.00,       0.00,       0.00,       0.00,          0
339,       0.00,          0,       0.00,       0.00,       0.00,       0.00,       0.00,       0.00,       0.00,        0.0,        0.0,      0.000,      0.000,      0.000,        0.0,        0.0,        0.0,      0.000,      0.000,          0,          0,      0.000,      0.000,       0.00,       0.00,       0.00,       0.00,          0
340,       0.00,          0,       0.00,       0.00,       0.00,       0.00,       0.00,       0.00,       0.00,        0.0,        0.0,      0.000,      0.000,      0.000,        0.0,        0.0,        0.0,      0.000,      0.000,          0,          0,      0.000,      0.000,       0.00,       0.00,       0.00,       0.00,          0
341,       0.00,          0,       0.00,       0.00,       0.00,       0.00,       0.00,       0.00,       0.00,        0.0,        0.0,      0.000,      0.000,      0.000,        0.0,        0.0,        0.0,      0.000,      0.000,          0,          0,      0.000,      0.000,       0.00,       0.00,       0.00,       0.00,          0
342,       0.00,          0,       0.00,       0.00,       0.00,       0.00,       0.00,       0.00,       0.00,        0.0,        0.0,      0.000,      0.000,      0.000,        0.0,        0.0,        0.0,      0.000,      0.000,          0,          0,      0.000,      0.000,       0.00,       0.00,       0.00,       0.00,          0
343,       0.00,          0,       0.00,       0.00,       0.00,       0.00,       0.00,       0.00,       0.00,        0.0,        0.0,      0.000,      0.000,      0.000,        0.0,        0.0,        0.0,      0.000,      0.000,          0,          0,      0.000,      0.000,       0.00,       0.00,       0.00,       0.00,          0
344,       0.00,          0,       0.00,       0.00,       0.00,       0.00,       0.00,       0.00,       0.00,        0.0,        0.0,      0.000,      0.000,      0.000,        0.0,        0.0,        0.0,      0.000,      0.000,          0,          0,      0.000,      0.000,       0.00,       0.00,       0.00,       0.00,          0
345,       0.00,          0,       0.00,       0.00,       0.00,       0.00,       0.00,       0.00,       0.00,        0.0,        0.0,      0.000,      0.000,      0.000,        0.0,        0.0,        0.0,      0.000,      0.000,          0,          0,      0.000,      0.000,       0.00,       0.00,       0.00,       0.00,          0
346,       0.00,          0,       0.00,       0.00,       0.00,       0.00,       0.00,       0.00,       0.00,        0.0,        0.0,      0.000,      0.000,      0.000,        0.0,        0.0,        0.0,      0.000,      0.000,          0,          0,      0.000,      0.000,       0.00,       0.00,       0.00,       0.00,          0
347,       0.00,          0,       0.00,       0.00,       0.00,       0.00,       0.00,       0.00,       0.00,        0.0,        0.0,      0.000,      0.000,      0.000,        0.0,        0.0,        0.0,      0.000,      0.000,          0,          0,      0.000,      0.000,       0.00,       0.00,       0.00,       0.00,          0
348,       0.00,          0,       0.00,       0.00,       0.00,       0.00,       0.00,       0.00,       0.00,        0.0,        0.0,      0.000,      0.000,      0.000,        0.0,        0.0,        0.0,      0.000,      0.000,          0,          0,      0.000,      0.000,       0.00,       0.00,       0.00,       0.00,          0
349,       0.00,          0,       0.00,       0.00,       0.00,       0.00,       0.00,       0.00,       0.00,        0.0,        0.0,      0.000,      0.000,      0.000,        0.0,        0.0,        0.0,      0.000,      0.000,          0,          0,      0.000,      0.000,       0.00,       0.00,       0.00,       0.00,          0
350,       0.00,          0,       0.00,       0.00,       0.00,       0.00,       0.00,       0.00,       0.00,        0.0,        0.0,      0.000,      0.000,      0.000,        0.0,        0.0,        0.0,      0.000,      0.000,          0,          0,      0.000,      0.000,       0.00,       0.00,       0.00,       0.00,          0
351,       0.00,          0,       0.00,       0.00,       0.00,       0.00,       0.00,       0.00,       0.00,        0.0,        0.0,      0.000,      0.000,      0.000,        0.0,        0.0,        0.0,      0.000,      0.000,          0,          0,      0.000,      0.000,       0.00,       0.00,       0.00,       0.00,          0
352,       0.00,          0,       0.00,       0.00,       0.00,       0.00,       0.00,       0.00,       0.00,        0.0,        0.0,      0.000,      0.000,      0.000,        0.0,        0.0,        0.0,      0.000,      0.000,          0,          0,      0.000,      0.000,       0.00,       0.00,       0.00,       0.00,          0
353,       0.00,          0,       0.00,       0.00,       0.00,       0.00,       0.00,       0.00,       0.00,        0.0,        0.0,      0.000,      0.000,      0.000,        0.0,        0.0,        0.0,      0.000,      0.000,          0,          0,      0.000,      0.000,       0.00,       0.00,       0.00,       0.00,          0
354,       0.00,          0,       0.00,       0.00,       0.00,       0.00,       0.00,       0.00,       0.00,        0.0,        0.0,      0.000,      0.000,      0.000,        0.0,        0.0,        0.0,      0.000,      0.000,          0,          0,      0.000,      0.000,       0.00,       0.00,       0.00,       0.00,          0
355,       0.00,          0,       0.00,       0.00,       0.00,       0.00,       0.00,       0.00,       0.00,        0.0,        0.0,      0.000,      0.000,      0.000,        0.0,        0.0,        0.0,      0.000,      0.000,          0,          0,      0.000,      0.000,       0.00,       0.00,       0.00,       0.00,          0
356,       0.00,          0,       0.00,       0.00,       0.00,       0.00,       0.00,       0.00,       0.00,        0.0,        0.0,      0.000,      0.000,      0.000,        0.0,        0.0,        0.0,      0.000,      0.000,          0,          0,      0.000,      0.000,       0.00,       0.00,       0.00,       0.00,          0
357,       0.00,          0,       0.00,       0.00,       0.00,       0.00,       0.00,       0.00,       0.00,        0.0,        0.0,      0.000,      0.000,      0.000,        0.0,        0.0,        0.0,      0.000,      0.000,          0,          0,      0.000,      0.000,       0.00,       0.00,       0.00,       0.00,          0
358,       0.00,          0,       0.00,       0.00,       0.00,       0.00,       0.00,       0.00,       0.00,        0.0,        0.0,      0.000,      0.000,      0.000,        0.0,        0.0,        0.0,      0.000,      0.000,          0,          0,      0.000,      0.000,       0.00,       0.00,       0.00,       0.00,          0
359,       0.00,          0,       0.00,       0.00,       0.00,       0.00,       0.00,       0.00,       0.00,        0.0,        0.0,      0.000,      0.000,      0.000,        0.0,        0.0,        0.0,      0.000,      0.000,          0,          0,      0.000,      0.000,       0.00,       0.00,       0.00,       0.00,          0
360,       0.00,          0,       0.00,       0.00,       0.00,       0.00,       0.00,       0.00,       0.00,        0.0,        0.0,      0.000,      0.000,      0.000,        0.0,        0.0,        0.0,      0.000,      0.000,          0,          0,      0.000,      0.000,       0.00,       0.00,       0.00,       0.00,          0
