CA, Vcyl, PCyl, mcyl, mb, mu, min, mout, Vb, Vu, Tb, Tu, Qb, Qu, Gamma, xb, IV A, EV A, IV V, EV V, IV P, EV P, WWork, PWork, CO, NO, CO2, HC, htLoss
-359,      67.93,     108789,      30.54,      30.57,      30.57,      -0.01,       0.02,       0.00,       0.00,      881.4,      881.4,     -0.056,     -0.056,      1.277,        1.0,        2.0,       17.5,     -0.324,      1.395,      99103,     107033,    705.263,     56.785,       0.00,       0.00,     120.83,       0.00,       -360
-358,      68.10,     107894,      30.53,      30.54,      30.54,      -0.01,       0.00,       0.00,       0.00,      876.7,      876.7,     -0.056,     -0.056,      1.277,        1.0,        3.1,       16.1,     -0.473,      0.300,      99154,     107854,    705.263,     56.759,       0.00,       0.00,     120.83,       0.00,       -360
-357,      68.40,     106888,      30.54,      30.53,      30.53,      -0.01,      -0.02,       0.00,       0.00,      871.7,      871.7,     -0.055,     -0.055,      1.277,        1.0,        4.3,       14.7,     -0.622,     -1.348,      99208,     108526,    705.263,     56.722,       0.00,       0.00,     120.83,       0.00,       -361
-356,      68.81,     105686,      30.56,      30.54,      30.54,      -0.01,      -0.03,       0.00,       0.00,      866.5,      866.5,     -0.054,     -0.054,      1.278,        1.0,        6.0,       13.3,     -0.778,     -1.814,      99267,     109474,    705.263,     56.672,       0.00,       0.00,     120.83,       0.00,       -361
-355,      69.33,     104287,      30.58,      30.56,      30.56,      -0.02,      -0.03,       0.00,       0.00,      861.1,      861.1,     -0.053,     -0.053,      1.278,        1.0,        7.6,       11.9,     -0.873,     -2.030,      99309,     110470,    705.263,     56.611,       0.00,       0.00,     120.83,       0.00,       -361
-354,      69.98,     102692,      30.60,      30.58,      30.58,      -0.02,      -0.03,       0.00,       0.00,      855.3,      855.3,     -0.052,     -0.052,      1.279,        1.0,       10.3,       10.4,     -0.965,     -2.090,      99350,     111487,    705.263,     56.539,       0.00,       0.00,     120.83,       0.00,       -361
-353,      70.74,     100928,      30.61,      30.60,      30.60,      -0.01,      -0.03,       0.00,       0.00,      849.1,      849.1,     -0.051,     -0.051,      1.280,        1.0,       13.0,        9.0,     -0.830,     -2.033,      99321,     112514,    705.263,     56.456,       0.00,       0.00,     120.83,       0.00,       -361
-352,      71.61,      99063,      30.65,      30.61,      30.61,      -0.00,      -0.03,       0.00,       0.00,      842.7,      842.7,     -0.050,     -0.050,      1.280,        1.0,       16.3,        7.7,      0.000,     -1.912,      98978,     113534,    705.263,     56.364,       0.00,       0.00,     120.83,       0.00,       -361
-351,      72.61,      97180,      30.71,      30.65,      30.65,       0.03,      -0.03,       0.00,       0.00,      836.1,      836.1,     -0.049,     -0.049,      1.281,        1.0,       19.7,        6.9,      1.623,     -1.828,      98552,     114518,    705.263,     56.262,       0.00,       0.00,     120.83,       0.00,       -361
-350,      73.71,      95244,      30.78,      30.71,      30.71,       0.05,      -0.03,       0.00,       0.00,      829.7,      829.7,     -0.048,     -0.048,      1.282,        1.0,       23.6,        6.0,      2.727,     -1.695,      98199,     115488,    705.263,     56.151,       0.00,       0.00,     120.83,       0.00,       -361
-349,      74.94,      93283,      30.88,      30.78,      30.78,       0.07,      -0.03,       0.00,       0.00,      823.2,      823.2,     -0.047,     -0.047,      1.282,        1.0,       29.5,        5.1,      4.096,     -1.508,      97707,     116444,    705.263,     56.032,       0.00,       0.00,     120.83,       0.00,       -361
-348,      76.27,      91314,      31.00,      30.88,      30.88,       0.10,      -0.02,       0.00,       0.00,      816.7,      816.7,     -0.046,     -0.046,      1.283,        1.0,       35.4,        4.2,      5.565,     -1.277,      97173,     117382,    705.263,     55.904,       0.00,       0.00,     120.83,       0.00,       -361
-347,      77.72,      89370,      31.15,      31.00,      31.00,       0.13,      -0.02,       0.00,       0.00,      810.3,      810.3,     -0.045,     -0.045,      1.284,        1.0,       43.2,        3.2,      7.387,     -1.019,      96517,     118298,    705.263,     55.770,       0.00,       0.00,     120.83,       0.00,       -362
-346,      79.28,      87465,      31.33,      31.15,      31.15,       0.17,      -0.01,       0.00,       0.00,      804.0,      804.0,     -0.044,     -0.044,      1.284,        1.0,       51.3,        2.3,      9.332,     -0.738,      95815,     119192,    705.263,     55.628,       0.00,       0.00,     120.83,       0.00,       -362
-345,      80.96,      85620,      31.55,      31.33,      31.33,       0.21,      -0.01,       0.00,       0.00,      797.8,      797.8,     -0.043,     -0.043,      1.285,        1.0,       60.9,        1.3,     11.551,     -0.439,      95012,     120061,    705.263,     55.480,       0.00,       0.00,     120.83,       0.00,       -362
-344,      82.74,      83873,      31.82,      31.55,      31.55,       0.26,      -0.01,       0.00,       0.00,      791.7,      791.7,     -0.042,     -0.042,      1.286,        1.0,       71.7,        1.1,     13.997,     -0.382,      94126,     120837,    705.263,     55.326,       0.00,       0.00,     120.83,       0.00,       -362
-343,      84.63,      82228,      32.15,      31.82,      31.82,       0.32,      -0.01,       0.00,       0.00,      785.7,      785.7,     -0.041,     -0.041,      1.286,        1.0,       82.9,        1.1,     16.487,     -0.387,      93214,     121568,    705.263,     55.166,       0.00,       0.00,     120.83,       0.00,       -362
-342,      86.64,      80693,      32.54,      32.15,      32.15,       0.38,      -0.01,       0.00,       0.00,      779.8,      779.8,     -0.041,     -0.041,      1.287,        1.0,       95.9,        0.9,     19.206,     -0.325,      92218,     122289,    705.263,     55.000,       0.00,       0.00,     120.83,       0.00,       -362
-341,      88.75,      79251,      32.99,      32.54,      32.54,       0.45,      -0.00,       0.00,       0.00,      773.8,      773.8,     -0.040,     -0.040,      1.288,        1.0,      108.9,        0.5,     21.833,     -0.163,      91243,     123010,    705.263,     54.828,       0.00,       0.00,     120.83,       0.00,       -362
-340,      90.97,      77910,      33.52,      32.99,      32.99,       0.53,      -0.00,       0.00,      90.97,      767.7,      767.7,     -0.000,     -0.039,      1.289,        1.0,      123.7,        0.0,     24.683,      0.000,      90194,     123681,    705.263,     54.651,       0.00,       0.00,     120.83,       0.00,       -362
-339,      93.29,      76672,      34.13,      33.52,      33.52,       0.61,      -0.00,       0.00,      93.29,      761.3,      761.3,     -0.000,     -0.039,      1.289,        1.0,      138.9,        0.0,     27.451,      0.000,      89171,     124320,    705.263,     54.469,       0.00,       0.00,     120.83,       0.00,       -362
-338,      95.72,      75535,      34.83,      34.13,      34.13,       0.70,      -0.00,       0.00,      95.72,      754.6,      754.6,     -0.000,     -0.038,      1.290,        1.0,      155.2,        0.0,     30.285,      0.000,      88127,     124930,    705.263,     54.281,       0.00,       0.00,     120.83,       0.00,       -362
-337,      98.26,      74493,      35.62,      34.83,      34.83,       0.79,      -0.00,       0.00,      98.26,      747.4,      747.4,     -0.000,     -0.037,      1.291,        1.0,      172.5,        0.0,     33.128,      0.000,      87084,     125514,    705.263,     54.089,       0.00,       0.00,     120.83,       0.00,       -362
-336,     100.89,      73535,      36.51,      35.62,      35.62,       0.89,      -0.00,       0.00,     100.89,      739.7,      739.7,     -0.000,     -0.037,      1.292,        1.0,      190.1,        0.0,     35.874,      0.000,      86076,     126073,    705.263,     53.891,       0.00,       0.00,     120.83,       0.00,       -362
-335,     103.63,      72656,      37.51,      36.51,      36.51,       1.00,      -0.00,       0.00,     103.63,      731.4,      731.4,     -0.000,     -0.036,      1.293,        1.0,      208.4,        0.0,     38.639,      0.000,      85068,     126609,    705.263,     53.688,       0.00,       0.00,     120.83,       0.00,       -362
-334,     106.47,      71847,      38.62,      37.51,      37.51,       1.11,      -0.00,       0.00,     106.47,      722.5,      722.5,     -0.000,     -0.035,      1.294,        1.0,      226.8,        0.0,     41.286,      0.000,      84105,     127123,    705.263,     53.481,       0.00,       0.00,     120.83,       0.00,       -362
-333,     109.41,      71104,      39.83,      38.62,      38.62,       1.22,      -0.00,       0.00,     109.41,      713.0,      713.0,     -0.000,     -0.034,      1.295,        1.0,      246.2,        0.0,     43.978,      0.000,      83138,     127615,    705.263,     53.269,       0.00,       0.00,     120.83,       0.00,       -362
-332,     112.44,      70420,      41.17,      39.83,      39.83,       1.33,      -0.00,       0.00,     112.44,      702.9,      702.9,     -0.000,     -0.034,      1.296,        1.0,      265.6,        0.0,     46.587,      0.000,      82208,     128085,    705.263,     53.052,       0.00,       0.00,     120.83,       0.00,       -362
-331,     115.57,      69790,      42.62,      41.17,      41.17,       1.45,      -0.00,       0.00,     115.57,      692.3,      692.3,     -0.000,     -0.033,      1.297,        1.0,      285.4,        0.0,     49.160,      0.000,      81299,     128535,    705.263,     52.830,       0.00,       0.00,     120.83,       0.00,       -362
-330,     118.79,      69207,      44.18,      42.62,      42.62,       1.57,      -0.00,       0.00,     118.79,      681.3,      681.3,     -0.000,     -0.032,      1.299,        1.0,      305.4,        0.0,     51.674,      0.000,      80418,     128964,    705.263,     52.604,       0.00,       0.00,     120.83,       0.00,       -362
-329,     122.11,      68664,      45.86,      44.18,      44.18,       1.68,      -0.00,       0.00,     122.11,      669.8,      669.8,     -0.000,     -0.031,      1.300,        1.0,      324.7,        0.0,     54.029,      0.000,      79596,     129374,    705.263,     52.373,       0.00,       0.00,     120.83,       0.00,       -363
-328,     125.51,      68151,      47.65,      45.86,      45.86,       1.79,      -0.00,       0.00,     125.51,      658.1,      658.1,     -0.000,     -0.030,      1.302,        1.0,      342.4,        0.0,     56.135,      0.000,      78859,     129763,    705.263,     52.138,       0.00,       0.00,     120.83,       0.00,       -363
-327,     129.01,      67665,      49.55,      47.65,      47.65,       1.90,      -0.00,       0.00,     129.01,      646.3,      646.3,     -0.000,     -0.028,      1.303,        1.0,      360.1,        0.0,     58.215,      0.000,      78139,     130133,    705.263,     51.898,       0.00,       0.00,     120.83,       0.00,       -363
-326,     132.59,      67209,      51.56,      49.55,      49.55,       2.01,      -0.00,       0.00,     132.59,      634.3,      634.3,     -0.000,     -0.027,      1.305,        1.0,      379.5,        0.0,     60.398,      0.000,      77400,     130483,    705.263,     51.655,       0.00,       0.00,     120.83,       0.00,       -363
-325,     136.26,      66782,      53.68,      51.56,      51.56,       2.12,      -0.00,       0.00,     136.26,      622.4,      622.4,     -0.000,     -0.026,      1.306,        1.0,      399.5,        0.0,     62.596,      0.000,      76664,     130815,    705.263,     51.407,       0.00,       0.00,     120.83,       0.00,       -363
-324,     140.01,      66380,      55.90,      53.68,      53.68,       2.22,      -0.00,       0.00,     140.01,      610.5,      610.5,     -0.000,     -0.025,      1.308,        1.0,      419.5,        0.0,     64.754,      0.000,      75945,     131129,    705.263,     51.155,       0.00,       0.00,     120.83,       0.00,       -363
-323,     143.85,      66003,      58.23,      55.90,      55.90,       2.33,      -0.00,       0.00,     143.85,      598.9,      598.9,     -0.000,     -0.024,      1.310,        1.0,      439.5,        0.0,     66.883,      0.000,      75244,     131424,    705.263,     50.899,       0.00,       0.00,     120.83,       0.00,       -363
-322,     147.77,      65648,      60.65,      58.23,      58.23,       2.43,      -0.00,       0.00,     147.77,      587.4,      587.4,     -0.000,     -0.022,      1.311,        1.0,      459.4,        0.0,     68.977,      0.000,      74560,     131702,    705.263,     50.639,       0.00,       0.00,     120.83,       0.00,       -363
-321,     151.76,      65312,      63.18,      60.65,      60.65,       2.52,      -0.00,       0.00,     151.76,      576.2,      576.2,     -0.000,     -0.021,      1.313,        1.0,      478.8,        0.0,     70.996,      0.000,      73905,     131964,    705.263,     50.376,       0.00,       0.00,     120.83,       0.00,       -363
-320,     155.84,      64994,      65.79,      63.18,      63.18,       2.62,      -0.00,       0.00,     155.84,      565.3,      565.3,     -0.000,     -0.020,      1.315,        1.0,      498.3,        0.0,     72.994,      0.000,      73262,     132209,    705.263,     50.109,       0.00,       0.00,     120.83,       0.00,       -363
-319,     159.98,      64694,      68.50,      65.79,      65.79,       2.71,      -0.00,       0.00,     159.98,      554.7,      554.7,     -0.000,     -0.019,      1.316,        1.0,      517.7,        0.0,     74.970,      0.000,      72631,     132439,    705.263,     49.838,       0.00,       0.00,     120.83,       0.00,       -363
-318,     164.20,      64411,      71.29,      68.50,      68.50,       2.79,      -0.00,       0.00,     164.20,      544.5,      544.5,     -0.000,     -0.018,      1.318,        1.0,      537.2,        0.0,     76.923,      0.000,      72012,     132653,    705.263,     49.564,       0.00,       0.00,     120.83,       0.00,       -363
-317,     168.49,      64132,      74.15,      71.29,      71.29,       2.86,      -0.00,       0.00,     168.49,      534.7,      534.7,     -0.000,     -0.016,      1.319,        1.0,      556.4,        0.0,     78.251,      0.000,      71581,     132853,    705.263,     49.286,       0.00,       0.00,     120.83,       0.00,       -363
-316,     172.85,      63856,      77.07,      74.15,      74.15,       2.92,      -0.00,       0.00,     172.85,      525.3,      525.3,     -0.000,     -0.015,      1.321,        1.0,      575.3,        0.0,     79.473,      0.000,      71183,     133038,    705.263,     49.006,       0.00,       0.00,     120.83,       0.00,       -363
-315,     177.28,      63585,      80.05,      77.07,      77.07,       2.98,      -0.00,       0.00,     177.28,      516.3,      516.3,     -0.000,     -0.014,      1.322,        1.0,      594.2,        0.0,     80.667,      0.000,      70796,     133208,    705.263,     48.722,       0.00,       0.00,     120.83,       0.00,       -363
-314,     181.77,      63318,      83.08,      80.05,      80.05,       3.03,      -0.00,       0.00,     181.77,      507.8,      507.8,     -0.000,     -0.013,      1.324,        1.0,      613.1,        0.0,     81.831,      0.000,      70419,     133363,    705.263,     48.436,       0.00,       0.00,     120.83,       0.00,       -363
-313,     186.33,      63056,      86.15,      83.08,      83.08,       3.08,      -0.00,       0.00,     186.33,      499.6,      499.6,     -0.000,     -0.012,      1.325,        1.0,      632.0,        0.0,     82.963,      0.000,      70053,     133504,    705.263,     48.147,       0.00,       0.00,     120.83,       0.00,       -363
-312,     190.94,      62798,      89.28,      86.15,      86.15,       3.12,      -0.00,       0.00,     190.94,      491.9,      491.9,     -0.000,     -0.010,      1.326,        1.0,      650.5,        0.0,     84.047,      0.000,      69705,     133629,    705.263,     47.855,       0.00,       0.00,     120.83,       0.00,       -363
-311,     195.62,      62546,      92.45,      89.28,      89.28,       3.17,      -0.00,       0.00,     195.62,      484.5,      484.5,     -0.000,     -0.009,      1.327,        1.0,      668.9,        0.0,     85.105,      0.000,      69373,     133739,    705.263,     47.561,       0.00,       0.00,     120.83,       0.00,       -363
-310,     200.35,      62300,      95.66,      92.45,      92.45,       3.21,      -0.00,       0.00,     200.35,      477.5,      477.5,     -0.000,     -0.008,      1.328,        1.0,      687.0,        0.0,     86.138,      0.000,      69061,     133831,    705.263,     47.264,       0.00,       0.00,     120.83,       0.00,       -363
-309,     205.13,      62060,      98.90,      95.66,      95.66,       3.25,      -0.00,       0.00,     205.13,      470.9,      470.9,     -0.000,     -0.007,      1.329,        1.0,      704.8,        0.0,     87.156,      0.000,      68771,     133905,    705.263,     46.966,       0.00,       0.00,     120.83,       0.00,       -363
-308,     209.97,      61831,     102.20,      98.90,      98.90,       3.29,      -0.00,       0.00,     209.97,      464.6,      464.6,     -0.000,     -0.006,      1.330,        1.0,      722.5,        0.0,     88.369,      0.000,      68451,     133960,    705.263,     46.665,       0.00,       0.00,     120.83,       0.00,       -363
-307,     214.86,      61615,     105.54,     102.20,     102.20,       3.34,      -0.00,       0.00,     214.86,      458.6,      458.6,     -0.000,     -0.005,      1.331,        1.0,      739.8,        0.0,     89.820,      0.000,      68095,     133994,    705.263,     46.362,       0.00,       0.00,     120.83,       0.00,       -363
-306,     219.79,      61416,     108.94,     105.54,     105.54,       3.40,      -0.00,       0.00,     219.79,      452.8,      452.8,     -0.000,     -0.004,      1.332,        1.0,      757.1,        0.0,     91.324,      0.000,      67768,     134007,    705.263,     46.058,       0.00,       0.00,     120.83,       0.00,       -363
-305,     224.77,      61233,     112.39,     108.94,     108.94,       3.45,      -0.00,       0.00,     224.77,      447.4,      447.4,     -0.000,     -0.003,      1.333,        1.0,      772.7,        0.0,     92.794,      0.000,      67501,     133996,    705.263,     45.752,       0.00,       0.00,     120.83,       0.00,       -363
-304,     229.80,      61068,     115.89,     112.39,     112.39,       3.50,      -0.00,       0.00,     229.80,      442.3,      442.3,     -0.000,     -0.002,      1.334,        1.0,      787.9,        0.0,     94.330,      0.000,      67273,     133959,    705.263,     45.443,       0.00,       0.00,     120.83,       0.00,       -363
-303,     234.86,      60923,     119.45,     115.89,     115.89,       3.56,      -0.00,       0.00,     234.86,      437.4,      437.4,     -0.000,     -0.001,      1.335,        1.0,      803.4,        0.0,     95.977,      0.000,      67080,     133896,    705.263,     45.134,       0.00,       0.00,     120.83,       0.00,       -363
-302,     239.97,      60801,     123.08,     119.45,     119.45,       3.63,      -0.00,       0.00,     239.97,      432.7,      432.7,     -0.000,     -0.000,      1.336,        1.0,      819.6,        0.0,     97.762,      0.000,      66918,     133804,    705.263,     44.822,       0.00,       0.00,     120.83,       0.00,       -363
-301,     245.11,      60704,     126.77,     123.08,     123.08,       3.70,      -0.00,       0.00,     245.11,      428.3,      428.3,     -0.000,      0.001,      1.336,        1.0,      835.8,        0.0,     99.647,      0.000,      66801,     133681,    705.263,     44.509,       0.00,       0.00,     120.83,       0.00,       -363
-300,     250.28,      60634,     130.54,     126.77,     126.77,       3.77,      -0.00,       0.00,     250.28,      424.1,      424.1,     -0.000,      0.002,      1.337,        1.0,      851.5,        0.0,    101.601,      0.000,      66740,     133527,    705.263,     44.194,       0.00,       0.00,     120.83,       0.00,       -363
-299,     255.49,      60591,     134.39,     130.54,     130.54,       3.85,      -0.00,       0.00,     255.49,      420.1,      420.1,     -0.000,      0.002,      1.338,        1.0,      867.2,        0.0,    103.642,      0.000,      66725,     133340,    705.263,     43.878,       0.00,       0.00,     120.83,       0.00,       -363
-298,     260.73,      60578,     138.32,     134.39,     134.39,       3.93,      -0.00,       0.00,     260.73,      416.4,      416.4,     -0.000,      0.003,      1.338,        1.0,      882.5,        0.0,    105.751,      0.000,      66767,     133119,    705.263,     43.560,       0.00,       0.00,     120.83,       0.00,       -363
-297,     266.00,      60597,     142.34,     138.32,     138.32,       4.02,      -0.00,       0.00,     266.00,      412.8,      412.8,     -0.000,      0.004,      1.339,        1.0,      897.6,        0.0,    108.171,      0.000,      66789,     132862,    705.263,     43.240,       0.00,       0.00,     120.83,       0.00,       -363
-296,     271.29,      60652,     146.47,     142.34,     142.34,       4.13,      -0.00,       0.00,     271.29,      409.4,      409.4,     -0.000,      0.005,      1.339,        1.0,      912.4,        0.0,    110.885,      0.000,      66790,     132570,    705.263,     42.918,       0.00,       0.00,     120.83,       0.00,       -363
-295,     276.60,      60743,     150.70,     146.47,     146.47,       4.23,      -0.00,       0.00,     276.60,      406.2,      406.2,     -0.000,      0.006,      1.340,        1.0,      926.4,        0.0,    113.606,      0.000,      66843,     132242,    705.263,     42.595,       0.00,       0.00,     120.83,       0.00,       -363
-294,     281.94,      60869,     155.04,     150.70,     150.70,       4.34,      -0.00,       0.00,     281.94,      403.2,      403.2,     -0.000,      0.007,      1.340,        1.0,      940.5,        0.0,    116.384,      0.000,      66923,     131877,    705.263,     42.269,       0.00,       0.00,     120.83,       0.00,       -363
-293,     287.29,      61031,     159.49,     155.04,     155.04,       4.45,      -0.00,       0.00,     287.29,      400.4,      400.4,     -0.000,      0.007,      1.341,        1.0,      954.5,        0.0,    119.198,      0.000,      67026,     131477,    705.263,     41.942,       0.00,       0.00,     120.83,       0.00,       -363
-292,     292.66,      61227,     164.05,     159.49,     159.49,       4.56,      -0.00,       0.00,     292.66,      397.7,      397.7,     -0.000,      0.008,      1.341,        1.0,      968.6,        0.0,    122.031,      0.000,      67146,     131041,    705.263,     41.612,       0.00,       0.00,     120.83,       0.00,       -363
-291,     298.05,      61456,     168.73,     164.05,     164.05,       4.67,      -0.00,       0.00,     298.05,      395.2,      395.2,     -0.000,      0.009,      1.341,        1.0,      981.8,        0.0,    124.785,      0.000,      67299,     130571,    705.263,     41.281,       0.00,       0.00,     120.83,       0.00,       -363
-290,     303.45,      61717,     173.51,     168.73,     168.73,       4.78,      -0.00,       0.00,     303.45,      392.8,      392.8,     -0.000,      0.010,      1.342,        1.0,      994.8,        0.0,    127.486,      0.000,      67469,     130067,    705.263,     40.948,       0.00,       0.00,     120.83,       0.00,       -363
-289,     308.86,      62008,     178.40,     173.51,     173.51,       4.89,      -0.00,       0.00,     308.86,      390.6,      390.6,     -0.000,      0.010,      1.342,        1.0,     1007.6,        0.0,    130.132,      0.000,      67648,     129532,    705.263,     40.612,       0.00,       0.00,     120.83,       0.00,       -363
-288,     314.27,      62328,     183.40,     178.40,     178.40,       5.00,      -0.00,       0.00,     314.27,      388.5,      388.5,     -0.000,      0.011,      1.343,        1.0,     1020.0,        0.0,    132.695,      0.000,      67836,     128968,    705.263,     40.274,       0.00,       0.00,     120.83,       0.00,       -363
-287,     319.70,      62681,     188.52,     183.40,     183.40,       5.12,      -0.00,       0.00,     319.70,      386.6,      386.6,     -0.000,      0.012,      1.343,        1.0,     1032.4,        0.0,    134.478,      0.000,      68230,     128375,    705.263,     39.934,       0.00,       0.00,     120.83,       0.00,       -363
-286,     325.12,      63070,     193.77,     188.52,     188.52,       5.25,      -0.00,       0.00,     325.12,      384.8,      384.8,     -0.000,      0.012,      1.343,        1.0,     1044.3,        0.0,    135.470,      0.000,      68831,     127758,    705.263,     39.592,       0.00,       0.00,     120.83,       0.00,       -363
-285,     330.55,      63493,     199.15,     193.77,     193.77,       5.38,      -0.00,       0.00,     330.55,      383.1,      383.1,     -0.000,      0.013,      1.343,        1.0,     1056.2,        0.0,    136.325,      0.000,      69447,     127117,    705.263,     39.247,       0.00,       0.00,     120.83,       0.00,       -363
-284,     335.98,      63947,     204.64,     199.15,     199.15,       5.50,      -0.00,       0.00,     335.98,      381.6,      381.6,     -0.000,      0.014,      1.344,        1.0,     1067.2,        0.0,    137.050,      0.000,      70075,     126456,    705.263,     38.900,       0.00,       0.00,     120.83,       0.00,       -363
-283,     341.41,      64429,     210.25,     204.64,     204.64,       5.61,      -0.00,       0.00,     341.41,      380.2,      380.2,     -0.000,      0.014,      1.344,        1.0,     1078.0,        0.0,    137.656,      0.000,      70710,     125777,    705.263,     38.550,       0.00,       0.00,     120.83,       0.00,       -363
-282,     346.83,      64937,     215.98,     210.25,     210.25,       5.73,      -0.00,       0.00,     346.83,      378.9,      378.9,     -0.000,      0.015,      1.344,        1.0,     1088.2,        0.0,    138.385,      0.000,      71276,     125084,    705.263,     38.198,       0.00,       0.00,     120.83,       0.00,       -363
-281,     352.25,      65470,     221.82,     215.98,     215.98,       5.83,      -0.00,       0.00,     352.25,      377.7,      377.7,     -0.000,      0.016,      1.344,        1.0,     1097.6,        0.0,    138.995,      0.000,      71852,     124379,    705.263,     37.844,       0.00,       0.00,     120.83,       0.00,       -363
-280,     357.65,      66025,     227.75,     221.82,     221.82,       5.94,      -0.00,       0.00,     357.65,      376.6,      376.6,     -0.000,      0.016,      1.344,        1.0,     1106.9,        0.0,    139.508,      0.000,      72429,     123667,    705.263,     37.487,       0.00,       0.00,     120.83,       0.00,       -363
-279,     363.05,      66601,     233.80,     227.75,     227.75,       6.04,      -0.00,       0.00,     363.05,      375.6,      375.6,     -0.000,      0.017,      1.345,        1.0,     1116.6,        0.0,    139.933,      0.000,      73005,     122949,    705.263,     37.128,       0.00,       0.00,     120.83,       0.00,       -363
-278,     368.44,      67198,     239.94,     233.80,     233.80,       6.14,      -0.00,       0.00,     368.44,      374.7,      374.7,     -0.000,      0.018,      1.345,        1.0,     1126.3,        0.0,    140.265,      0.000,      73583,     122228,    705.263,     36.767,       0.00,       0.00,     120.83,       0.00,       -363
-277,     373.81,      67812,     246.18,     239.94,     239.94,       6.24,      -0.00,       0.00,     373.81,      373.9,      373.9,     -0.000,      0.018,      1.345,        1.0,     1135.4,        0.0,    140.498,      0.000,      74169,     121508,    705.263,     36.403,       0.00,       0.00,     120.83,       0.00,       -363
-276,     379.17,      68442,     252.50,     246.18,     246.18,       6.33,      -0.00,       0.00,     379.17,      373.2,      373.2,     -0.000,      0.019,      1.345,        1.0,     1144.1,        0.0,    140.628,      0.000,      74759,     120791,    705.263,     36.037,       0.00,       0.00,     120.83,       0.00,       -363
-275,     384.51,      69087,     258.91,     252.50,     252.50,       6.41,      -0.00,       0.00,     384.51,      372.5,      372.5,     -0.000,      0.019,      1.345,        1.0,     1152.6,        0.0,    140.673,      0.000,      75352,     120079,    705.263,     35.669,       0.00,       0.00,     120.83,       0.00,       -363
-274,     389.83,      69744,     265.40,     258.91,     258.91,       6.49,      -0.00,       0.00,     389.83,      371.9,      371.9,     -0.000,      0.020,      1.345,        1.0,     1160.7,        0.0,    140.631,      0.000,      75950,     119375,    705.263,     35.298,       0.00,       0.00,     120.83,       0.00,       -363
-273,     395.12,      70413,     271.97,     265.40,     265.40,       6.57,      -0.00,       0.00,     395.12,      371.4,      371.4,     -0.000,      0.020,      1.345,        1.0,     1168.8,        0.0,    140.516,      0.000,      76550,     118680,    705.263,     34.926,       0.00,       0.00,     120.83,       0.00,       -363
-272,     400.40,      71091,     278.60,     271.97,     271.97,       6.63,      -0.00,       0.00,     400.40,      370.9,      370.9,     -0.000,      0.021,      1.345,        1.0,     1175.9,        0.0,    140.310,      0.000,      77158,     117996,    705.263,     34.552,       0.00,       0.00,     120.83,       0.00,       -363
-271,     405.65,      71777,     285.30,     278.60,     278.60,       6.70,      -0.00,       0.00,     405.65,      370.5,      370.5,     -0.000,      0.022,      1.345,        1.0,     1182.9,        0.0,    140.039,      0.000,      77768,     117325,    705.263,     34.176,       0.00,       0.00,     120.83,       0.00,       -363
-270,     410.88,      72471,     292.05,     285.30,     285.30,       6.75,      -0.00,       0.00,     410.88,      370.1,      370.1,     -0.000,      0.022,      1.346,        1.0,     1189.6,        0.0,    139.699,      0.000,      78381,     116669,    705.263,     33.798,       0.00,       0.00,     120.83,       0.00,       -363
-269,     416.07,      73171,     298.86,     292.05,     292.05,       6.81,      -0.00,       0.00,     416.07,      369.8,      369.8,     -0.000,      0.023,      1.346,        1.0,     1196.1,        0.0,    139.298,      0.000,      78996,     116027,    705.263,     33.419,       0.00,       0.00,     120.83,       0.00,       -362
-268,     421.24,      73877,     305.72,     298.86,     298.86,       6.86,      -0.00,       0.00,     421.24,      369.5,      369.5,     -0.000,      0.023,      1.346,        1.0,     1202.3,        0.0,    138.837,      0.000,      79614,     115401,    705.263,     33.038,       0.00,       0.00,     120.83,       0.00,       -362
-267,     426.38,      74586,     312.62,     305.72,     305.72,       6.90,      -0.00,       0.00,     426.38,      369.2,      369.2,     -0.000,      0.024,      1.346,        1.0,     1207.7,        0.0,    138.312,      0.000,      80236,     114793,    705.263,     32.656,       0.00,       0.00,     120.83,       0.00,       -362
-266,     431.49,      75298,     319.56,     312.62,     312.62,       6.94,      -0.00,       0.00,     431.49,      369.0,      369.0,     -0.000,      0.024,      1.346,        1.0,     1213.1,        0.0,    137.740,      0.000,      80858,     114202,    705.263,     32.273,       0.00,       0.00,     120.83,       0.00,       -362
-265,     436.56,      76013,     326.53,     319.56,     319.56,       6.97,      -0.00,       0.00,     436.56,      368.9,      368.9,     -0.000,      0.025,      1.346,        1.0,     1218.0,        0.0,    137.116,      0.000,      81482,     113629,    705.263,     31.889,       0.00,       0.00,     120.83,       0.00,       -362
-264,     441.59,      76729,     333.53,     326.53,     326.53,       7.00,      -0.00,       0.00,     441.59,      368.7,      368.7,     -0.000,      0.025,      1.346,        1.0,     1222.9,        0.0,    136.451,      0.000,      82106,     113074,    705.263,     31.504,       0.00,       0.00,     120.83,       0.00,       -362
-263,     446.59,      77446,     340.56,     333.53,     333.53,       7.03,      -0.00,       0.00,     446.59,      368.6,      368.6,     -0.000,      0.026,      1.346,        1.0,     1227.4,        0.0,    135.743,      0.000,      82730,     112538,    705.263,     31.118,       0.00,       0.00,     120.83,       0.00,       -362
-262,     451.56,      78164,     347.62,     340.56,     340.56,       7.05,      -0.00,       0.00,     451.56,      368.5,      368.5,     -0.000,      0.026,      1.346,        1.0,     1231.7,        0.0,    134.999,      0.000,      83354,     112020,    705.263,     30.732,       0.00,       0.00,     120.83,       0.00,       -362
-261,     456.48,      78881,     354.69,     347.62,     347.62,       7.07,      -0.00,       0.00,     456.48,      368.5,      368.5,     -0.000,      0.027,      1.346,        1.0,     1235.7,        0.0,    134.217,      0.000,      83978,     111522,    705.263,     30.345,       0.00,       0.00,     120.83,       0.00,       -362
-260,     461.36,      79598,     361.77,     354.69,     354.69,       7.08,      -0.00,       0.00,     461.36,      368.5,      368.5,     -0.000,      0.027,      1.346,        1.0,     1238.9,        0.0,    133.396,      0.000,      84604,     111042,    705.263,     29.958,       0.00,       0.00,     120.83,       0.00,       -362
-259,     466.20,      80313,     368.87,     361.77,     361.77,       7.09,      -0.00,       0.00,     466.20,      368.4,      368.4,     -0.000,      0.027,      1.346,        1.0,     1242.2,        0.0,    132.553,      0.000,      85228,     110581,    705.263,     29.571,       0.00,       0.00,     120.83,       0.00,       -362
-258,     471.00,      81024,     375.96,     368.87,     368.87,       7.09,      -0.00,       0.00,     471.00,      368.5,      368.5,     -0.000,      0.028,      1.346,        1.0,     1244.2,        0.0,    131.675,      0.000,      85855,     110139,    705.263,     29.184,       0.00,       0.00,     120.83,       0.00,       -362
-257,     475.76,      81733,     383.05,     375.96,     375.96,       7.09,      -0.00,       0.00,     475.76,      368.5,      368.5,     -0.000,      0.028,      1.346,        1.0,     1246.1,        0.0,    130.782,      0.000,      86478,     109716,    705.263,     28.797,       0.00,       0.00,     120.83,       0.00,       -362
-256,     480.46,      82439,     390.14,     383.05,     383.05,       7.09,      -0.00,       0.00,     480.46,      368.5,      368.5,     -0.000,      0.029,      1.346,        1.0,     1247.9,        0.0,    129.875,      0.000,      87099,     109312,    705.263,     28.411,       0.00,       0.00,     120.83,       0.00,       -362
-255,     485.13,      83141,     397.23,     390.14,     390.14,       7.08,      -0.00,       0.00,     485.13,      368.6,      368.6,     -0.000,      0.029,      1.346,        1.0,     1249.6,        0.0,    128.951,      0.000,      87718,     108927,    705.263,     28.025,       0.00,       0.00,     120.83,       0.00,       -362
-254,     489.74,      83841,     404.30,     397.23,     397.23,       7.07,      -0.00,       0.00,     489.74,      368.7,      368.7,     -0.000,      0.030,      1.346,        1.0,     1251.1,        0.0,    128.018,      0.000,      88334,     108560,    705.263,     27.640,       0.00,       0.00,     120.83,       0.00,       -362
-253,     494.31,      84537,     411.36,     404.30,     404.30,       7.06,      -0.00,       0.00,     494.31,      368.8,      368.8,     -0.000,      0.030,      1.346,        1.0,     1252.2,        0.0,    127.072,      0.000,      88949,     108211,    705.263,     27.256,       0.00,       0.00,     120.83,       0.00,       -362
-252,     498.83,      85229,     418.41,     411.36,     411.36,       7.05,      -0.00,       0.00,     498.83,      368.9,      368.9,     -0.000,      0.030,      1.346,        1.0,     1253.3,        0.0,    126.121,      0.000,      89562,     107880,    705.263,     26.873,       0.00,       0.00,     120.83,       0.00,       -362
-251,     503.30,      85918,     425.44,     418.41,     418.41,       7.03,      -0.00,       0.00,     503.30,      369.0,      369.0,     -0.000,      0.031,      1.346,        1.0,     1253.5,        0.0,    125.159,      0.000,      90174,     107568,    705.263,     26.491,       0.00,       0.00,     120.83,       0.00,       -362
-250,     507.71,      86602,     432.45,     425.44,     425.44,       7.01,      -0.00,       0.00,     507.71,      369.2,      369.2,     -0.000,      0.031,      1.346,        1.0,     1253.5,        0.0,    124.193,      0.000,      90784,     107274,    705.263,     26.111,       0.00,       0.00,     120.83,       0.00,       -362
-249,     512.08,      87282,     439.44,     432.45,     432.45,       6.98,      -0.00,       0.00,     512.08,      369.3,      369.3,     -0.000,      0.032,      1.346,        1.0,     1253.0,        0.0,    123.221,      0.000,      91392,     106999,    705.263,     25.732,       0.00,       0.00,     120.83,       0.00,       -362
-248,     516.39,      87956,     446.39,     439.44,     439.44,       6.95,      -0.00,       0.00,     516.39,      369.5,      369.5,     -0.000,      0.032,      1.346,        1.0,     1251.9,        0.0,    122.248,      0.000,      91998,     106741,    705.263,     25.355,       0.00,       0.00,     120.83,       0.00,       -362
-247,     520.65,      88626,     453.32,     446.39,     446.39,       6.92,      -0.00,       0.00,     520.65,      369.6,      369.6,     -0.000,      0.032,      1.346,        1.0,     1250.7,        0.0,    121.278,      0.000,      92600,     106503,    705.263,     24.980,       0.00,       0.00,     120.83,       0.00,       -362
-246,     524.85,      89292,     460.21,     453.32,     453.32,       6.89,      -0.00,       0.00,     524.85,      369.8,      369.8,     -0.000,      0.033,      1.346,        1.0,     1249.1,        0.0,    120.309,      0.000,      93199,     106283,    705.263,     24.607,       0.00,       0.00,     120.83,       0.00,       -362
-245,     529.00,      89952,     467.06,     460.21,     460.21,       6.86,      -0.00,       0.00,     529.00,      370.0,      370.0,     -0.000,      0.033,      1.346,        1.0,     1247.5,        0.0,    119.346,      0.000,      93796,     106082,    705.263,     24.237,       0.00,       0.00,     120.83,       0.00,       -362
-244,     533.09,      90608,     473.89,     467.06,     467.06,       6.82,      -0.00,       0.00,     533.09,      370.2,      370.2,     -0.000,      0.033,      1.346,        1.0,     1245.4,        0.0,    118.384,      0.000,      94389,     105900,    705.263,     23.868,       0.00,       0.00,     120.83,       0.00,       -362
-243,     537.13,      91260,     480.67,     473.89,     473.89,       6.78,      -0.00,       0.00,     537.13,      370.4,      370.4,     -0.000,      0.034,      1.346,        1.0,     1243.3,        0.0,    117.427,      0.000,      94979,     105739,    705.263,     23.503,       0.00,       0.00,     120.83,       0.00,       -362
-242,     541.11,      91907,     487.41,     480.67,     480.67,       6.74,      -0.00,       0.00,     541.11,      370.6,      370.6,     -0.000,      0.034,      1.346,        1.0,     1240.5,        0.0,    116.473,      0.000,      95567,     105597,    705.263,     23.139,       0.00,       0.00,     120.83,       0.00,       -362
-241,     545.03,      92549,     494.11,     487.41,     487.41,       6.70,      -0.00,       0.00,     545.03,      370.8,      370.8,     -0.000,      0.034,      1.345,        1.0,     1237.3,        0.0,    115.523,      0.000,      96152,     105476,    705.263,     22.779,       0.00,       0.00,     120.83,       0.00,       -362
-240,     548.90,      93186,     500.77,     494.11,     494.11,       6.65,      -0.00,       0.00,     548.90,      371.0,      371.0,     -0.000,      0.035,      1.345,        1.0,     1233.8,        0.0,    114.581,      0.000,      96734,     105377,    705.263,     22.422,       0.00,       0.00,     120.83,       0.00,       -362
-239,     552.70,      93817,     507.37,     500.77,     500.77,       6.60,      -0.00,       0.00,     552.70,      371.2,      371.2,     -0.000,      0.035,      1.345,        1.0,     1229.5,        0.0,    113.639,      0.000,      97314,     105299,    705.263,     22.067,       0.00,       0.00,     120.83,       0.00,       -362
-238,     556.45,      94444,     513.93,     507.37,     507.37,       6.55,      -0.00,       0.00,     556.45,      371.5,      371.5,     -0.000,      0.035,      1.345,        1.0,     1225.2,        0.0,    112.705,      0.000,      97888,     105245,    705.263,     21.716,       0.00,       0.00,     120.83,       0.00,       -362
-237,     560.14,      95065,     520.43,     513.93,     513.93,       6.50,      -0.00,       0.00,     560.14,      371.7,      371.7,     -0.000,      0.036,      1.345,        1.0,     1220.4,        0.0,    111.774,      0.000,      98459,     105213,    705.263,     21.369,       0.00,       0.00,     120.83,       0.00,       -362
-236,     563.76,      95681,     526.88,     520.43,     520.43,       6.45,      -0.00,       0.00,     563.76,      371.9,      371.9,     -0.000,      0.036,      1.345,        1.0,     1215.5,        0.0,    110.851,      0.000,      99025,     105205,    705.263,     21.025,       0.00,       0.00,     120.83,       0.00,       -361
-235,     567.33,      96291,     533.27,     526.88,     526.88,       6.39,      -0.00,       0.00,     567.33,      372.2,      372.2,     -0.000,      0.036,      1.345,        1.0,     1210.4,        0.0,    109.930,      0.000,      99588,     105222,    705.263,     20.684,       0.00,       0.00,     120.83,       0.00,       -361
-234,     570.84,      96897,     539.61,     533.27,     533.27,       6.34,      -0.00,       0.00,     570.84,      372.4,      372.4,     -0.000,      0.036,      1.345,        1.0,     1205.0,        0.0,    109.011,      0.000,     100146,     105265,    705.263,     20.347,       0.00,       0.00,     120.83,       0.00,       -361
-233,     574.28,      97498,     545.88,     539.61,     539.61,       6.28,      -0.00,       0.00,     574.28,      372.7,      372.7,     -0.000,      0.037,      1.345,        1.0,     1199.5,        0.0,    108.096,      0.000,     100699,     105334,    705.263,     20.015,       0.00,       0.00,     120.83,       0.00,       -361
-232,     577.66,      98095,     552.10,     545.88,     545.88,       6.22,      -0.00,       0.00,     577.66,      372.9,      372.9,     -0.000,      0.037,      1.345,        1.0,     1193.6,        0.0,    107.179,      0.000,     101248,     105429,    705.263,     19.686,       0.00,       0.00,     120.83,       0.00,       -361
-231,     580.98,      98686,     558.26,     552.10,     552.10,       6.16,      -0.00,       0.00,     580.98,      373.2,      373.2,     -0.000,      0.037,      1.345,        1.0,     1187.7,        0.0,    106.262,      0.000,     101792,     105552,    705.263,     19.361,       0.00,       0.00,     120.83,       0.00,       -361
-230,     584.24,      99271,     564.35,     558.26,     558.26,       6.09,      -0.00,       0.00,     584.24,      373.4,      373.4,     -0.000,      0.037,      1.345,        1.0,     1180.6,        0.0,    105.339,      0.000,     102332,     105702,    705.263,     19.041,       0.00,       0.00,     120.83,       0.00,       -361
-229,     587.44,      99851,     570.37,     564.35,     564.35,       6.02,      -0.00,       0.00,     587.44,      373.7,      373.7,     -0.000,      0.038,      1.345,        1.0,     1173.0,        0.0,    104.415,      0.000,     102868,     105881,    705.263,     18.725,       0.00,       0.00,     120.83,       0.00,       -361
-228,     590.57,     100424,     576.32,     570.37,     570.37,       5.95,      -0.00,       0.00,     590.57,      374.0,      374.0,     -0.000,      0.038,      1.345,        1.0,     1165.3,        0.0,    103.489,      0.000,     103397,     106089,    705.263,     18.414,       0.00,       0.00,     120.83,       0.00,       -361
-227,     593.64,     100991,     582.20,     576.32,     576.32,       5.88,      -0.00,       0.00,     593.64,      374.2,      374.2,     -0.000,      0.038,      1.345,        1.0,     1157.2,        0.0,    102.558,      0.000,     103920,     106326,    705.263,     18.107,       0.00,       0.00,     120.83,       0.00,       -361
-226,     596.64,     101552,     588.00,     582.20,     582.20,       5.80,      -0.00,       0.00,     596.64,      374.5,      374.5,     -0.000,      0.038,      1.345,        1.0,     1149.0,        0.0,    101.624,      0.000,     104436,     106591,    705.263,     17.805,       0.00,       0.00,     120.83,       0.00,       -361
-225,     599.59,     102106,     593.72,     588.00,     588.00,       5.72,      -0.00,       0.00,     599.59,      374.8,      374.8,     -0.000,      0.039,      1.345,        1.0,     1140.4,        0.0,    100.683,      0.000,     104946,     106885,    705.263,     17.508,       0.00,       0.00,     120.83,       0.00,       -361
-224,     602.47,     102654,     599.37,     593.72,     593.72,       5.65,      -0.00,       0.00,     602.47,      375.0,      375.0,     -0.000,      0.039,      1.345,        1.0,     1131.8,        0.0,     99.735,      0.000,     105448,     107208,    705.263,     17.215,       0.00,       0.00,     120.83,       0.00,       -361
-223,     605.28,     103196,     604.93,     599.37,     599.37,       5.56,      -0.00,       0.00,     605.28,      375.3,      375.3,     -0.000,      0.039,      1.345,        1.0,     1122.3,        0.0,     98.777,      0.000,     105945,     107558,    705.263,     16.928,       0.00,       0.00,     120.83,       0.00,       -361
-222,     608.03,     103730,     610.41,     604.93,     604.93,       5.48,      -0.00,       0.00,     608.03,      375.6,      375.6,     -0.000,      0.039,      1.345,        1.0,     1112.6,        0.0,     97.809,      0.000,     106434,     107937,    705.263,     16.646,       0.00,       0.00,     120.83,       0.00,       -361
-221,     610.72,     104257,     615.81,     610.41,     610.41,       5.39,      -0.00,       0.00,     610.72,      375.9,      375.9,     -0.000,      0.039,      1.345,        1.0,     1102.6,        0.0,     96.832,      0.000,     106915,     108342,    705.263,     16.369,       0.00,       0.00,     120.83,       0.00,       -361
-220,     613.34,     104777,     621.11,     615.81,     615.81,       5.31,      -0.00,       0.00,     613.34,      376.1,      376.1,     -0.000,      0.039,      1.345,        1.0,     1092.4,        0.0,     95.844,      0.000,     107388,     108772,    705.263,     16.098,       0.00,       0.00,     120.83,       0.00,       -361
-219,     615.90,     105290,     626.33,     621.11,     621.11,       5.22,      -0.00,       0.00,     615.90,      376.4,      376.4,     -0.000,      0.040,      1.345,        1.0,     1082.0,        0.0,     94.843,      0.000,     107853,     109227,    705.263,     15.832,       0.00,       0.00,     120.83,       0.00,       -361
-218,     618.39,     105794,     631.45,     626.33,     626.33,       5.12,      -0.00,       0.00,     618.39,      376.7,      376.7,     -0.000,      0.040,      1.345,        1.0,     1070.7,        0.0,     93.843,      0.000,     108304,     109705,    705.263,     15.572,       0.00,       0.00,     120.83,       0.00,       -361
-217,     620.82,     106291,     636.48,     631.45,     631.45,       5.03,      -0.00,       0.00,     620.82,      376.9,      376.9,     -0.000,      0.040,      1.345,        1.0,     1059.3,        0.0,     92.835,      0.000,     108744,     110205,    705.263,     15.317,       0.00,       0.00,     120.83,       0.00,       -361
-216,     623.18,     106780,     641.41,     636.48,     636.48,       4.93,      -0.00,       0.00,     623.18,      377.2,      377.2,     -0.000,      0.040,      1.345,        1.0,     1047.6,        0.0,     91.811,      0.000,     109175,     110724,    705.263,     15.068,       0.00,       0.00,     120.83,       0.00,       -361
-215,     625.48,     107261,     646.25,     641.41,     641.41,       4.83,      -0.00,       0.00,     625.48,      377.5,      377.5,     -0.000,      0.040,      1.345,        1.0,     1035.7,        0.0,     90.770,      0.000,     109597,     111261,    705.263,     14.825,       0.00,       0.00,     120.83,       0.00,       -361
-214,     627.72,     107735,     650.99,     646.25,     646.25,       4.74,      -0.00,       0.00,     627.72,      377.8,      377.8,     -0.000,      0.040,      1.344,        1.0,     1023.6,        0.0,     89.622,      0.000,     110050,     111814,    705.263,     14.588,       0.00,       0.00,     120.83,       0.00,       -361
-213,     629.89,     108209,     655.67,     650.99,     650.99,       4.68,      -0.00,       0.00,     629.89,      378.0,      378.0,     -0.000,      0.040,      1.344,        1.0,     1011.1,        0.0,     88.099,      0.000,     110650,     112380,    705.263,     14.356,       0.00,       0.00,     120.83,       0.00,       -361
-212,     631.99,     108682,     660.28,     655.67,     655.67,       4.62,      -0.00,       0.00,     631.99,      378.3,      378.3,     -0.000,      0.041,      1.344,        1.0,      998.7,        0.0,     86.557,      0.000,     111243,     112957,    705.263,     14.131,       0.00,       0.00,     120.83,       0.00,       -361
-211,     634.03,     109155,     664.83,     660.28,     660.28,       4.55,      -0.00,       0.00,     634.03,      378.6,      378.6,     -0.000,      0.041,      1.344,        1.0,      986.4,        0.0,     85.000,      0.000,     111826,     113542,    705.263,     13.912,       0.00,       0.00,     120.83,       0.00,       -361
-210,     636.01,     109627,     669.31,     664.83,     664.83,       4.48,      -0.00,       0.00,     636.01,      378.8,      378.8,     -0.000,      0.041,      1.344,        1.0,      974.2,        0.0,     83.423,      0.000,     112401,     114134,    705.263,     13.699,       0.00,       0.00,     120.83,       0.00,       -360
-209,     637.92,     110098,     673.72,     669.31,     669.31,       4.41,      -0.00,       0.00,     637.92,      379.1,      379.1,     -0.000,      0.041,      1.344,        1.0,      960.9,        0.0,     81.791,      0.000,     112983,     114730,    705.263,     13.492,       0.00,       0.00,     120.83,       0.00,       -360
-208,     639.76,     110567,     678.06,     673.72,     673.72,       4.34,      -0.00,       0.00,     639.76,      379.4,      379.4,     -0.000,      0.041,      1.344,        1.0,      946.8,        0.0,     80.115,      0.000,     113568,     115326,    705.263,     13.292,       0.00,       0.00,     120.83,       0.00,       -360
-207,     641.54,     111033,     682.32,     678.06,     678.06,       4.26,      -0.00,       0.00,     641.54,      379.7,      379.7,     -0.000,      0.041,      1.344,        1.0,      932.5,        0.0,     78.413,      0.000,     114146,     115922,    705.263,     13.098,       0.00,       0.00,     120.83,       0.00,       -360
-206,     643.26,     111497,     686.50,     682.32,     682.32,       4.18,      -0.00,       0.00,     643.26,      380.0,      380.0,     -0.000,      0.041,      1.344,        1.0,      917.4,        0.0,     76.667,      0.000,     114726,     116515,    705.263,     12.911,       0.00,       0.00,     120.83,       0.00,       -360
-205,     644.91,     111958,     690.59,     686.50,     686.50,       4.10,      -0.00,       0.00,     644.91,      380.3,      380.3,     -0.000,      0.041,      1.344,        1.0,      902.2,        0.0,     74.906,      0.000,     115293,     117104,    705.263,     12.729,       0.00,       0.00,     120.83,       0.00,       -360
-204,     646.49,     112416,     694.61,     690.59,     690.59,       4.02,      -0.00,       0.00,     646.49,      380.6,      380.6,     -0.000,      0.041,      1.344,        1.0,      887.1,        0.0,     73.150,      0.000,     115840,     117687,    705.263,     12.555,       0.00,       0.00,     120.83,       0.00,       -360
-203,     648.01,     112872,     698.54,     694.61,     694.61,       3.93,      -0.00,       0.00,     648.01,      380.9,      380.9,     -0.000,      0.041,      1.344,        1.0,      872.0,        0.0,     71.456,      0.000,     116340,     118262,    705.263,     12.387,       0.00,       0.00,     120.83,       0.00,       -360
-202,     649.47,     113325,     702.39,     698.54,     698.54,       3.85,      -0.00,       0.00,     649.47,      381.2,      381.2,     -0.000,      0.041,      1.344,        1.0,      856.2,        0.0,     69.725,      0.000,     116838,     118829,    705.263,     12.226,       0.00,       0.00,     120.83,       0.00,       -360
-201,     650.86,     113774,     706.16,     702.39,     702.39,       3.77,      -0.00,       0.00,     650.86,      381.5,      381.5,     -0.000,      0.041,      1.344,        1.0,      840.0,        0.0,     67.967,      0.000,     117330,     119385,    705.263,     12.071,       0.00,       0.00,     120.83,       0.00,       -360
-200,     652.18,     114220,     709.84,     706.16,     706.16,       3.68,      -0.00,       0.00,     652.18,      381.8,      381.8,     -0.000,      0.041,      1.344,        1.0,      823.6,        0.0,     66.188,      0.000,     117812,     119931,    705.263,     11.924,       0.00,       0.00,     120.83,       0.00,       -360
-199,     653.44,     114662,     713.42,     709.84,     709.84,       3.59,      -0.00,       0.00,     653.44,      382.1,      382.1,     -0.000,      0.041,      1.344,        1.0,      806.9,        0.0,     64.384,      0.000,     118287,     120464,    705.263,     11.783,       0.00,       0.00,     120.83,       0.00,       -360
-198,     654.64,     115101,     716.92,     713.42,     713.42,       3.50,      -0.00,       0.00,     654.64,      382.4,      382.4,     -0.000,      0.041,      1.344,        1.0,      790.1,        0.0,     62.566,      0.000,     118749,     120985,    705.263,     11.649,       0.00,       0.00,     120.83,       0.00,       -360
-197,     655.77,     115535,     720.32,     716.92,     716.92,       3.40,      -0.00,       0.00,     655.77,      382.7,      382.7,     -0.000,      0.041,      1.344,        1.0,      772.8,        0.0,     60.721,      0.000,     119205,     121492,    705.263,     11.522,       0.00,       0.00,     120.83,       0.00,       -360
-196,     656.83,     115965,     723.63,     720.32,     720.32,       3.31,      -0.00,       0.00,     656.83,      383.0,      383.0,     -0.000,      0.041,      1.344,        1.0,      755.5,        0.0,     58.868,      0.000,     119649,     121984,    705.263,     11.402,       0.00,       0.00,     120.83,       0.00,       -360
-195,     657.83,     116390,     726.84,     723.63,     723.63,       3.21,      -0.00,       0.00,     657.83,      383.3,      383.3,     -0.000,      0.041,      1.344,        1.0,      737.5,        0.0,     56.984,      0.000,     120088,     122462,    705.263,     11.289,       0.00,       0.00,     120.83,       0.00,       -360
-194,     658.77,     116810,     729.95,     726.84,     726.84,       3.11,      -0.00,       0.00,     658.77,      383.6,      383.6,     -0.000,      0.041,      1.344,        1.0,      719.2,        0.0,     55.080,      0.000,     120517,     122925,    705.263,     11.184,       0.00,       0.00,     120.83,       0.00,       -360
-193,     659.64,     117226,     732.97,     729.95,     729.95,       3.02,      -0.00,       0.00,     659.64,      383.9,      383.9,     -0.000,      0.041,      1.344,        1.0,      700.8,        0.0,     53.312,      0.000,     120864,     123372,    705.263,     11.085,       0.00,       0.00,     120.83,       0.00,       -360
-192,     660.45,     117639,     735.89,     732.97,     732.97,       2.92,      -0.00,       0.00,     660.45,      384.2,      384.2,     -0.000,      0.041,      1.344,        1.0,      682.4,        0.0,     51.570,      0.000,     121182,     123804,    705.263,     10.994,       0.00,       0.00,     120.83,       0.00,       -360
-191,     661.19,     118048,     738.72,     735.89,     735.89,       2.83,      -0.00,       0.00,     661.19,      384.5,      384.5,     -0.000,      0.041,      1.343,        1.0,      664.1,        0.0,     49.804,      0.000,     121495,     124220,    705.263,     10.911,       0.00,       0.00,     120.83,       0.00,       -360
-190,     661.87,     118452,     741.45,     738.72,     738.72,       2.73,      -0.00,       0.00,     661.87,      384.8,      384.8,     -0.000,      0.041,      1.343,        1.0,      645.1,        0.0,     48.009,      0.000,     121807,     124620,    705.263,     10.834,       0.00,       0.00,     120.83,       0.00,       -360
-189,     662.48,     118853,     744.09,     741.45,     741.45,       2.63,      -0.00,       0.00,     662.48,      385.1,      385.1,     -0.000,      0.041,      1.343,        1.0,      626.2,        0.0,     46.195,      0.000,     122112,     125004,    705.263,     10.765,       0.00,       0.00,     120.83,       0.00,       -360
-188,     663.03,     119249,     746.62,     744.09,     744.09,       2.53,      -0.00,       0.00,     663.03,      385.4,      385.4,     -0.000,      0.041,      1.343,        1.0,      608.2,        0.0,     44.379,      0.000,     122406,     125373,    705.263,     10.703,       0.00,       0.00,     120.83,       0.00,       -360
-187,     663.52,     119641,     749.06,     746.62,     746.62,       2.43,      -0.00,       0.00,     663.52,      385.7,      385.7,     -0.000,      0.041,      1.343,        1.0,      590.5,        0.0,     42.556,      0.000,     122690,     125726,    705.263,     10.649,       0.00,       0.00,     120.83,       0.00,       -360
-186,     663.94,     120029,     751.39,     749.06,     749.06,       2.33,      -0.00,       0.00,     663.94,      386.0,      386.0,     -0.000,      0.041,      1.343,        1.0,      572.5,        0.0,     40.716,      0.000,     122970,     126063,    705.263,     10.603,       0.00,       0.00,     120.83,       0.00,       -359
-185,     664.29,     120412,     753.62,     751.39,     751.39,       2.23,      -0.00,       0.00,     664.29,      386.3,      386.3,     -0.000,      0.041,      1.343,        1.0,      552.5,        0.0,     38.835,      0.000,     123259,     126385,    705.263,     10.564,       0.00,       0.00,     120.83,       0.00,       -359
-184,     664.58,     120789,     755.74,     753.62,     753.62,       2.12,      -0.00,       0.00,     664.58,      386.6,      386.6,     -0.000,      0.041,      1.343,        1.0,      532.5,        0.0,     36.900,      0.000,     123566,     126691,    705.263,     10.533,       0.00,       0.00,     120.83,       0.00,       -359
-183,     664.81,     121160,     757.75,     755.74,     755.74,       2.01,      -0.00,       0.00,     664.81,      386.9,      386.9,     -0.000,      0.040,      1.343,        1.0,      512.1,        0.0,     34.854,      0.000,     123916,     126982,    705.263,     10.510,       0.00,       0.00,     120.83,       0.00,       -359
-182,     664.97,     121525,     759.65,     757.75,     757.75,       1.90,      -0.00,       0.00,     664.97,      387.2,      387.2,     -0.000,      0.040,      1.343,        1.0,      491.5,        0.0,     32.827,      0.000,     124250,     127258,    705.263,     10.494,       0.00,       0.00,     120.83,       0.00,       -359
-181,     665.06,     121883,     761.43,     759.65,     759.65,       1.78,      -0.00,       0.00,     665.06,      387.5,      387.5,     -0.000,      0.040,      1.343,        1.0,      471.0,        0.0,     30.823,      0.000,     124567,     127519,    705.263,     10.486,       0.00,       0.00,     120.83,       0.00,       -359
-180,     665.10,     122237,     763.10,     761.43,     761.43,       1.67,      -0.00,       0.00,     665.10,      387.8,      387.8,     -0.000,      0.040,      1.343,        1.0,      450.5,        0.0,     28.841,      0.000,     124866,     127765,    705.263,     10.486,       0.00,       0.00,     120.83,       0.00,       -359
-179,     665.06,     122584,     764.66,     763.10,     763.10,       1.56,      -0.00,       0.00,     665.06,      388.1,      388.1,     -0.000,      0.040,      1.343,        1.0,      429.8,        0.0,     26.880,      0.000,     125148,     127997,    705.263,     10.494,       0.00,       0.00,     120.83,       0.00,       -359
-178,     664.97,     122926,     766.11,     764.66,     764.66,       1.45,      -0.00,       0.00,     664.97,      388.4,      388.4,     -0.000,      0.040,      1.343,        1.0,      408.8,        0.0,     24.929,      0.000,     125417,     128213,    705.263,     10.510,       0.00,       0.00,     120.83,       0.00,       -359
-177,     664.81,     123263,     767.45,     766.11,     766.11,       1.34,      -0.00,       0.00,     664.81,      388.7,      388.7,     -0.000,      0.040,      1.343,        1.0,      387.7,        0.0,     23.011,      0.000,     125670,     128415,    705.263,     10.534,       0.00,       0.00,     120.83,       0.00,       -359
-176,     664.58,     123595,     768.68,     767.45,     767.45,       1.23,      -0.00,       0.00,     664.58,      389.0,      389.0,     -0.000,      0.040,      1.343,        1.0,      366.6,        0.0,     21.124,      0.000,     125906,     128603,    705.263,     10.565,       0.00,       0.00,     120.83,       0.00,       -359
-175,     664.29,     123924,     769.80,     768.68,     768.68,       1.13,      -0.00,       0.00,     664.29,      389.4,      389.4,     -0.000,      0.039,      1.343,        1.0,      345.5,        0.0,     19.282,      0.000,     126118,     128775,    705.263,     10.605,       0.00,       0.00,     120.83,       0.00,       -359
-174,     663.94,     124248,     770.83,     769.80,     769.80,       1.02,      -0.00,       0.00,     663.94,      389.7,      389.7,     -0.000,      0.039,      1.343,        1.0,      324.5,        0.0,     17.473,      0.000,     126314,     128933,    705.263,     10.654,       0.00,       0.00,     120.83,       0.00,       -359
-173,     663.52,     124569,     771.74,     770.83,     770.83,       0.92,      -0.00,       0.00,     663.52,      390.0,      390.0,     -0.000,      0.039,      1.343,        1.0,      303.4,        0.0,     15.695,      0.000,     126494,     129076,    705.263,     10.710,       0.00,       0.00,     120.83,       0.00,       -359
-172,     663.03,     124887,     772.56,     771.74,     771.74,       0.82,      -0.00,       0.00,     663.03,      390.3,      390.3,     -0.000,      0.039,      1.343,        1.0,      282.6,        0.0,     13.954,      0.000,     126655,     129203,    705.263,     10.774,       0.00,       0.00,     120.83,       0.00,       -359
-171,     662.48,     125202,     773.28,     772.56,     772.56,       0.72,      -0.00,       0.00,     662.48,      390.6,      390.6,     -0.000,      0.039,      1.343,        1.0,      262.6,        0.0,     12.258,      0.000,     126792,     129315,    705.263,     10.847,       0.00,       0.00,     120.83,       0.00,       -359
-170,     661.87,     125515,     773.90,     773.28,     773.28,       0.62,      -0.00,       0.00,     661.87,      390.9,      390.9,     -0.000,      0.038,      1.343,        1.0,      242.6,        0.0,     10.593,      0.000,     126912,     129412,    705.263,     10.928,       0.00,       0.00,     120.83,       0.00,       -359
-169,     661.19,     125827,     774.43,     773.90,     773.90,       0.53,      -0.00,       0.00,     661.19,      391.2,      391.2,     -0.000,      0.038,      1.343,        1.0,      222.6,        0.0,      8.956,      0.000,     127016,     129492,    705.263,     11.017,       0.00,       0.00,     120.83,       0.00,       -359
-168,     660.45,     126138,     774.86,     774.43,     774.43,       0.43,      -0.00,       0.00,     660.45,      391.5,      391.5,     -0.000,      0.038,      1.342,        1.0,      202.6,        0.0,      7.347,      0.000,     127104,     129557,    705.263,     11.115,       0.00,       0.00,     120.83,       0.00,       -359
-167,     659.64,     126447,     775.20,     774.86,     774.86,       0.34,      -0.00,       0.00,     659.64,      391.8,      391.8,     -0.000,      0.038,      1.342,        1.0,      183.9,        0.0,      5.773,      0.000,     127169,     129604,    705.263,     11.221,       0.00,       0.00,     120.83,       0.00,       -359
-166,     658.77,     126757,     775.44,     775.20,     775.20,       0.25,      -0.00,       0.00,     658.77,      392.2,      392.2,     -0.000,      0.037,      1.342,        1.0,      166.0,        0.0,      4.209,      0.000,     127222,     129635,    705.263,     11.336,       0.00,       0.00,     120.83,       0.00,       -359
-165,     657.83,     127065,     775.60,     775.44,     775.44,       0.15,      -0.00,       0.00,     657.83,      392.5,      392.5,     -0.000,      0.037,      1.342,        1.0,      149.2,        0.0,      2.618,      0.000,     127282,     129648,    705.263,     11.459,       0.00,       0.00,     120.83,       0.00,       -359
-164,     656.83,     127371,     775.65,     775.60,     775.60,       0.05,      -0.00,       0.00,     656.83,      392.8,      392.8,     -0.000,      0.037,      1.342,        1.0,      134.9,        0.0,      0.895,      0.000,     127396,     129643,    705.263,     11.591,       0.00,       0.00,     120.83,       0.00,       -359
-163,     655.77,     127669,     775.59,     775.65,     775.65,      -0.06,      -0.00,       0.00,     655.77,      393.2,      393.2,     -0.000,      0.037,      1.342,        1.0,      120.7,        0.0,     -1.317,      0.000,     127594,     129620,    705.263,     11.731,       0.00,       0.00,     120.83,       0.00,       -359
-162,     654.64,     127969,     775.45,     775.59,     775.59,      -0.13,      -0.00,       0.00,     654.64,      393.5,      393.5,     -0.000,      0.036,      1.342,        1.0,      107.3,        0.0,     -2.713,      0.000,     127496,     129578,    705.263,     11.880,       0.00,       0.00,     120.83,       0.00,       -359
-161,     653.44,     128277,     775.28,     775.45,     775.45,      -0.17,      -0.00,       0.00,     653.44,      393.8,      393.8,     -0.000,      0.036,      1.342,        1.0,       94.4,        0.0,     -3.566,      0.000,     127152,     129517,    705.263,     12.037,       0.00,       0.00,     120.83,       0.00,       -359
-160,     652.18,     128598,     775.09,     775.28,     775.28,      -0.19,      -0.00,       0.00,     652.18,      394.1,      394.1,     -0.000,      0.036,      1.342,        1.0,       82.3,        0.0,     -4.038,      0.000,     126615,     129437,    705.263,     12.203,       0.00,       0.00,     120.83,       0.00,       -358
-159,     650.86,     128936,     774.89,     775.09,     775.09,      -0.20,      -0.00,       0.00,     650.86,      394.5,      394.5,     -0.000,      0.036,      1.342,        1.0,       71.4,        0.0,     -4.249,      0.000,     125931,     129337,    705.263,     12.378,       0.00,       0.00,     120.83,       0.00,       -358
-158,     649.47,     129293,     774.69,     774.89,     774.89,      -0.20,      -0.00,       0.00,     649.47,      394.8,      394.8,     -0.000,      0.035,      1.342,        1.0,       60.9,        0.0,     -4.215,      0.000,     125104,     129216,    705.263,     12.562,       0.00,       0.00,     120.83,       0.00,       -358
-157,     648.01,     129670,     774.49,     774.69,     774.69,      -0.20,      -0.00,       0.00,     648.01,      395.2,      395.2,     -0.000,      0.035,      1.342,        1.0,       53.3,        0.0,     -4.167,      0.000,     124242,     129076,    705.263,     12.755,       0.00,       0.00,     120.83,       0.00,       -358
-156,     646.49,     130068,     774.31,     774.49,     774.49,      -0.18,      -0.00,       0.00,     646.49,      395.6,      395.6,     -0.000,      0.035,      1.342,        1.0,       45.7,        0.0,     -3.969,      0.000,     123282,     128914,    705.263,     12.957,       0.00,       0.00,     120.83,       0.00,       -358
-155,     644.91,     130489,     774.13,     774.31,     774.31,      -0.18,      -0.00,       0.00,     644.91,      396.0,      396.0,     -0.000,      0.034,      1.342,        1.0,       40.2,        0.0,     -3.815,      0.000,     122310,     128733,    705.263,     13.168,       0.00,       0.00,     120.83,       0.00,       -358
-154,     643.26,     130932,     773.97,     774.13,     774.13,      -0.17,      -0.00,       0.00,     643.26,      396.4,      396.4,     -0.000,      0.034,      1.342,        1.0,       35.4,        0.0,     -3.631,      0.000,     121299,     128530,    705.263,     13.389,       0.00,       0.00,     120.83,       0.00,       -358
-153,     641.54,     131397,     773.81,     773.97,     773.97,      -0.16,      -0.00,       0.00,     641.54,      396.8,      396.8,     -0.000,      0.034,      1.342,        1.0,       31.2,        0.0,     -3.440,      0.000,     120265,     128307,    705.263,     13.618,       0.00,       0.00,     120.83,       0.00,       -358
-152,     639.76,     131885,     773.67,     773.81,     773.81,      -0.15,      -0.00,       0.00,     639.76,      397.2,      397.2,     -0.000,      0.033,      1.342,        1.0,       27.9,        0.0,     -3.288,      0.000,     119227,     128063,    705.263,     13.857,       0.00,       0.00,     120.83,       0.00,       -358
-151,     637.92,     132397,     773.53,     773.67,     773.67,      -0.14,      -0.00,       0.00,     637.92,      397.7,      397.7,     -0.000,      0.033,      1.342,        1.0,       24.8,        0.0,     -3.100,      0.000,     118155,     127799,    705.263,     14.106,       0.00,       0.00,     120.83,       0.00,       -358
-150,     636.01,     132931,     773.40,     773.53,     773.53,      -0.13,      -0.00,       0.00,     636.01,      398.2,      398.2,     -0.000,      0.033,      1.341,        1.0,       22.7,        0.0,     -2.991,      0.000,     117095,     127515,    705.263,     14.364,       0.00,       0.00,     120.83,       0.00,       -358
-149,     634.03,     133489,     773.27,     773.40,     773.40,      -0.12,      -0.00,       0.00,     634.03,      398.7,      398.7,     -0.000,      0.032,      1.341,        1.0,       20.5,        0.0,     -2.850,      0.000,     116004,     127211,    705.263,     14.632,       0.00,       0.00,     120.83,       0.00,       -358
-148,     631.99,     134071,     773.16,     773.27,     773.27,      -0.12,      -0.00,       0.00,     631.99,      399.2,      399.2,     -0.000,      0.032,      1.341,        1.0,       18.8,        0.0,     -2.740,      0.000,     114912,     126889,    705.263,     14.910,       0.00,       0.00,     120.83,       0.00,       -358
-147,     629.89,     134677,     773.05,     773.16,     773.16,      -0.11,      -0.00,       0.00,     629.89,      399.7,      399.7,     -0.000,      0.031,      1.341,        1.0,       17.2,        0.0,     -2.623,      0.000,     113804,     126548,    705.263,     15.198,       0.00,       0.00,     120.83,       0.00,       -358
-146,     627.72,     135308,     772.94,     773.05,     773.05,      -0.10,      -0.00,       0.00,     627.72,      400.2,      400.2,     -0.000,      0.031,      1.341,        1.0,       15.5,        0.0,     -2.487,      0.000,     112678,     126189,    705.263,     15.495,       0.00,       0.00,     120.83,       0.00,       -358
-145,     625.48,     135965,     772.84,     772.94,     772.94,      -0.10,      -0.00,       0.00,     625.48,      400.8,      400.8,     -0.000,      0.030,      1.341,        1.0,       13.9,        0.0,     -2.337,      0.000,     111535,     125814,    705.263,     15.804,       0.00,       0.00,     120.83,       0.00,       -358
-144,     623.18,     136648,     772.76,     772.84,     772.84,      -0.09,      -0.00,       0.00,     623.18,      401.4,      401.4,     -0.000,      0.030,      1.341,        1.0,       12.3,        0.0,     -2.164,      0.000,     110375,     125423,    705.263,     16.122,       0.00,       0.00,     120.83,       0.00,       -358
-143,     620.82,     137357,     772.68,     772.76,     772.76,      -0.08,      -0.00,       0.00,     620.82,      402.0,      402.0,     -0.000,      0.030,      1.341,        1.0,       10.7,        0.0,     -1.965,      0.000,     109203,     125016,    705.263,     16.451,       0.00,       0.00,     120.83,       0.00,       -358
-142,     618.39,     138095,     772.61,     772.68,     772.68,      -0.07,      -0.00,       0.00,     618.39,      402.6,      402.6,     -0.000,      0.029,      1.341,        1.0,        9.0,        0.0,     -1.742,      0.000,     108019,     124596,    705.263,     16.791,       0.00,       0.00,     120.83,       0.00,       -358
-141,     615.90,     138860,     772.54,     772.61,     772.61,      -0.06,      -0.00,       0.00,     615.90,      403.2,      403.2,     -0.000,      0.029,      1.341,        1.0,        8.0,        0.0,     -1.599,      0.000,     106867,     124164,    705.263,     17.142,       0.00,       0.00,     120.83,       0.00,       -358
-140,     613.34,     139653,     772.49,     772.54,     772.54,      -0.06,      -0.00,       0.00,     613.34,      403.8,      403.8,     -0.000,      0.028,      1.341,        1.0,        7.0,        0.0,     -1.462,      0.000,     105716,     123720,    705.263,     17.504,       0.00,       0.00,     120.83,       0.00,       -358
-139,     610.72,     140476,     772.44,     772.49,     772.49,      -0.05,      -0.00,       0.00,     610.72,      404.5,      404.5,     -0.000,      0.027,      1.341,        1.0,        6.0,        0.0,     -1.303,      0.000,     104559,     123265,    705.263,     17.877,       0.00,       0.00,     120.83,       0.00,       -358
-138,     608.03,     141328,     772.39,     772.44,     772.44,      -0.04,      -0.00,       0.00,     608.03,      405.2,      405.2,     -0.000,      0.027,      1.340,        1.0,        4.9,        0.0,     -1.111,      0.000,     103394,     122802,    705.263,     18.261,       0.00,       0.00,     120.83,       0.00,       -358
-137,     605.28,     142211,     772.36,     772.39,     772.39,      -0.03,      -0.00,       0.00,     605.28,      405.9,      405.9,     -0.000,      0.026,      1.340,        1.0,        3.8,        0.0,     -0.900,      0.000,     102226,     122331,    705.263,     18.657,       0.00,       0.00,     120.83,       0.00,       -358
-136,     602.47,     143125,     772.34,     772.36,     772.36,      -0.02,      -0.00,       0.00,     602.47,      406.6,      406.6,     -0.000,      0.026,      1.340,        1.0,        2.7,        0.0,     -0.669,      0.000,     101056,     121853,    705.263,     19.064,       0.00,       0.00,     120.83,       0.00,       -358
-135,     599.59,     144072,     772.32,     772.34,     772.34,      -0.02,      -0.00,       0.00,     599.59,      407.4,      407.4,     -0.000,      0.025,      1.340,        1.0,        1.6,        0.0,     -0.419,      0.000,      99886,     121371,    705.263,     19.483,       0.00,       0.00,     120.83,       0.00,       -358
-134,     596.64,     145051,     772.31,     772.32,     772.32,      -0.01,      -0.00,       0.00,     596.64,      408.1,      408.1,     -0.000,      0.025,      1.340,        1.0,        1.3,        0.0,     -0.331,      0.000,      98782,     120885,    705.263,     19.915,       0.00,       0.00,     120.83,       0.00,       -358
-133,     593.64,     146061,     772.30,     772.31,     772.31,      -0.01,      -0.00,       0.00,     593.64,      408.9,      408.9,     -0.000,      0.024,      1.340,        1.0,        1.3,        0.0,     -0.343,      0.000,      97722,     120396,    705.263,     20.359,       0.00,       0.00,     120.83,       0.00,       -358
-132,     590.57,     147105,     772.29,     772.30,     772.30,      -0.01,      -0.00,       0.00,     590.57,      409.7,      409.7,     -0.000,      0.023,      1.340,        1.0,        1.1,        0.0,     -0.307,      0.000,      96655,     119907,    705.263,     20.815,       0.00,       0.00,     120.83,       0.00,       -358
-131,     587.44,     148183,     772.28,     772.29,     772.29,      -0.01,      -0.00,       0.00,     587.44,      410.5,      410.5,     -0.000,      0.023,      1.340,        1.0,        0.5,        0.0,     -0.159,      0.000,      95563,     119419,    705.263,     21.284,       0.00,       0.00,     120.83,       0.00,       -358
-130,     584.24,     149301,     772.28,       0.00,     772.28,       0.00,       0.00,       0.00,     584.24,      411.3,      411.3,     -0.000,      0.010,      1.339,        0.0,        0.0,        0.0,      0.000,      0.000,      94481,     118932,     -0.482,      0.000,       0.00,       0.00,     120.83,       0.00,          0
-129,     580.98,     150456,     772.28,       0.00,     772.28,       0.00,       0.00,       0.00,     580.98,      412.1,      412.1,     -0.000,      0.010,      1.339,        0.0,        0.0,        0.0,      0.000,      0.000,      93465,     118448,     -0.977,      0.000,       0.00,       0.00,     120.83,       0.00,          0
-128,     577.66,     151647,     772.28,       0.00,     772.28,       0.00,       0.00,       0.00,     577.66,      412.9,      412.9,     -0.000,      0.009,      1.339,        0.0,        0.0,        0.0,      0.000,      0.000,      92463,     117968,     -1.485,      0.000,       0.00,       0.00,     120.83,       0.00,          0
-127,     574.28,     152878,     772.28,       0.00,     772.28,       0.00,       0.00,       0.00,     574.28,      413.8,      413.8,     -0.000,      0.009,      1.339,        0.0,        0.0,        0.0,      0.000,      0.000,      91477,     117494,     -2.007,      0.000,       0.00,       0.00,     120.83,       0.00,          0
-126,     570.84,     154147,     772.28,       0.00,     772.28,       0.00,       0.00,       0.00,     570.84,      414.7,      414.7,     -0.000,      0.009,      1.339,        0.0,        0.0,        0.0,      0.000,      0.000,      90509,     117025,     -2.542,      0.000,       0.00,       0.00,     120.83,       0.00,          0
-125,     567.33,     155457,     772.28,       0.00,     772.28,       0.00,       0.00,       0.00,     567.33,      415.6,      415.6,     -0.000,      0.008,      1.339,        0.0,        0.0,        0.0,      0.000,      0.000,      89559,     116565,     -3.092,      0.000,       0.00,       0.00,     120.83,       0.00,          0
-124,     563.76,     156809,     772.28,       0.00,     772.28,       0.00,       0.00,       0.00,     563.76,      416.5,      416.5,     -0.000,      0.008,      1.339,        0.0,        0.0,        0.0,      0.000,      0.000,      88628,     116112,     -3.656,      0.000,       0.00,       0.00,     120.83,       0.00,          0
-123,     560.14,     158204,     772.28,       0.00,     772.28,       0.00,       0.00,       0.00,     560.14,      417.4,      417.4,     -0.000,      0.008,      1.339,        0.0,        0.0,        0.0,      0.000,      0.000,      87718,     115668,     -4.234,      0.000,       0.00,       0.00,     120.83,       0.00,          0
-122,     556.45,     159644,     772.28,       0.00,     772.28,       0.00,       0.00,       0.00,     556.45,      418.4,      418.4,     -0.000,      0.007,      1.338,        0.0,        0.0,        0.0,      0.000,      0.000,      86829,     115234,     -4.828,      0.000,       0.00,       0.00,     120.83,       0.00,          0
-121,     552.70,     161129,     772.28,       0.00,     772.28,       0.00,       0.00,       0.00,     552.70,      419.4,      419.4,     -0.000,      0.007,      1.338,        0.0,        0.0,        0.0,      0.000,      0.000,      85964,     114810,     -5.436,      0.000,       0.00,       0.00,     120.83,       0.00,          0
-120,     548.90,     162662,     772.28,       0.00,     772.28,       0.00,       0.00,       0.00,     548.90,      420.4,      420.4,     -0.000,      0.007,      1.338,        0.0,        0.0,        0.0,      0.000,      0.000,      85124,     114397,     -6.060,      0.000,       0.00,       0.00,     120.83,       0.00,          0
-119,     545.03,     164243,     772.28,       0.00,     772.28,       0.00,       0.00,       0.00,     545.03,      421.4,      421.4,     -0.000,      0.006,      1.338,        0.0,        0.0,        0.0,      0.000,      0.000,      84313,     113996,     -6.700,      0.000,       0.00,       0.00,     120.83,       0.00,          0
-118,     541.11,     165875,     772.28,       0.00,     772.28,       0.00,       0.00,       0.00,     541.11,      422.5,      422.5,     -0.000,      0.006,      1.338,        0.0,        0.0,        0.0,      0.000,      0.000,      83534,     113606,     -7.355,      0.000,       0.00,       0.00,     120.83,       0.00,          0
-117,     537.13,     167559,     772.28,       0.00,     772.28,       0.00,       0.00,       0.00,     537.13,      423.6,      423.6,     -0.000,      0.005,      1.338,        0.0,        0.0,        0.0,      0.000,      0.000,      82791,     113229,     -8.027,      0.000,       0.00,       0.00,     120.83,       0.00,          0
-116,     533.09,     169296,     772.28,       0.00,     772.28,       0.00,       0.00,       0.00,     533.09,      424.7,      424.7,     -0.000,      0.005,      1.337,        0.0,        0.0,        0.0,      0.000,      0.000,      82089,     112864,     -8.715,      0.000,       0.00,       0.00,     120.83,       0.00,          0
-115,     529.00,     171089,     772.28,       0.00,     772.28,       0.00,       0.00,       0.00,     529.00,      425.8,      425.8,     -0.000,      0.004,      1.337,        0.0,        0.0,        0.0,      0.000,      0.000,      81434,     112512,     -9.420,      0.000,       0.00,       0.00,     120.83,       0.00,          0
-114,     524.85,     172939,     772.28,       0.00,     772.28,       0.00,       0.00,       0.00,     524.85,      426.9,      426.9,     -0.000,      0.004,      1.337,        0.0,        0.0,        0.0,      0.000,      0.000,      80832,     112173,    -10.142,      0.000,       0.00,       0.00,     120.83,       0.00,          0
-113,     520.65,     174848,     772.28,       0.00,     772.28,       0.00,       0.00,       0.00,     520.65,      428.1,      428.1,     -0.000,      0.004,      1.337,        0.0,        0.0,        0.0,      0.000,      0.000,      80292,     111848,    -10.882,      0.000,       0.00,       0.00,     120.83,       0.00,          0
-112,     516.39,     176818,     772.28,       0.00,     772.28,       0.00,       0.00,       0.00,     516.39,      429.3,      429.3,     -0.000,      0.003,      1.337,        0.0,        0.0,        0.0,      0.000,      0.000,      79819,     111537,    -11.640,      0.000,       0.00,       0.00,     120.83,       0.00,          0
-111,     512.08,     178852,     772.28,       0.00,     772.28,       0.00,       0.00,       0.00,     512.08,      430.6,      430.6,     -0.000,      0.003,      1.337,        0.0,        0.0,        0.0,      0.000,      0.000,      79420,     111239,    -12.416,      0.000,       0.00,       0.00,     120.83,       0.00,          0
-110,     507.71,     180952,     772.28,       0.00,     772.28,       0.00,       0.00,       0.00,     507.71,      431.8,      431.8,     -0.000,      0.002,      1.336,        0.0,        0.0,        0.0,      0.000,      0.000,      79103,     110956,    -13.211,      0.000,       0.00,       0.00,     120.83,       0.00,          0
-109,     503.30,     183119,     772.28,       0.00,     772.28,       0.00,       0.00,       0.00,     503.30,      433.1,      433.1,     -0.000,      0.002,      1.336,        0.0,        0.0,        0.0,      0.000,      0.000,      78871,     110687,    -14.024,      0.000,       0.00,       0.00,     120.83,       0.00,          0
-108,     498.83,     185356,     772.28,       0.00,     772.28,       0.00,       0.00,       0.00,     498.83,      434.5,      434.5,     -0.000,      0.001,      1.336,        0.0,        0.0,        0.0,      0.000,      0.000,      78730,     110432,    -14.857,      0.000,       0.00,       0.00,     120.83,       0.00,          0
-107,     494.31,     187666,     772.28,       0.00,     772.28,       0.00,       0.00,       0.00,     494.31,      435.8,      435.8,     -0.000,      0.001,      1.336,        0.0,        0.0,        0.0,      0.000,      0.000,      78684,     110192,    -15.709,      0.000,       0.00,       0.00,     120.83,       0.00,          0
-106,     489.74,     190052,     772.28,       0.00,     772.28,       0.00,       0.00,       0.00,     489.74,      437.2,      437.2,     -0.000,      0.000,      1.336,        0.0,        0.0,        0.0,      0.000,      0.000,      78734,     109967,    -16.582,      0.000,       0.00,       0.00,     120.83,       0.00,          0
-105,     485.13,     192515,     772.28,       0.00,     772.28,       0.00,       0.00,       0.00,     485.13,      438.6,      438.6,     -0.000,     -0.000,      1.335,        0.0,        0.0,        0.0,      0.000,      0.000,      78881,     109758,    -17.475,      0.000,       0.00,       0.00,     120.83,       0.00,          0
-104,     480.46,     195060,     772.28,       0.00,     772.28,       0.00,       0.00,       0.00,     480.46,      440.0,      440.0,     -0.000,     -0.001,      1.335,        0.0,        0.0,        0.0,      0.000,      0.000,      79124,     109563,    -18.389,      0.000,       0.00,       0.00,     120.83,       0.00,          0
-103,     475.76,     197688,     772.28,       0.00,     772.28,       0.00,       0.00,       0.00,     475.76,      441.5,      441.5,     -0.000,     -0.002,      1.335,        0.0,        0.0,        0.0,      0.000,      0.000,      79462,     109385,    -19.325,      0.000,       0.00,       0.00,     120.83,       0.00,          0
-102,     471.00,     200403,     772.28,       0.00,     772.28,       0.00,       0.00,       0.00,     471.00,      443.0,      443.0,     -0.000,     -0.002,      1.335,        0.0,        0.0,        0.0,      0.000,      0.000,      79888,     109221,    -20.282,      0.000,       0.00,       0.00,     120.83,       0.00,          0
-101,     466.20,     203209,     772.28,       0.00,     772.28,       0.00,       0.00,       0.00,     466.20,      444.6,      444.6,     -0.000,     -0.003,      1.334,        0.0,        0.0,        0.0,      0.000,      0.000,      80400,     109074,    -21.261,      0.000,       0.00,       0.00,     120.83,       0.00,          0
-100,     461.36,     206108,     772.28,       0.00,     772.28,       0.00,       0.00,       0.00,     461.36,      446.1,      446.1,     -0.000,     -0.003,      1.334,        0.0,        0.0,        0.0,      0.000,      0.000,      80992,     108944,    -22.263,      0.000,       0.00,       0.00,     120.83,       0.00,          0
-99,     456.48,     209104,     772.28,       0.00,     772.28,       0.00,       0.00,       0.00,     456.48,      447.7,      447.7,     -0.000,     -0.004,      1.334,        0.0,        0.0,        0.0,      0.000,      0.000,      81658,     108829,    -23.289,      0.000,       0.00,       0.00,     120.83,       0.00,          0
-98,     451.56,     212202,     772.28,       0.00,     772.28,       0.00,       0.00,       0.00,     451.56,      449.4,      449.4,     -0.000,     -0.005,      1.334,        0.0,        0.0,        0.0,      0.000,      0.000,      82392,     108731,    -24.337,      0.000,       0.00,       0.00,     120.83,       0.00,          0
-97,     446.59,     215404,     772.28,       0.00,     772.28,       0.00,       0.00,       0.00,     446.59,      451.0,      451.0,     -0.000,     -0.005,      1.333,        0.0,        0.0,        0.0,      0.000,      0.000,      83187,     108651,    -25.410,      0.000,       0.00,       0.00,     120.83,       0.00,          0
-96,     441.59,     218715,     772.28,       0.00,     772.28,       0.00,       0.00,       0.00,     441.59,      452.7,      452.7,     -0.000,     -0.006,      1.333,        0.0,        0.0,        0.0,      0.000,      0.000,      84033,     108587,    -26.508,      0.000,       0.00,       0.00,     120.83,       0.00,          0
-95,     436.56,     222139,     772.28,       0.00,     772.28,       0.00,       0.00,       0.00,     436.56,      454.5,      454.5,     -0.000,     -0.007,      1.333,        0.0,        0.0,        0.0,      0.000,      0.000,      84928,     108540,    -27.631,      0.000,       0.00,       0.00,     120.83,       0.00,          0
-94,     431.49,     225680,     772.28,       0.00,     772.28,       0.00,       0.00,       0.00,     431.49,      456.3,      456.3,     -0.000,     -0.008,      1.333,        0.0,        0.0,        0.0,      0.000,      0.000,      85866,     108512,    -28.779,      0.000,       0.00,       0.00,     120.83,       0.00,          0
-93,     426.38,     229344,     772.28,       0.00,     772.28,       0.00,       0.00,       0.00,     426.38,      458.1,      458.1,     -0.000,     -0.008,      1.332,        0.0,        0.0,        0.0,      0.000,      0.000,      86842,     108501,    -29.954,      0.000,       0.00,       0.00,     120.83,       0.00,          0
-92,     421.24,     233135,     772.28,       0.00,     772.28,       0.00,       0.00,       0.00,     421.24,      460.0,      460.0,     -0.000,     -0.009,      1.332,        0.0,        0.0,        0.0,      0.000,      0.000,      87851,     108508,    -31.155,      0.000,       0.00,       0.00,     120.83,       0.00,          0
-91,     416.07,     237059,     772.28,       0.00,     772.28,       0.00,       0.00,       0.00,     416.07,      461.9,      461.9,     -0.000,     -0.010,      1.332,        0.0,        0.0,        0.0,      0.000,      0.000,      88887,     108533,    -32.384,      0.000,       0.00,       0.00,     120.83,       0.00,          0
-90,     410.88,     241120,     772.28,       0.00,     772.28,       0.00,       0.00,       0.00,     410.88,      463.8,      463.8,     -0.000,     -0.011,      1.332,        0.0,        0.0,        0.0,      0.000,      0.000,      89949,     108577,    -33.641,      0.000,       0.00,       0.00,     120.83,       0.00,          0
-89,     405.65,     245325,     772.28,       0.00,     772.28,       0.00,       0.00,       0.00,     405.65,      465.8,      465.8,     -0.000,     -0.012,      1.331,        0.0,        0.0,        0.0,      0.000,      0.000,      91029,     108639,    -34.926,      0.000,       0.00,       0.00,     120.83,       0.00,          0
-88,     400.40,     249679,     772.28,       0.00,     772.28,       0.00,       0.00,       0.00,     400.40,      467.8,      467.8,     -0.000,     -0.012,      1.331,        0.0,        0.0,        0.0,      0.000,      0.000,      92123,     108721,    -36.240,      0.000,       0.00,       0.00,     120.83,       0.00,          0
-87,     395.12,     254188,     772.28,       0.00,     772.28,       0.00,       0.00,       0.00,     395.12,      469.9,      469.9,     -0.000,     -0.013,      1.331,        0.0,        0.0,        0.0,      0.000,      0.000,      93225,     108821,    -37.584,      0.000,       0.00,       0.00,     120.83,       0.00,          0
-86,     389.83,     258859,     772.28,       0.00,     772.28,       0.00,       0.00,       0.00,     389.83,      472.0,      472.0,     -0.000,     -0.014,      1.330,        0.0,        0.0,        0.0,      0.000,      0.000,      94333,     108940,    -38.959,      0.000,       0.00,       0.00,     120.83,       0.00,          0
-85,     384.51,     263699,     772.28,       0.00,     772.28,       0.00,       0.00,       0.00,     384.51,      474.1,      474.1,     -0.000,     -0.015,      1.330,        0.0,        0.0,        0.0,      0.000,      0.000,      95441,     109077,    -40.364,      0.000,       0.00,       0.00,     120.83,       0.00,         -0
-84,     379.17,     268715,     772.28,       0.00,     772.28,       0.00,       0.00,       0.00,     379.17,      476.3,      476.3,     -0.000,     -0.016,      1.330,        0.0,        0.0,        0.0,      0.000,      0.000,      96543,     109234,    -41.801,      0.000,       0.00,       0.00,     120.83,       0.00,         -0
-83,     373.81,     273915,     772.28,       0.00,     772.28,       0.00,       0.00,       0.00,     373.81,      478.5,      478.5,     -0.000,     -0.017,      1.329,        0.0,        0.0,        0.0,      0.000,      0.000,      97638,     109409,    -43.271,      0.000,       0.00,       0.00,     120.83,       0.00,         -0
-82,     368.44,     279306,     772.28,       0.00,     772.28,       0.00,       0.00,       0.00,     368.44,      480.8,      480.8,     -0.000,     -0.018,      1.329,        0.0,        0.0,        0.0,      0.000,      0.000,      98721,     109603,    -44.773,      0.000,       0.00,       0.00,     120.83,       0.00,         -0
-81,     363.05,     284896,     772.28,       0.00,     772.28,       0.00,       0.00,       0.00,     363.05,      483.2,      483.2,     -0.000,     -0.019,      1.329,        0.0,        0.0,        0.0,      0.000,      0.000,      99790,     109815,    -46.309,      0.000,       0.00,       0.00,     120.83,       0.00,         -0
-80,     357.65,     290695,     772.28,       0.00,     772.28,       0.00,       0.00,       0.00,     357.65,      485.5,      485.5,     -0.000,     -0.020,      1.328,        0.0,        0.0,        0.0,      0.000,      0.000,     100844,     110045,    -47.880,      0.000,       0.00,       0.00,     120.83,       0.00,         -0
-79,     352.25,     296712,     772.28,       0.00,     772.28,       0.00,       0.00,       0.00,     352.25,      488.0,      488.0,     -0.000,     -0.021,      1.328,        0.0,        0.0,        0.0,      0.000,      0.000,     101879,     110292,    -49.486,      0.000,       0.00,       0.00,     120.83,       0.00,         -0
-78,     346.83,     302955,     772.28,       0.00,     772.28,       0.00,       0.00,       0.00,     346.83,      490.4,      490.4,     -0.000,     -0.022,      1.327,        0.0,        0.0,        0.0,      0.000,      0.000,     102891,     110556,    -51.128,      0.000,       0.00,       0.00,     120.83,       0.00,         -0
-77,     341.41,     309436,     772.28,       0.00,     772.28,       0.00,       0.00,       0.00,     341.41,      493.0,      493.0,     -0.000,     -0.024,      1.327,        0.0,        0.0,        0.0,      0.000,      0.000,     103882,     110837,    -52.806,      0.000,       0.00,       0.00,     120.83,       0.00,         -0
-76,     335.98,     316164,     772.28,       0.00,     772.28,       0.00,       0.00,       0.00,     335.98,      495.6,      495.6,     -0.000,     -0.025,      1.327,        0.0,        0.0,        0.0,      0.000,      0.000,     104851,     111134,    -54.522,      0.000,       0.00,       0.00,     120.83,       0.00,         -0
-75,     330.55,     323152,     772.28,       0.00,     772.28,       0.00,       0.00,       0.00,     330.55,      498.2,      498.2,     -0.000,     -0.026,      1.326,        0.0,        0.0,        0.0,      0.000,      0.000,     105798,     111447,    -56.277,      0.000,       0.00,       0.00,     120.83,       0.00,         -0
-74,     325.12,     330410,     772.28,       0.00,     772.28,       0.00,       0.00,       0.00,     325.12,      500.9,      500.9,     -0.000,     -0.027,      1.326,        0.0,        0.0,        0.0,      0.000,      0.000,     106722,     111774,    -58.071,      0.000,       0.00,       0.00,     120.83,       0.00,         -0
-73,     319.70,     337950,     772.28,       0.00,     772.28,       0.00,       0.00,       0.00,     319.70,      503.6,      503.6,     -0.000,     -0.029,      1.325,        0.0,        0.0,        0.0,      0.000,      0.000,     107620,     112114,    -59.904,      0.000,       0.00,       0.00,     120.83,       0.00,         -0
-72,     314.27,     345787,     772.28,       0.00,     772.28,       0.00,       0.00,       0.00,     314.27,      506.4,      506.4,     -0.000,     -0.030,      1.325,        0.0,        0.0,        0.0,      0.000,      0.000,     108492,     112468,    -61.778,      0.000,       0.00,       0.00,     120.83,       0.00,         -0
-71,     308.86,     353932,     772.28,       0.00,     772.28,       0.00,       0.00,       0.00,     308.86,      509.3,      509.3,     -0.000,     -0.032,      1.325,        0.0,        0.0,        0.0,      0.000,      0.000,     109337,     112833,    -63.694,      0.000,       0.00,       0.00,     120.83,       0.00,         -0
-70,     303.45,     362402,     772.28,       0.00,     772.28,       0.00,       0.00,       0.00,     303.45,      512.2,      512.2,     -0.000,     -0.033,      1.324,        0.0,        0.0,        0.0,      0.000,      0.000,     110153,     113210,    -65.653,      0.000,       0.00,       0.00,     120.83,       0.00,         -0
-69,     298.05,     371209,     772.28,       0.00,     772.28,       0.00,       0.00,       0.00,     298.05,      515.1,      515.1,     -0.000,     -0.035,      1.324,        0.0,        0.0,        0.0,      0.000,      0.000,     110940,     113596,    -67.655,      0.000,       0.00,       0.00,     120.83,       0.00,         -0
-68,     292.66,     380371,     772.28,       0.00,     772.28,       0.00,       0.00,       0.00,     292.66,      518.2,      518.2,     -0.000,     -0.036,      1.323,        0.0,        0.0,        0.0,      0.000,      0.000,     111698,     113990,    -69.701,      0.000,       0.00,       0.00,     120.83,       0.00,         -0
-67,     287.29,     389904,     772.28,       0.00,     772.28,       0.00,       0.00,       0.00,     287.29,      521.2,      521.2,     -0.000,     -0.038,      1.323,        0.0,        0.0,        0.0,      0.000,      0.000,     112423,     114392,    -71.792,      0.000,       0.00,       0.00,     120.83,       0.00,         -0
-66,     281.94,     399825,     772.28,       0.00,     772.28,       0.00,       0.00,       0.00,     281.94,      524.4,      524.4,     -0.000,     -0.039,      1.322,        0.0,        0.0,        0.0,      0.000,      0.000,     113114,     114800,    -73.929,      0.000,       0.00,       0.00,     120.83,       0.00,         -1
-65,     276.60,     410152,     772.28,       0.00,     772.28,       0.00,       0.00,       0.00,     276.60,      527.6,      527.6,     -0.000,     -0.041,      1.322,        0.0,        0.0,        0.0,      0.000,      0.000,     113770,     115212,    -76.113,      0.000,       0.00,       0.00,     120.83,       0.00,         -1
-64,     271.29,     420905,     772.28,       0.00,     772.28,       0.00,       0.00,       0.00,     271.29,      530.9,      530.9,     -0.000,     -0.043,      1.321,        0.0,        0.0,        0.0,      0.000,      0.000,     114387,     115629,    -78.346,      0.000,       0.00,       0.00,     120.83,       0.00,         -1
-63,     266.00,     432103,     772.28,       0.00,     772.28,       0.00,       0.00,       0.00,     266.00,      534.2,      534.2,     -0.000,     -0.045,      1.321,        0.0,        0.0,        0.0,      0.000,      0.000,     114964,     116047,    -80.627,      0.000,       0.00,       0.00,     120.83,       0.00,         -1
-62,     260.73,     443767,     772.28,       0.00,     772.28,       0.00,       0.00,       0.00,     260.73,      537.6,      537.6,     -0.000,     -0.047,      1.320,        0.0,        0.0,        0.0,      0.000,      0.000,     115498,     116467,    -82.957,      0.000,       0.00,       0.00,     120.83,       0.00,         -1
-61,     255.49,     455921,     772.28,       0.00,     772.28,       0.00,       0.00,       0.00,     255.49,      541.1,      541.1,     -0.000,     -0.049,      1.320,        0.0,        0.0,        0.0,      0.000,      0.000,     115988,     116887,    -85.339,      0.000,       0.00,       0.00,     120.83,       0.00,         -1
-60,     250.28,     468586,     772.28,       0.00,     772.28,       0.00,       0.00,       0.00,     250.28,      544.6,      544.6,     -0.000,     -0.051,      1.319,        0.0,        0.0,        0.0,      0.000,      0.000,     116429,     117307,    -87.771,      0.000,       0.00,       0.00,     120.83,       0.00,         -1
-59,     245.11,     481787,     772.28,       0.00,     772.28,       0.00,       0.00,       0.00,     245.11,      548.2,      548.2,     -0.000,     -0.053,      1.319,        0.0,        0.0,        0.0,      0.000,      0.000,     116818,     117724,    -90.257,      0.000,       0.00,       0.00,     120.83,       0.00,         -1
-58,     239.97,     495550,     772.28,       0.00,     772.28,       0.00,       0.00,       0.00,     239.97,      551.9,      551.9,     -0.000,     -0.055,      1.318,        0.0,        0.0,        0.0,      0.000,      0.000,     117152,     118138,    -92.796,      0.000,       0.00,       0.00,     120.83,       0.00,         -1
-57,     234.86,     509900,     772.28,       0.00,     772.28,       0.00,       0.00,       0.00,     234.86,      555.6,      555.6,     -0.000,     -0.058,      1.318,        0.0,        0.0,        0.0,      0.000,      0.000,     117428,     118549,    -95.388,      0.000,       0.00,       0.00,     120.83,       0.00,         -1
-56,     229.80,     524866,     772.28,       0.00,     772.28,       0.00,       0.00,       0.00,     229.80,      559.4,      559.4,     -0.000,     -0.060,      1.317,        0.0,        0.0,        0.0,      0.000,      0.000,     117646,     118955,    -98.036,      0.000,       0.00,       0.00,     120.83,       0.00,         -1
-55,     224.77,     540477,     772.28,       0.00,     772.28,       0.00,       0.00,       0.00,     224.77,      563.3,      563.3,     -0.000,     -0.063,      1.317,        0.0,        0.0,        0.0,      0.000,      0.000,     117803,     119355,   -100.740,      0.000,       0.00,       0.00,     120.83,       0.00,         -1
-54,     219.79,     556762,     772.28,       0.00,     772.28,       0.00,       0.00,       0.00,     219.79,      567.2,      567.2,     -0.000,     -0.065,      1.316,        0.0,        0.0,        0.0,      0.000,      0.000,     117898,     119749,   -103.501,      0.000,       0.00,       0.00,     120.83,       0.00,         -1
-53,     214.86,     573754,     772.28,       0.00,     772.28,       0.00,       0.00,       0.00,     214.86,      571.2,      571.2,     -0.000,     -0.068,      1.315,        0.0,        0.0,        0.0,      0.000,      0.000,     117929,     120136,   -106.319,      0.000,       0.00,       0.00,     120.83,       0.00,         -1
-52,     209.97,     591484,     772.28,       0.00,     772.28,       0.00,       0.00,       0.00,     209.97,      575.3,      575.3,     -0.000,     -0.071,      1.315,        0.0,        0.0,        0.0,      0.000,      0.000,     117894,     120516,   -109.195,      0.000,       0.00,       0.00,     120.83,       0.00,         -1
-51,     205.13,     609988,     772.28,       0.00,     772.28,       0.00,       0.00,       0.00,     205.13,      579.5,      579.5,     -0.000,     -0.074,      1.314,        0.0,        0.0,        0.0,      0.000,      0.000,     117795,     120887,   -112.130,      0.000,       0.00,       0.00,     120.83,       0.00,         -1
-50,     200.35,     629299,     772.28,       0.00,     772.28,       0.00,       0.00,       0.00,     200.35,      583.7,      583.7,     -0.000,     -0.077,      1.314,        0.0,        0.0,        0.0,      0.000,      0.000,     117629,     121249,   -115.124,      0.000,       0.00,       0.00,     120.83,       0.00,         -1
-49,     195.62,     649454,     772.28,       0.00,     772.28,       0.00,       0.00,       0.00,     195.62,      588.0,      588.0,     -0.000,     -0.080,      1.313,        0.0,        0.0,        0.0,      0.000,      0.000,     117399,     121602,   -118.179,      0.000,       0.00,       0.00,     120.83,       0.00,         -2
-48,     190.94,     670491,     772.28,       0.00,     772.28,       0.00,       0.00,       0.00,     190.94,      592.4,      592.4,     -0.000,     -0.084,      1.312,        0.0,        0.0,        0.0,      0.000,      0.000,     117103,     121945,   -121.293,      0.000,       0.00,       0.00,     120.83,       0.00,         -2
-47,     186.33,     692447,     772.28,       0.00,     772.28,       0.00,       0.00,       0.00,     186.33,      596.8,      596.8,     -0.000,     -0.087,      1.312,        0.0,        0.0,        0.0,      0.000,      0.000,     116742,     122278,   -124.469,      0.000,       0.00,       0.00,     120.83,       0.00,         -2
-46,     181.77,     715363,     772.28,       0.00,     772.28,       0.00,       0.00,       0.00,     181.77,      601.3,      601.3,     -0.000,     -0.091,      1.311,        0.0,        0.0,        0.0,      0.000,      0.000,     116318,     122600,   -127.705,      0.000,       0.00,       0.00,     120.83,       0.00,         -2
-45,     177.28,     739278,     772.28,       0.00,     772.28,       0.00,       0.00,       0.00,     177.28,      605.9,      605.9,     -0.000,     -0.094,      1.310,        0.0,        0.0,        0.0,      0.000,      0.000,     115833,     122912,   -131.002,      0.000,       0.00,       0.00,     120.83,       0.00,         -2
-44,     172.85,     764234,     772.28,       0.00,     772.28,       0.00,       0.00,       0.00,     172.85,      610.6,      610.6,     -0.000,     -0.098,      1.310,        0.0,        0.0,        0.0,      0.000,      0.000,     115288,     123213,   -134.360,      0.000,       0.00,       0.00,     120.83,       0.00,         -2
-43,     168.49,     790270,     772.28,       0.00,     772.28,       0.00,       0.00,       0.00,     168.49,      615.3,      615.3,     -0.000,     -0.103,      1.309,        0.0,        0.0,        0.0,      0.000,      0.000,     114688,     123502,   -137.779,      0.000,       0.00,       0.00,     120.83,       0.00,         -2
-42,     164.20,     817429,     772.28,       0.00,     772.28,       0.00,       0.00,       0.00,     164.20,      620.1,      620.1,     -0.000,     -0.107,      1.308,        0.0,        0.0,        0.0,      0.000,      0.000,     114034,     123780,   -141.258,      0.000,       0.00,       0.00,     120.83,       0.00,         -2
-41,     159.98,     845751,     772.28,       0.00,     772.28,       0.00,       0.00,       0.00,     159.98,      624.9,      624.9,     -0.000,     -0.111,      1.308,        0.0,        0.0,        0.0,      0.000,      0.000,     113329,     124046,   -144.796,      0.000,       0.00,       0.00,     120.83,       0.00,         -2
-40,     155.84,     875278,     772.28,       0.00,     772.28,       0.00,       0.00,       0.00,     155.84,      629.9,      629.9,     -0.000,     -0.116,      1.307,        0.0,        0.0,        0.0,      0.000,      0.000,     112578,     124300,   -148.394,      0.000,       0.00,       0.00,     120.83,       0.00,         -2
-39,     151.76,     906048,     772.28,       0.00,     772.28,       0.00,       0.00,       0.00,     151.76,      634.8,      634.8,     -0.000,     -0.121,      1.306,        0.0,        0.0,        0.0,      0.000,      0.000,     111785,     124543,   -152.049,      0.000,       0.00,       0.00,     120.83,       0.00,         -3
-38,     147.77,     938099,     772.28,       0.00,     772.28,       0.00,       0.00,       0.00,     147.77,      639.9,      639.9,     -0.000,     -0.126,      1.306,        0.0,        0.0,        0.0,      0.000,      0.000,     110952,     124774,   -155.760,      0.000,       0.00,       0.00,     120.83,       0.00,         -3
-37,     143.85,     971468,     772.28,       0.00,     772.28,       0.00,       0.00,       0.00,     143.85,      645.0,      645.0,     -0.000,     -0.131,      1.305,        0.0,        0.0,        0.0,      0.000,      0.000,     110085,     124992,   -159.527,      0.000,       0.00,       0.00,     120.83,       0.00,         -3
-36,     140.01,    1006186,     772.28,       0.00,     772.28,       0.00,       0.00,       0.00,     140.01,      650.1,      650.1,     -0.000,     -0.137,      1.304,        0.0,        0.0,        0.0,      0.000,      0.000,     109184,     125199,   -163.345,      0.000,       0.00,       0.00,     120.83,       0.00,         -3
-35,     136.26,    1042285,     772.28,       0.00,     772.28,       0.00,       0.00,       0.00,     136.26,      655.3,      655.3,     -0.000,     -0.143,      1.304,        0.0,        0.0,        0.0,      0.000,      0.000,     108256,     125393,   -167.214,      0.000,       0.00,       0.00,     120.83,       0.00,         -3
-34,     132.59,    1079787,     772.28,       0.00,     772.28,       0.00,       0.00,       0.00,     132.59,      660.5,      660.5,     -0.000,     -0.149,      1.303,        0.0,        0.0,        0.0,      0.000,      0.000,     107304,     125575,   -171.130,      0.000,       0.00,       0.00,     120.83,       0.00,         -3
-33,     129.01,    1118712,     772.28,       0.00,     772.28,       0.00,       0.00,       0.00,     129.01,      665.8,      665.8,     -0.000,     -0.155,      1.302,        0.0,        0.0,        0.0,      0.000,      0.000,     106334,     125744,   -175.090,      0.000,       0.00,       0.00,     120.83,       0.00,         -3
-32,     125.51,    1159073,     772.28,       0.00,     772.28,       0.00,       0.00,       0.00,     125.51,      671.1,      671.1,     -0.000,     -0.161,      1.301,        0.0,        0.0,        0.0,      0.000,      0.000,     105351,     125901,   -179.091,      0.000,       0.00,       0.00,     120.83,       0.00,         -4
-31,     122.11,    1200873,     772.28,       0.00,     772.28,       0.00,       0.00,       0.00,     122.11,      676.4,      676.4,     -0.000,     -0.168,      1.301,        0.0,        0.0,        0.0,      0.000,      0.000,     104358,     126045,   -183.127,      0.000,       0.00,       0.00,     120.83,       0.00,         -4
-30,     118.79,    1244108,     772.28,       0.00,     772.28,       0.00,       0.00,       0.00,     118.79,      681.7,      681.7,     -0.000,     -0.175,      1.300,        0.0,        0.0,        0.0,      0.000,      0.000,     103358,     126177,   -187.195,      0.000,       0.00,       0.00,     120.83,       0.00,         -4
-29,     115.57,    1288761,     772.28,       0.00,     772.28,       0.00,       0.00,       0.00,     115.57,      687.1,      687.1,     -0.000,     -0.182,      1.299,        0.0,        0.0,        0.0,      0.000,      0.000,     102358,     126296,   -191.288,      0.000,       0.00,       0.00,     120.83,       0.00,         -4
-28,     112.44,    1334803,     772.28,       0.00,     772.28,       0.00,       0.00,       0.00,     112.44,      692.4,      692.4,     -0.000,     -0.190,      1.299,        0.0,        0.0,        0.0,      0.000,      0.000,     101361,     126401,   -195.401,      0.000,       0.00,       0.00,     120.83,       0.00,         -4
-27,     109.41,    1382190,     772.28,       0.00,     772.28,       0.00,       0.00,       0.00,     109.41,      697.8,      697.8,     -0.000,     -0.197,      1.298,        0.0,        0.0,        0.0,      0.000,      0.000,     100371,     126494,   -199.527,      0.000,       0.00,       0.00,     120.83,       0.00,         -4
-26,     106.47,    1430863,     772.28,       0.00,     772.28,       0.00,       0.00,       0.00,     106.47,      703.1,      703.1,     -0.000,     -0.205,      1.297,        0.0,        0.0,        0.0,      0.000,      0.000,      99393,     126574,   -203.657,      0.000,       0.00,       0.00,     120.83,       0.00,         -5
-25,     103.63,    1480742,     772.28,       0.00,     772.28,       0.00,       0.00,       0.00,     103.63,      708.4,      708.4,     -0.000,     -0.213,      1.297,        0.0,        0.0,        0.0,      0.000,      0.000,      98429,     126640,   -207.785,      0.000,       0.00,       0.00,     120.83,       0.00,         -5
-24,     100.89,    1531731,     772.28,       7.72,     764.56,       0.00,       0.00,       0.00,     100.89,     2539.4,      713.6,     -0.000,     -0.222,      1.295,        0.0,        0.0,        0.0,      0.000,      0.000,      97482,     126693,   -211.901,      0.000,      15.29,       4.20,     104.23,       0.00,         -5
-23,      98.26,    1605321,     772.28,       7.72,     764.56,       0.00,       0.00,       1.35,      96.91,     2545.2,      721.1,     -0.009,     -0.233,      1.294,        0.0,        0.0,        0.0,      0.000,      0.000,      96556,     126732,   -216.052,      0.000,      15.36,       4.24,     104.15,       0.00,         -5
-22,      95.72,    1690443,     772.28,       7.72,     764.56,       0.00,       0.00,       3.13,      92.59,     2557.1,      729.3,     -0.023,     -0.246,      1.293,        0.0,        0.0,        0.0,      0.000,      0.000,      95651,     126757,   -220.248,      0.000,      15.70,       4.37,     103.78,       0.00,         -6
-21,      93.29,    1787448,     772.28,       9.06,     763.22,       0.00,       0.00,       5.26,      88.04,     2570.6,      738.4,     -0.041,     -0.261,      1.292,        0.0,        0.0,        0.0,      0.000,      0.000,      94771,     126769,   -224.498,      0.000,      16.11,       4.51,     103.34,       0.00,         -6
-20,      90.97,    1896607,     772.28,      14.42,     757.86,       0.00,       0.00,       7.62,      83.35,     2584.4,      748.0,     -0.066,     -0.277,      1.291,        0.0,        0.0,        0.0,      0.000,      0.000,      93916,     126766,   -228.807,      0.000,      16.51,       4.66,     102.91,       0.00,         -6
-19,      88.75,    2018110,     772.28,      21.00,     751.28,       0.00,       0.00,      10.15,      78.60,     2598.5,      758.3,     -0.097,     -0.294,      1.289,        0.0,        0.0,        0.0,      0.000,      0.000,      93089,     126749,   -233.178,      0.000,      16.92,       4.81,     102.46,       0.00,         -7
-18,      86.64,    2152024,     772.28,      28.76,     743.52,       0.00,       0.00,      12.77,      73.87,     2612.8,      768.9,     -0.134,     -0.314,      1.288,        0.0,        0.0,        0.0,      0.000,      0.000,      92290,     126718,   -237.607,      0.000,      17.33,       4.97,     102.02,       0.00,         -7
-17,      84.63,    2298288,     772.28,      37.69,     734.58,       0.00,       0.00,      15.42,      69.22,     2627.4,      780.0,     -0.180,     -0.334,      1.286,        0.0,        0.0,        0.0,      0.000,      0.000,      91522,     126673,   -242.086,      0.000,      17.74,       5.13,     101.57,       0.00,         -8
-16,      82.74,    2456697,     772.28,      47.76,     724.52,       0.00,       0.00,      18.05,      64.69,     2642.0,      791.3,     -0.233,     -0.356,      1.284,        0.1,        0.0,        0.0,      0.000,      0.000,      90785,     126613,   -246.606,      0.000,      18.15,       5.29,     101.12,       0.00,         -8
-15,      80.96,    2626888,     772.28,      58.93,     713.35,       0.00,       0.00,      20.62,      60.34,     2656.6,      802.7,     -0.296,     -0.379,      1.282,        0.1,        0.0,        0.0,      0.000,      0.000,      90080,     126538,   -251.148,      0.000,      18.56,       5.46,     100.68,       0.00,         -9
-14,      79.28,    2808335,     772.28,      71.17,     701.11,       0.00,       0.00,      23.12,      56.17,     2671.0,      814.2,     -0.369,     -0.404,      1.281,        0.1,        0.0,        0.0,      0.000,      0.000,      89408,     126448,   -255.691,      0.000,      18.96,       5.63,     100.24,       0.00,        -10
-13,      77.72,    3000339,     772.28,      84.44,     687.84,       0.00,       0.00,      25.51,      52.21,     2685.2,      825.7,     -0.452,     -0.429,      1.279,        0.1,        0.0,        0.0,      0.000,      0.000,      88770,     126344,   -260.207,      0.000,      19.34,       5.79,      99.82,       0.00,        -11
-12,      76.27,    3202021,     772.28,      98.69,     673.59,       0.00,       0.00,      27.81,      48.47,     2698.9,      837.1,     -0.546,     -0.455,      1.277,        0.1,        0.0,        0.0,      0.000,      0.000,      88167,     126226,   -264.666,      0.000,      19.71,       5.95,      99.42,       0.00,        -12
-11,      74.94,    3412320,     772.28,     113.88,     658.40,       0.00,       0.00,      29.99,      44.94,     2712.2,      848.3,     -0.652,     -0.481,      1.276,        0.1,        0.0,        0.0,      0.000,      0.000,      87600,     126093,   -269.030,      0.000,      20.07,       6.11,      99.03,       0.00,        -13
-10,      73.71,    3629995,     772.28,     129.95,     642.32,       0.00,       0.00,      32.07,      41.64,     2724.9,      859.2,     -0.770,     -0.508,      1.274,        0.2,        0.0,        0.0,      0.000,      0.000,      87071,     125945,   -273.258,      0.000,      20.40,       6.26,      98.67,       0.00,        -14
-9,      72.61,    3853636,     772.28,     146.87,     625.41,       0.00,       0.00,      34.06,      38.55,     2737.0,      869.8,     -0.900,     -0.534,      1.273,        0.2,        0.0,        0.0,      0.000,      0.000,      86580,     125783,   -277.303,      0.000,      20.71,       6.40,      98.34,       0.00,        -15
-8,      71.61,    4081670,     772.28,     164.56,     607.72,       0.00,       0.00,      35.95,      35.67,     2748.4,      880.0,     -1.042,     -0.560,      1.271,        0.2,        0.0,        0.0,      0.000,      0.000,      86129,     125607,   -281.118,      0.000,      20.99,       6.53,      98.03,       0.00,        -17
-7,      70.74,    4312382,     772.28,     182.97,     589.31,       0.00,       0.00,      37.76,      32.98,     2759.0,      889.8,     -1.196,     -0.584,      1.270,        0.2,        0.0,        0.0,      0.000,      0.000,      85719,     125417,   -284.648,      0.000,      21.24,       6.66,      97.76,       0.00,        -19
-6,      69.98,    4543939,     772.28,     202.05,     570.23,       0.00,       0.00,      39.51,      30.47,     2768.8,      899.1,     -1.361,     -0.608,      1.268,        0.3,        0.0,        0.0,      0.000,      0.000,      85352,     125213,   -287.840,      0.000,      21.46,       6.77,      97.51,       0.00,        -21
-5,      69.33,    4774418,     772.28,     221.73,     550.55,       0.00,       0.00,      41.19,      28.14,     2777.8,      907.9,     -1.536,     -0.629,      1.267,        0.3,        0.0,        0.0,      0.000,      0.000,      85027,     124996,   -290.637,      0.000,      21.66,       6.88,      97.30,       0.00,        -23
-4,      68.81,    5001838,     772.28,     241.94,     530.34,       0.00,       0.00,      42.84,      25.97,     2785.9,      916.0,     -1.720,     -0.649,      1.266,        0.3,        0.0,        0.0,      0.000,      0.000,      84748,     124765,   -292.984,      0.000,      21.82,       6.97,      97.13,       0.00,        -25
-3,      68.40,    5224196,     772.28,     262.63,     509.65,       0.00,       0.00,      44.45,      23.94,     2793.1,      923.6,     -1.912,     -0.666,      1.265,        0.3,        0.0,        0.0,      0.000,      0.000,      84514,     124522,   -294.823,      0.000,      21.95,       7.05,      96.99,       0.00,        -28
-2,      68.10,    5439510,     772.28,     283.72,     488.56,       0.00,       0.00,      46.04,      22.06,     2799.4,      930.5,     -2.110,     -0.681,      1.264,        0.4,        0.0,        0.0,      0.000,      0.000,      84327,     124267,   -296.100,      0.000,      22.04,       7.11,      96.88,       0.00,        -31
-1,      67.93,    5645850,     772.28,     305.14,     467.14,       0.00,       0.00,      47.63,      20.30,     2804.8,      936.8,     -2.311,     -0.693,      1.263,        0.4,        0.0,        0.0,      0.000,      0.000,      84188,     124000,   -296.763,      0.000,      22.11,       7.17,      96.81,       0.00,        -34
0,      67.87,    5841385,     772.28,     326.82,     445.46,       0.00,       0.00,      49.21,      18.65,     2809.2,      942.4,     -2.513,     -0.702,      1.262,        0.4,        0.0,        0.0,      0.000,      0.000,      84099,     123722,   -296.763,      0.000,      22.14,       7.21,      96.77,       0.00,        -37
1,      67.93,    6024414,     772.28,     348.70,     423.58,       0.00,       0.00,      50.81,      17.11,     2812.7,      947.3,     -2.715,     -0.709,      1.261,        0.5,        0.0,        0.0,      0.000,      0.000,      84061,     123433,   -296.055,      0.000,      22.14,       7.24,      96.77,       0.00,        -40
2,      68.10,    6193400,     772.28,     370.70,     401.58,       0.00,       0.00,      52.43,      15.67,     2815.2,      951.4,     -2.913,     -0.712,      1.260,        0.5,        0.0,        0.0,      0.000,      0.000,      84073,     123134,   -294.601,      0.000,      22.11,       7.25,      96.81,       0.00,        -44
3,      68.40,    6346997,     772.28,     392.76,     379.52,       0.00,       0.00,      54.08,      14.32,     2816.8,      954.9,     -3.105,     -0.713,      1.259,        0.5,        0.0,        0.0,      0.000,      0.000,      84139,     122826,   -292.367,      0.000,      22.05,       7.25,      96.87,       0.00,        -48
4,      68.81,    6484071,     772.28,     414.79,     357.49,       0.00,       0.00,      55.76,      13.04,     2817.6,      957.6,     -3.288,     -0.711,      1.259,        0.5,        0.0,        0.0,      0.000,      0.000,      84257,     122510,   -289.325,      0.000,      21.96,       7.24,      96.97,       0.00,        -52
5,      69.33,    6603713,     772.28,     436.72,     335.56,       0.00,       0.00,      57.49,      11.84,     2817.4,      959.6,     -3.461,     -0.706,      1.258,        0.6,        0.0,        0.0,      0.000,      0.000,      84429,     122185,   -285.456,      0.000,      21.84,       7.22,      97.10,       0.00,        -56
6,      69.98,    6705253,     772.28,     458.50,     313.78,       0.00,       0.00,      59.27,      10.71,     2816.3,      960.9,     -3.621,     -0.700,      1.257,        0.6,        0.0,        0.0,      0.000,      0.000,      84655,     121854,   -280.746,      0.000,      21.70,       7.18,      97.26,       0.00,        -60
7,      70.74,    6788253,     772.28,     480.03,     292.25,       0.00,       0.00,      61.10,       9.63,     2814.5,      961.4,     -3.767,     -0.691,      1.257,        0.6,        0.0,        0.0,      0.000,      0.000,      84934,     121516,   -275.189,      0.000,      21.53,       7.13,      97.45,       0.00,        -65
8,      71.61,    6852508,     772.28,     501.26,     271.02,       0.00,       0.00,      63.00,       8.62,     2811.7,      961.2,     -3.897,     -0.681,      1.256,        0.6,        0.0,        0.0,      0.000,      0.000,      85266,     121172,   -268.785,      0.000,      21.33,       7.07,      97.66,       0.00,        -69
9,      72.61,    6898029,     772.28,     522.11,     250.17,       0.00,       0.00,      64.96,       7.65,     2808.3,      960.3,     -4.008,     -0.670,      1.256,        0.7,        0.0,        0.0,      0.000,      0.000,      85651,     120823,   -261.543,      0.000,      21.11,       7.01,      97.90,       0.00,        -74
10,      73.71,    6925036,     772.28,     542.53,     229.75,       0.00,       0.00,      66.98,       6.73,     2804.0,      958.7,     -4.102,     -0.657,      1.255,        0.7,        0.0,        0.0,      0.000,      0.000,      86086,     120471,   -253.478,      0.000,      20.87,       6.93,      98.17,       0.00,        -79
11,      74.94,    6933930,     772.28,     562.43,     209.85,       0.00,       0.00,      69.08,       5.86,     2799.0,      956.3,     -4.177,     -0.643,      1.255,        0.7,        0.0,        0.0,      0.000,      0.000,      86572,     120116,   -244.611,      0.000,      20.61,       6.84,      98.45,       0.00,        -83
12,      76.27,    6925277,     772.28,     581.75,     190.53,       0.00,       0.00,      71.24,       5.03,     2793.3,      953.1,     -4.232,     -0.629,      1.254,        0.8,        0.0,        0.0,      0.000,      0.000,      87105,     119758,   -234.967,      0.000,      20.33,       6.74,      98.76,       0.00,        -88
13,      77.72,    6899780,     772.28,     600.44,     171.84,       0.00,       0.00,      73.49,       4.23,     2787.0,      949.2,     -4.268,     -0.615,      1.254,        0.8,        0.0,        0.0,      0.000,      0.000,      87683,     119400,   -224.580,      0.000,      20.02,       6.64,      99.09,       0.00,        -93
14,      79.28,    6858260,     772.28,     618.43,     153.85,       0.00,       0.00,      75.80,       3.48,     2780.0,      944.5,     -4.285,     -0.600,      1.253,        0.8,        0.0,        0.0,      0.000,      0.000,      88306,     119041,   -213.486,      0.000,      19.71,       6.53,      99.44,       0.00,        -98
15,      80.96,    6801628,     772.28,     635.66,     136.62,       0.00,       0.00,      78.20,       2.76,     2772.3,      938.9,     -4.284,     -0.585,      1.253,        0.8,        0.0,        0.0,      0.000,      0.000,      88970,     118682,   -201.726,      0.000,      19.37,       6.41,      99.80,       0.00,       -103
16,      82.74,    6730863,     772.28,     652.07,     120.21,       0.00,       0.00,      80.66,       2.08,     2764.1,      932.5,     -4.265,     -0.570,      1.252,        0.8,        0.0,        0.0,      0.000,      0.000,      89674,     118325,   -189.344,      0.000,      19.03,       6.28,     100.18,       0.00,       -108
17,      84.63,    6646991,     772.28,     667.62,     104.66,       0.00,       0.00,      83.21,       1.43,     2755.3,      925.1,     -4.230,     -0.554,      1.252,        0.9,        0.0,        0.0,      0.000,      0.000,      90413,     117970,   -176.387,      0.000,      18.66,       6.15,     100.58,       0.00,       -113
18,      86.64,    6551067,     772.28,     682.25,      90.02,       0.00,       0.00,      85.82,       0.81,     2745.9,      916.6,     -4.180,     -0.539,      1.251,        0.9,        0.0,        0.0,      0.000,      0.000,      91184,     117618,   -162.905,      0.000,      18.29,       6.02,     100.99,       0.00,       -117
19,      88.75,    6444155,     772.28,     695.92,      76.36,       0.00,       0.00,      88.51,       0.24,     2736.0,      906.9,     -4.115,     -0.523,      1.251,        0.9,        0.0,        0.0,      0.000,      0.000,      91984,     117269,   -148.950,      0.000,      17.90,       5.88,     101.41,       0.00,       -122
20,      90.97,    6327315,     772.28,     708.58,      63.70,       0.00,       0.00,      90.97,       0.00,     2725.5,      895.6,     -4.023,     -0.512,      1.251,        0.9,        0.0,        0.0,      0.000,      0.000,      92809,     116925,   -134.572,      0.000,      17.50,       5.73,     101.85,       0.00,       -126
21,      93.29,    6201587,     772.28,     720.18,      52.10,       0.00,       0.00,      93.29,       0.00,     2714.6,      882.5,     -3.914,     -0.502,      1.250,        0.9,        0.0,        0.0,      0.000,      0.000,      93655,     116586,   -119.826,      0.000,      17.08,       5.58,     102.30,       0.00,       -131
22,      95.72,    6067988,     772.28,     730.69,      41.59,       0.00,       0.00,      95.72,       0.00,     2703.1,      866.9,     -3.798,     -0.489,      1.250,        0.9,        0.0,        0.0,      0.000,      0.000,      94517,     116252,   -104.765,      0.000,      16.66,       5.43,     102.76,       0.00,       -135
23,      98.26,    5927494,     772.28,     740.08,      32.20,       0.00,       0.00,      98.26,       0.00,     2691.1,      848.0,     -3.676,     -0.473,      1.250,        1.0,        0.0,        0.0,      0.000,      0.000,      95393,     115925,    -89.441,      0.000,      16.23,       5.27,     103.23,       0.00,       -139
24,     100.89,    5781044,     772.28,     748.32,      23.96,       0.00,       0.00,     100.89,       0.00,     2678.6,      824.1,     -3.551,     -0.452,      1.250,        1.0,        0.0,        0.0,      0.000,      0.000,      96276,     115604,    -73.906,      0.000,      15.78,       5.11,     103.71,       0.00,       -143
25,     103.63,    5629528,     772.28,     755.37,      16.91,       0.00,       0.00,     103.63,       0.00,     2665.5,      792.5,     -3.422,     -0.423,      1.249,        1.0,        0.0,        0.0,      0.000,      0.000,      97163,     115291,    -58.212,      0.000,      15.33,       4.95,     104.21,       0.00,       -147
26,     106.47,    5473788,     772.28,     761.22,      11.06,       0.00,       0.00,     106.47,       0.00,     2652.0,      748.9,     -3.291,     -0.383,      1.249,        1.0,        0.0,        0.0,      0.000,      0.000,      98050,     114985,    -42.409,      0.000,      14.87,       4.78,     104.71,       0.00,       -151
27,     109.41,    5314547,     772.28,     764.56,       7.72,       0.00,       0.00,     109.41,       0.00,     2638.1,      704.1,     -3.159,     -0.340,      1.249,        1.0,        0.0,        0.0,      0.000,      0.000,      98931,     114688,    -26.546,      0.000,      14.40,       4.61,     105.22,       0.00,       -154
28,     112.44,    5152438,     772.28,     764.56,       7.72,       0.00,       0.00,     112.44,       0.00,     2623.7,      663.4,     -3.027,     -0.299,      1.249,        1.0,        0.0,        0.0,      0.000,      0.000,      99804,     114399,    -10.670,      0.000,      13.93,       4.45,     105.73,       0.00,       -158
29,     115.57,    4988060,     772.28,     764.56,       7.72,       0.00,       0.00,     115.57,       0.00,     2608.9,      626.7,     -2.894,     -0.260,      1.249,        1.0,        0.0,        0.0,      0.000,      0.000,     100664,     114119,      5.172,      0.000,      13.45,       4.28,     106.25,       0.00,       -161
30,     118.79,    4824238,     772.28,     764.56,       7.72,       0.00,       0.00,     118.79,       0.00,     2593.7,      594.1,     -2.763,     -0.224,      1.249,        1.0,        0.0,        0.0,      0.000,      0.000,     101508,     113848,     20.945,      0.000,      12.97,       4.11,     106.77,       0.00,       -164
31,     122.11,    4664572,     772.28,     772.28,       0.00,       0.00,       0.00,     122.11,       0.00,     2577.8,     2577.8,     -3.821,     -0.000,      1.249,        1.0,        0.0,        0.0,      0.000,      0.000,     102334,     113587,     36.624,      0.000,      12.47,       3.93,     107.31,       0.00,       -168
32,     125.51,    4510392,     772.28,     772.28,       0.00,       0.00,       0.00,     125.51,       0.00,     2562.0,     2562.0,     -3.680,     -0.000,      1.249,        1.0,        0.0,        0.0,      0.000,      0.000,     103138,     113336,     52.191,      0.000,      11.99,       3.77,     107.84,       0.00,       -171
33,     129.01,    4361647,     772.28,     772.28,       0.00,       0.00,       0.00,     129.01,       0.00,     2546.3,     2546.3,     -3.546,     -0.000,      1.249,        1.0,        0.0,        0.0,      0.000,      0.000,     103920,     113095,     67.631,      0.000,      11.52,       3.61,     108.35,       0.00,       -175
34,     132.59,    4218262,     772.28,     772.28,       0.00,       0.00,       0.00,     132.59,       0.00,     2530.8,     2530.8,     -3.419,     -0.000,      1.249,        1.0,        0.0,        0.0,      0.000,      0.000,     104676,     112865,     82.930,      0.000,      11.06,       3.45,     108.84,       0.00,       -178
35,     136.26,    4080144,     772.28,     772.28,       0.00,       0.00,       0.00,     136.26,       0.00,     2515.4,     2515.4,     -3.297,     -0.000,      1.249,        1.0,        0.0,        0.0,      0.000,      0.000,     105406,     112646,     98.075,      0.000,      10.62,       3.30,     109.32,       0.00,       -182
36,     140.01,    3947184,     772.28,     772.28,       0.00,       0.00,       0.00,     140.01,       0.00,     2500.1,     2500.1,     -3.182,     -0.000,      1.249,        1.0,        0.0,        0.0,      0.000,      0.000,     106108,     112438,    113.055,      0.000,      10.19,       3.15,     109.79,       0.00,       -185
37,     143.85,    3819258,     772.28,     772.28,       0.00,       0.00,       0.00,     143.85,       0.00,     2484.9,     2484.9,     -3.072,     -0.000,      1.249,        1.0,        0.0,        0.0,      0.000,      0.000,     106782,     112241,    127.861,      0.000,       9.78,       3.02,     110.24,       0.00,       -188
38,     147.77,    3696235,     772.28,     772.28,       0.00,       0.00,       0.00,     147.77,       0.00,     2469.9,     2469.9,     -2.968,     -0.000,      1.249,        1.0,        0.0,        0.0,      0.000,      0.000,     107426,     112055,    142.485,      0.000,       9.38,       2.88,     110.67,       0.00,       -191
39,     151.76,    3577973,     772.28,     772.28,       0.00,       0.00,       0.00,     151.76,       0.00,     2455.0,     2455.0,     -2.869,     -0.000,      1.249,        1.0,        0.0,        0.0,      0.000,      0.000,     108039,     111881,    156.919,      0.000,       8.99,       2.75,     111.09,       0.00,       -194
40,     155.84,    3464327,     772.28,     772.28,       0.00,       0.00,       0.00,     155.84,       0.00,     2440.3,     2440.3,     -2.775,     -0.000,      1.249,        1.0,        0.0,        0.0,      0.000,      0.000,     108621,     111720,    171.158,      0.000,       8.62,       2.63,     111.50,       0.00,       -196
41,     159.98,    3355149,     772.28,     772.28,       0.00,       0.00,       0.00,     159.98,       0.00,     2425.7,     2425.7,     -2.686,     -0.000,      1.249,        1.0,        0.0,        0.0,      0.000,      0.000,     109170,     111570,    185.196,      0.000,       8.26,       2.51,     111.89,       0.00,       -199
42,     164.20,    3250287,     772.28,     772.28,       0.00,       0.00,       0.00,     164.20,       0.00,     2411.3,     2411.3,     -2.601,     -0.000,      1.249,        1.0,        0.0,        0.0,      0.000,      0.000,     109687,     111432,    199.029,      0.000,       7.91,       2.40,     112.26,       0.00,       -202
43,     168.49,    3149588,     772.28,     772.28,       0.00,       0.00,       0.00,     168.49,       0.00,     2397.1,     2397.1,     -2.520,     -0.000,      1.249,        1.0,        0.0,        0.0,      0.000,      0.000,     110171,     111307,    212.654,      0.000,       7.58,       2.29,     112.62,       0.00,       -204
44,     172.85,    3052902,     772.28,     772.28,       0.00,       0.00,       0.00,     172.85,       0.00,     2383.0,     2383.0,     -2.444,     -0.000,      1.250,        1.0,        0.0,        0.0,      0.000,      0.000,     110620,     111194,    226.069,      0.000,       7.26,       2.19,     112.97,       0.00,       -207
45,     177.28,    2960077,     772.28,     772.28,       0.00,       0.00,       0.00,     177.28,       0.00,     2369.1,     2369.1,     -2.371,     -0.000,      1.250,        1.0,        0.0,        0.0,      0.000,      0.000,     111034,     111095,    239.270,      0.000,       6.95,       2.09,     113.31,       0.00,       -209
46,     181.77,    2870966,     772.28,     772.28,       0.00,       0.00,       0.00,     181.77,       0.00,     2355.3,     2355.3,     -2.301,     -0.000,      1.250,        1.0,        0.0,        0.0,      0.000,      0.000,     111413,     111008,    252.258,      0.000,       6.65,       1.99,     113.63,       0.00,       -211
47,     186.33,    2785424,     772.28,     772.28,       0.00,       0.00,       0.00,     186.33,       0.00,     2341.8,     2341.8,     -2.235,     -0.000,      1.250,        1.0,        0.0,        0.0,      0.000,      0.000,     111756,     110934,    265.031,      0.000,       6.37,       1.90,     113.94,       0.00,       -214
48,     190.94,    2703307,     772.28,     772.28,       0.00,       0.00,       0.00,     190.94,       0.00,     2328.4,     2328.4,     -2.172,     -0.000,      1.250,        1.0,        0.0,        0.0,      0.000,      0.000,     112061,     110874,    277.589,      0.000,       6.09,       1.81,     114.23,       0.00,       -216
49,     195.62,    2624478,     772.28,     772.28,       0.00,       0.00,       0.00,     195.62,       0.00,     2315.1,     2315.1,     -2.113,     -0.000,      1.250,        1.0,        0.0,        0.0,      0.000,      0.000,     112329,     110826,    289.931,      0.000,       5.83,       1.73,     114.52,       0.00,       -218
50,     200.35,    2548801,     772.28,     772.28,       0.00,       0.00,       0.00,     200.35,       0.00,     2302.1,     2302.1,     -2.056,     -0.000,      1.250,        1.0,        0.0,        0.0,      0.000,      0.000,     112558,     110793,    302.059,      0.000,       5.58,       1.65,     114.79,       0.00,       -220
51,     205.13,    2476145,     772.28,     772.28,       0.00,       0.00,       0.00,     205.13,       0.00,     2289.2,     2289.2,     -2.001,     -0.000,      1.250,        1.0,        0.0,        0.0,      0.000,      0.000,     112748,     110773,    313.973,      0.000,       5.34,       1.58,     115.05,       0.00,       -222
52,     209.97,    2406384,     772.28,     772.28,       0.00,       0.00,       0.00,     209.97,       0.00,     2276.5,     2276.5,     -1.950,     -0.000,      1.250,        1.0,        0.0,        0.0,      0.000,      0.000,     112898,     110766,    325.675,      0.000,       5.11,       1.50,     115.30,       0.00,       -224
53,     214.86,    2339397,     772.28,     772.28,       0.00,       0.00,       0.00,     214.86,       0.00,     2263.9,     2263.9,     -1.900,     -0.000,      1.251,        1.0,        0.0,        0.0,      0.000,      0.000,     113008,     110774,    337.165,      0.000,       4.89,       1.44,     115.54,       0.00,       -226
54,     219.79,    1831605,     621.87,     621.87,     621.87,       0.00,       0.00,     219.79,       0.00,     2218.3,     2218.3,     -1.427,     -0.000,      1.251,        1.0,        0.0,        0.0,      0.000,      0.000,      99000,     118125,    359.124,      0.000,       4.65,       1.33,     115.80,       0.00,       -207
55,     224.77,    1777572,     621.87,     621.87,     621.87,       0.00,       0.00,     224.77,       0.00,     2202.1,     2202.1,     -1.389,     -0.000,      1.251,        1.0,        0.0,        0.0,      0.000,      0.000,      99000,     118125,    368.016,      0.000,       4.36,       1.24,     116.11,       0.00,       -208
56,     229.80,    1725874,     621.87,     621.87,     621.87,       0.00,       0.00,     229.80,       0.00,     2186.2,     2186.2,     -1.352,     -0.000,      1.251,        1.0,        0.0,        0.0,      0.000,      0.000,      99000,     118125,    376.723,      0.000,       4.09,       1.16,     116.40,       0.00,       -210
57,     234.86,    1676399,     621.87,     621.87,     621.87,       0.00,       0.00,     234.86,       0.00,     2170.8,     2170.8,     -1.318,     -0.000,      1.252,        1.0,        0.0,        0.0,      0.000,      0.000,      99000,     118125,    385.248,      0.000,       3.84,       1.09,     116.67,       0.00,       -211
58,     239.97,    1629037,     621.87,     621.87,     621.87,       0.00,       0.00,     239.97,       0.00,     2155.6,     2155.6,     -1.285,     -0.000,      1.252,        1.0,        0.0,        0.0,      0.000,      0.000,      99000,     118125,    393.594,      0.000,       3.61,       1.02,     116.92,       0.00,       -212
59,     245.11,    1583687,     621.87,     621.87,     621.87,       0.00,       0.00,     245.11,       0.00,     2140.8,     2140.8,     -1.254,     -0.000,      1.252,        1.0,        0.0,        0.0,      0.000,      0.000,      99000,     118125,    401.763,      0.000,       3.39,       0.96,     117.16,       0.00,       -214
60,     250.28,    1540251,     621.87,     621.87,     621.87,       0.00,       0.00,     250.28,       0.00,     2126.4,     2126.4,     -1.224,     -0.000,      1.252,        1.0,        0.0,        0.0,      0.000,      0.000,      99000,     118125,    409.760,      0.000,       3.19,       0.90,     117.38,       0.00,       -215
61,     255.49,    1498636,     621.87,     621.87,     621.87,       0.00,       0.00,     255.49,       0.00,     2112.2,     2112.2,     -1.195,     -0.000,      1.252,        1.0,        0.0,        0.0,      0.000,      0.000,      99000,     118125,    417.588,      0.000,       2.99,       0.84,     117.59,       0.00,       -216
62,     260.73,    1458754,     621.87,     621.87,     621.87,       0.00,       0.00,     260.73,       0.00,     2098.4,     2098.4,     -1.168,     -0.000,      1.253,        1.0,        0.0,        0.0,      0.000,      0.000,      99000,     118125,    425.249,      0.000,       2.82,       0.79,     117.78,       0.00,       -217
63,     266.00,    1420523,     621.87,     621.87,     621.87,       0.00,       0.00,     266.00,       0.00,     2084.9,     2084.9,     -1.142,     -0.000,      1.253,        1.0,        0.0,        0.0,      0.000,      0.000,      99000,     118125,    432.748,      0.000,       2.65,       0.74,     117.96,       0.00,       -218
64,     271.29,    1383862,     621.87,     621.87,     621.87,       0.00,       0.00,     271.29,       0.00,     2071.8,     2071.8,     -1.118,     -0.000,      1.253,        1.0,        0.0,        0.0,      0.000,      0.000,      99000,     118125,    440.087,      0.000,       2.50,       0.70,     118.13,       0.00,       -220
65,     276.60,    1348699,     621.87,     621.87,     621.87,       0.00,       0.00,     276.60,       0.00,     2058.9,     2058.9,     -1.094,     -0.000,      1.253,        1.0,        0.0,        0.0,      0.000,      0.000,      99000,     118125,    447.269,      0.000,       2.35,       0.66,     118.28,       0.00,       -221
66,     281.94,    1314960,     621.87,     621.87,     621.87,       0.00,       0.00,     281.94,       0.00,     2046.3,     2046.3,     -1.072,     -0.000,      1.253,        1.0,        0.0,        0.0,      0.000,      0.000,      99000,     118125,    454.298,      0.000,       2.22,       0.62,     118.43,       0.00,       -222
67,     287.29,    1282579,     621.87,     621.87,     621.87,       0.00,       0.00,     287.29,       0.00,     2034.0,     2034.0,     -1.050,     -0.000,      1.254,        1.0,        0.0,        0.0,      0.000,      0.000,      99000,     118125,    461.178,      0.000,       2.09,       0.58,     118.57,       0.00,       -223
68,     292.66,    1251493,     621.87,     621.87,     621.87,       0.00,       0.00,     292.66,       0.00,     2021.9,     2021.9,     -1.030,     -0.000,      1.254,        1.0,        0.0,        0.0,      0.000,      0.000,      99000,     118125,    467.910,      0.000,       1.97,       0.55,     118.69,       0.00,       -224
69,     298.05,    1221640,     621.87,     621.87,     621.87,       0.00,       0.00,     298.05,       0.00,     2010.2,     2010.2,     -1.010,     -0.000,      1.254,        1.0,        0.0,        0.0,      0.000,      0.000,      99000,     118125,    474.497,      0.000,       1.86,       0.52,     118.81,       0.00,       -225
70,     303.45,    1192963,     621.87,     621.87,     621.87,       0.00,       0.00,     303.45,       0.00,     1998.7,     1998.7,     -0.991,     -0.000,      1.254,        1.0,        0.0,        0.0,      0.000,      0.000,      99000,     118125,    480.944,      0.000,       1.76,       0.49,     118.93,       0.00,       -226
71,     308.86,    1165408,     621.87,     621.87,     621.87,       0.00,       0.00,     308.86,       0.00,     1987.5,     1987.5,     -0.973,     -0.000,      1.254,        1.0,        0.0,        0.0,      0.000,      0.000,      99000,     118125,    487.253,      0.000,       1.66,       0.46,     119.03,       0.00,       -227
72,     314.27,    1138923,     621.87,     621.87,     621.87,       0.00,       0.00,     314.27,       0.00,     1976.5,     1976.5,     -0.956,     -0.000,      1.255,        1.0,        0.0,        0.0,      0.000,      0.000,      99000,     118125,    493.426,      0.000,       1.57,       0.44,     119.13,       0.00,       -228
73,     319.70,    1113460,     621.87,     621.87,     621.87,       0.00,       0.00,     319.70,       0.00,     1965.8,     1965.8,     -0.940,     -0.000,      1.255,        1.0,        0.0,        0.0,      0.000,      0.000,      99000,     118125,    499.467,      0.000,       1.49,       0.41,     119.22,       0.00,       -229
74,     325.12,    1088972,     621.87,     621.87,     621.87,       0.00,       0.00,     325.12,       0.00,     1955.3,     1955.3,     -0.924,     -0.000,      1.255,        1.0,        0.0,        0.0,      0.000,      0.000,      99000,     118125,    505.379,      0.000,       1.41,       0.39,     119.31,       0.00,       -230
75,     330.55,    1065414,     621.87,     621.87,     621.87,       0.00,       0.00,     330.55,       0.00,     1945.0,     1945.0,     -0.909,     -0.000,      1.255,        1.0,        0.0,        0.0,      0.000,      0.000,      99000,     118125,    511.163,      0.000,       1.33,       0.37,     119.39,       0.00,       -230
76,     335.98,    1042746,     621.87,     621.87,     621.87,       0.00,       0.00,     335.98,       0.00,     1935.0,     1935.0,     -0.894,     -0.000,      1.256,        1.0,        0.0,        0.0,      0.000,      0.000,      99000,     118125,    516.823,      0.000,       1.26,       0.35,     119.46,       0.00,       -231
77,     341.41,    1020928,     621.87,     621.87,     621.87,       0.00,       0.00,     341.41,       0.00,     1925.2,     1925.2,     -0.880,     -0.000,      1.256,        1.0,        0.0,        0.0,      0.000,      0.000,      99000,     118125,    522.361,      0.000,       1.20,       0.33,     119.53,       0.00,       -232
78,     346.83,     999921,     621.87,     621.87,     621.87,       0.00,       0.00,     346.83,       0.00,     1915.6,     1915.6,     -0.866,     -0.000,      1.256,        1.0,        0.0,        0.0,      0.000,      0.000,      99000,     118125,    527.781,      0.000,       1.14,       0.31,     119.60,       0.00,       -233
79,     352.25,     979691,     621.87,     621.87,     621.87,       0.00,       0.00,     352.25,       0.00,     1906.2,     1906.2,     -0.854,     -0.000,      1.256,        1.0,        0.0,        0.0,      0.000,      0.000,      99000,     118125,    533.083,      0.000,       1.08,       0.30,     119.66,       0.00,       -234
80,     357.65,     960203,     621.87,     621.87,     621.87,       0.00,       0.00,     357.65,       0.00,     1897.1,     1897.1,     -0.841,     -0.000,      1.256,        1.0,        0.0,        0.0,      0.000,      0.000,      99000,     118125,    538.271,      0.000,       1.02,       0.28,     119.72,       0.00,       -235
81,     363.05,     941426,     621.87,     621.87,     621.87,       0.00,       0.00,     363.05,       0.00,     1888.1,     1888.1,     -0.829,     -0.000,      1.257,        1.0,        0.0,        0.0,      0.000,      0.000,      99000,     118125,    543.348,      0.000,       0.97,       0.27,     119.77,       0.00,       -236
82,     368.44,     923328,     621.87,     621.87,     621.87,       0.00,       0.00,     368.44,       0.00,     1879.3,     1879.3,     -0.818,     -0.000,      1.257,        1.0,        0.0,        0.0,      0.000,      0.000,      99000,     118125,    548.314,      0.000,       0.93,       0.26,     119.83,       0.00,       -236
83,     373.81,     905881,     621.87,     621.87,     621.87,       0.00,       0.00,     373.81,       0.00,     1870.8,     1870.8,     -0.806,     -0.000,      1.257,        1.0,        0.0,        0.0,      0.000,      0.000,      99000,     118125,    553.174,      0.000,       0.88,       0.24,     119.87,       0.00,       -237
84,     379.17,     889057,     621.87,     621.87,     621.87,       0.00,       0.00,     379.17,       0.00,     1862.4,     1862.4,     -0.796,     -0.000,      1.257,        1.0,        0.0,        0.0,      0.000,      0.000,      99000,     118125,    557.929,      0.000,       0.84,       0.23,     119.92,       0.00,       -238
85,     384.51,     872830,     621.87,     621.87,     621.87,       0.00,       0.00,     384.51,       0.00,     1854.2,     1854.2,     -0.785,     -0.000,      1.257,        1.0,        0.0,        0.0,      0.000,      0.000,      99000,     118125,    562.580,      0.000,       0.80,       0.22,     119.96,       0.00,       -239
86,     389.83,     857175,     621.87,     621.87,     621.87,       0.00,       0.00,     389.83,       0.00,     1846.2,     1846.2,     -0.775,     -0.000,      1.258,        1.0,        0.0,        0.0,      0.000,      0.000,      99000,     118125,    567.131,      0.000,       0.76,       0.21,     120.00,       0.00,       -240
87,     395.12,     842068,     621.87,     621.87,     621.87,       0.00,       0.00,     395.12,       0.00,     1838.3,     1838.3,     -0.766,     -0.000,      1.258,        1.0,        0.0,        0.0,      0.000,      0.000,      99000,     118125,    571.584,      0.000,       0.73,       0.20,     120.04,       0.00,       -240
88,     400.40,     827486,     621.87,     621.87,     621.87,       0.00,       0.00,     400.40,       0.00,     1830.7,     1830.7,     -0.757,     -0.000,      1.258,        1.0,        0.0,        0.0,      0.000,      0.000,      99000,     118125,    575.940,      0.000,       0.69,       0.19,     120.08,       0.00,       -241
89,     405.65,     813409,     621.87,     621.87,     621.87,       0.00,       0.00,     405.65,       0.00,     1823.1,     1823.1,     -0.748,     -0.000,      1.258,        1.0,        0.0,        0.0,      0.000,      0.000,      99000,     118125,    580.201,      0.000,       0.66,       0.18,     120.11,       0.00,       -242
90,     410.88,     799815,     621.87,     621.87,     621.87,       0.00,       0.00,     410.88,       0.00,     1815.8,     1815.8,     -0.739,     -0.000,      1.258,        1.0,        0.0,        0.0,      0.000,      0.000,      99000,     118125,    584.369,      0.000,       0.63,       0.17,     120.14,       0.00,       -243
91,     416.07,     786686,     621.87,     621.87,     621.87,       0.00,       0.00,     416.07,       0.00,     1808.6,     1808.6,     -0.731,     -0.000,      1.258,        1.0,        0.0,        0.0,      0.000,      0.000,      99000,     118125,    588.447,      0.000,       0.61,       0.17,     120.17,       0.00,       -243
92,     421.24,     774002,     621.87,     621.87,     621.87,       0.00,       0.00,     421.24,       0.00,     1801.6,     1801.6,     -0.723,     -0.000,      1.259,        1.0,        0.0,        0.0,      0.000,      0.000,      99000,     118125,    592.436,      0.000,       0.58,       0.16,     120.20,       0.00,       -244
93,     426.38,     761746,     621.87,     621.87,     621.87,       0.00,       0.00,     426.38,       0.00,     1794.7,     1794.7,     -0.715,     -0.000,      1.259,        1.0,        0.0,        0.0,      0.000,      0.000,      99000,     118125,    596.337,      0.000,       0.55,       0.15,     120.23,       0.00,       -245
94,     431.49,     749901,     621.87,     621.87,     621.87,       0.00,       0.00,     431.49,       0.00,     1788.0,     1788.0,     -0.707,     -0.000,      1.259,        1.0,        0.0,        0.0,      0.000,      0.000,      99000,     118125,    600.153,      0.000,       0.53,       0.15,     120.25,       0.00,       -246
95,     436.56,     738451,     621.87,     621.87,     621.87,       0.00,       0.00,     436.56,       0.00,     1781.4,     1781.4,     -0.700,     -0.000,      1.259,        1.0,        0.0,        0.0,      0.000,      0.000,      99000,     118125,    603.886,      0.000,       0.51,       0.14,     120.28,       0.00,       -246
96,     441.59,     727381,     621.87,     621.87,     621.87,       0.00,       0.00,     441.59,       0.00,     1775.0,     1775.0,     -0.693,     -0.000,      1.259,        1.0,        0.0,        0.0,      0.000,      0.000,      99000,     118125,    607.536,      0.000,       0.49,       0.13,     120.30,       0.00,       -247
97,     446.59,     716677,     621.87,     621.87,     621.87,       0.00,       0.00,     446.59,       0.00,     1768.7,     1768.7,     -0.686,     -0.000,      1.260,        1.0,        0.0,        0.0,      0.000,      0.000,      99000,     118125,    611.106,      0.000,       0.47,       0.13,     120.32,       0.00,       -248
98,     451.56,     706323,     621.87,     621.87,     621.87,       0.00,       0.00,     451.56,       0.00,     1762.5,     1762.5,     -0.680,     -0.000,      1.260,        1.0,        0.0,        0.0,      0.000,      0.000,      99000,     118125,    614.598,      0.000,       0.45,       0.12,     120.34,       0.00,       -248
99,     456.48,     696308,     621.87,     621.87,     621.87,       0.00,       0.00,     456.48,       0.00,     1756.5,     1756.5,     -0.673,     -0.000,      1.260,        1.0,        0.0,        0.0,      0.000,      0.000,      99000,     118125,    618.012,      0.000,       0.43,       0.12,     120.36,       0.00,       -249
100,     461.36,     686617,     621.87,     621.87,     621.87,       0.00,       0.00,     461.36,       0.00,     1750.6,     1750.6,     -0.667,     -0.000,      1.260,        1.0,        0.0,        0.0,      0.000,      0.000,      99000,     118125,    621.350,      0.000,       0.42,       0.11,     120.38,       0.00,       -250
101,     466.20,     677240,     621.87,     621.87,     621.87,       0.00,       0.00,     466.20,       0.00,     1744.8,     1744.8,     -0.661,     -0.000,      1.260,        1.0,        0.0,        0.0,      0.000,      0.000,      99000,     118125,    624.614,      0.000,       0.40,       0.11,     120.40,       0.00,       -250
102,     471.00,     668165,     621.87,     621.87,     621.87,       0.00,       0.00,     471.00,       0.00,     1739.2,     1739.2,     -0.655,     -0.000,      1.260,        1.0,        0.0,        0.0,      0.000,      0.000,      99000,     118125,    627.805,      0.000,       0.38,       0.11,     120.41,       0.00,       -251
103,     475.76,     659380,     621.87,     621.87,     621.87,       0.00,       0.00,     475.76,       0.00,     1733.7,     1733.7,     -0.650,     -0.000,      1.260,        1.0,        0.0,        0.0,      0.000,      0.000,      99000,     118125,    630.925,      0.000,       0.37,       0.10,     120.43,       0.00,       -252
104,     480.46,     650875,     621.87,     621.87,     621.87,       0.00,       0.00,     480.46,       0.00,     1728.3,     1728.3,     -0.644,     -0.000,      1.261,        1.0,        0.0,        0.0,      0.000,      0.000,      99000,     118125,    633.975,      0.000,       0.36,       0.10,     120.44,       0.00,       -252
105,     485.13,     642641,     621.87,     621.87,     621.87,       0.00,       0.00,     485.13,       0.00,     1723.0,     1723.0,     -0.639,     -0.000,      1.261,        1.0,        0.0,        0.0,      0.000,      0.000,      99000,     118125,    636.957,      0.000,       0.34,       0.09,     120.46,       0.00,       -253
106,     489.74,     634666,     621.87,     621.87,     621.87,       0.00,       0.00,     489.74,       0.00,     1717.8,     1717.8,     -0.634,     -0.000,      1.261,        1.0,        0.0,        0.0,      0.000,      0.000,      99000,     118125,    639.871,      0.000,       0.33,       0.09,     120.47,       0.00,       -253
107,     494.31,     626943,     621.87,     621.87,     621.87,       0.00,       0.00,     494.31,       0.00,     1712.7,     1712.7,     -0.629,     -0.000,      1.261,        1.0,        0.0,        0.0,      0.000,      0.000,      99000,     118125,    642.719,      0.000,       0.32,       0.09,     120.48,       0.00,       -254
108,     498.83,     619462,     621.87,     621.87,     621.87,       0.00,       0.00,     498.83,       0.00,     1707.8,     1707.8,     -0.624,     -0.000,      1.261,        1.0,        0.0,        0.0,      0.000,      0.000,      99000,     118125,    645.502,      0.000,       0.31,       0.08,     120.49,       0.00,       -255
109,     503.30,     612214,     621.87,     621.87,     621.87,       0.00,       0.00,     503.30,       0.00,     1702.9,     1702.9,     -0.619,     -0.000,      1.261,        1.0,        0.0,        0.0,      0.000,      0.000,      99000,     118125,    648.222,      0.000,       0.30,       0.08,     120.51,       0.00,       -255
110,     507.71,     605193,     621.87,     621.87,     621.87,       0.00,       0.00,     507.71,       0.00,     1698.2,     1698.2,     -0.615,     -0.000,      1.262,        1.0,        0.0,        0.0,      0.000,      0.000,      99000,     118125,    650.879,      0.000,       0.29,       0.08,     120.52,       0.00,       -256
111,     512.08,     598389,     621.87,     621.87,     621.87,       0.00,       0.00,     512.08,       0.00,     1693.5,     1693.5,     -0.611,     -0.000,      1.262,        1.0,        0.0,        0.0,      0.000,      0.000,      99000,     118125,    653.475,      0.000,       0.28,       0.08,     120.53,       0.00,       -257
112,     516.39,     591796,     621.87,     621.87,     621.87,       0.00,       0.00,     516.39,       0.00,     1689.0,     1689.0,     -0.606,     -0.000,      1.262,        1.0,        0.0,        0.0,      0.000,      0.000,      99000,     118125,    656.012,      0.000,       0.27,       0.07,     120.54,       0.00,       -257
113,     520.65,     585407,     621.87,     621.87,     621.87,       0.00,       0.00,     520.65,       0.00,     1684.5,     1684.5,     -0.602,     -0.000,      1.262,        1.0,        0.0,        0.0,      0.000,      0.000,      99000,     118125,    658.489,      0.000,       0.26,       0.07,     120.55,       0.00,       -258
114,     524.85,     579214,     621.87,     621.87,     621.87,       0.00,       0.00,     524.85,       0.00,     1680.2,     1680.2,     -0.598,     -0.000,      1.262,        1.0,        0.0,        0.0,      0.000,      0.000,      99000,     118125,    660.908,      0.000,       0.25,       0.07,     120.56,       0.00,       -258
115,     529.00,     573212,     621.87,     621.87,     621.87,       0.00,       0.00,     529.00,       0.00,     1675.9,     1675.9,     -0.594,     -0.000,      1.262,        1.0,        0.0,        0.0,      0.000,      0.000,      99000,     118125,    663.270,      0.000,       0.24,       0.07,     120.56,       0.00,       -259
116,     533.09,     567394,     621.87,     621.87,     621.87,       0.00,       0.00,     533.09,       0.00,     1671.8,     1671.8,     -0.590,     -0.000,      1.262,        1.0,        0.0,        0.0,      0.000,      0.000,      99000,     118125,    665.577,      0.000,       0.24,       0.07,     120.57,       0.00,       -260
117,     537.13,     561754,     621.87,     621.87,     621.87,       0.00,       0.00,     537.13,       0.00,     1667.7,     1667.7,     -0.587,     -0.000,      1.262,        1.0,        0.0,        0.0,      0.000,      0.000,      99000,     118125,    667.829,      0.000,       0.23,       0.06,     120.58,       0.00,       -260
118,     541.11,     556286,     621.87,     621.87,     621.87,       0.00,       0.00,     541.11,       0.00,     1663.7,     1663.7,     -0.583,     -0.000,      1.263,        1.0,        0.0,        0.0,      0.000,      0.000,      99000,     118125,    670.027,      0.000,       0.22,       0.06,     120.59,       0.00,       -261
119,     545.03,     550985,     621.87,     621.87,     621.87,       0.00,       0.00,     545.03,       0.00,     1659.8,     1659.8,     -0.580,     -0.000,      1.263,        1.0,        0.0,        0.0,      0.000,      0.000,      99000,     118125,    672.173,      0.000,       0.22,       0.06,     120.59,       0.00,       -261
120,     548.90,     545846,     621.87,     621.87,     621.87,       0.00,       0.00,     548.90,       0.00,     1656.0,     1656.0,     -0.576,     -0.000,      1.263,        1.0,        0.0,        0.0,      0.000,      0.000,      99000,     118125,    674.266,      0.000,       0.21,       0.06,     120.60,       0.00,       -262
121,     552.70,     540863,     621.87,     621.87,     621.87,       0.00,       0.00,     552.70,       0.00,     1652.3,     1652.3,     -0.573,     -0.000,      1.263,        1.0,        0.0,        0.0,      0.000,      0.000,      99000,     118125,    676.308,      0.000,       0.20,       0.06,     120.61,       0.00,       -262
122,     556.45,     536032,     621.87,     621.87,     621.87,       0.00,       0.00,     556.45,       0.00,     1648.6,     1648.6,     -0.570,     -0.000,      1.263,        1.0,        0.0,        0.0,      0.000,      0.000,      99000,     118125,    678.301,      0.000,       0.20,       0.05,     120.61,       0.00,       -263
123,     560.14,     531349,     621.87,     621.87,     621.87,       0.00,       0.00,     560.14,       0.00,     1645.0,     1645.0,     -0.567,     -0.000,      1.263,        1.0,        0.0,        0.0,      0.000,      0.000,      99000,     118125,    680.244,      0.000,       0.19,       0.05,     120.62,       0.00,       -264
124,     563.76,     526807,     621.87,     621.87,     621.87,       0.00,       0.00,     563.76,       0.00,     1641.5,     1641.5,     -0.564,     -0.000,      1.263,        1.0,        0.0,        0.0,      0.000,      0.000,      99000,     118125,    682.138,      0.000,       0.19,       0.05,     120.63,       0.00,       -264
125,     567.33,     522405,     621.87,     621.87,     621.87,       0.00,       0.00,     567.33,       0.00,     1638.1,     1638.1,     -0.561,     -0.000,      1.263,        1.0,        0.0,        0.0,      0.000,      0.000,      99000,     118125,    683.986,      0.000,       0.18,       0.05,     120.63,       0.00,       -265
126,     570.84,     518136,     621.87,     621.87,     621.87,       0.00,       0.00,     570.84,       0.00,     1634.8,     1634.8,     -0.558,     -0.000,      1.263,        1.0,        0.0,        0.0,      0.000,      0.000,      99000,     118125,    685.786,      0.000,       0.18,       0.05,     120.64,       0.00,       -265
127,     574.28,     513998,     621.87,     621.87,     621.87,       0.00,       0.00,     574.28,       0.00,     1631.5,     1631.5,     -0.555,     -0.000,      1.264,        1.0,        0.0,        0.0,      0.000,      0.000,      99000,     118125,    687.540,      0.000,       0.17,       0.05,     120.64,       0.00,       -266
128,     577.66,     509987,     621.87,     621.87,     621.87,       0.00,       0.00,     577.66,       0.00,     1628.3,     1628.3,     -0.552,     -0.000,      1.264,        1.0,        0.0,        0.0,      0.000,      0.000,      99000,     118125,    689.249,      0.000,       0.17,       0.05,     120.65,       0.00,       -266
129,     580.98,     506099,     621.87,     621.87,     621.87,       0.00,       0.00,     580.98,       0.00,     1625.2,     1625.2,     -0.550,     -0.000,      1.264,        1.0,        0.0,        0.0,      0.000,      0.000,      99000,     118125,    690.914,      0.000,       0.17,       0.05,     120.65,       0.00,       -267
130,     584.24,     502330,     621.87,     621.87,     621.87,       0.00,       0.00,     584.24,       0.00,     1622.2,     1622.2,     -0.547,     -0.000,      1.264,        1.0,        0.0,        0.0,      0.000,      0.000,      99000,     118125,    692.535,      0.000,       0.16,       0.04,     120.65,       0.00,       -267
131,     587.44,     498677,     621.87,     621.87,     621.87,       0.00,       0.00,     587.44,       0.00,     1619.2,     1619.2,     -0.545,     -0.000,      1.264,        1.0,        0.0,        0.0,      0.000,      0.000,      99000,     118125,    694.113,      0.000,       0.16,       0.04,     120.66,       0.00,       -268
132,     590.57,     495138,     621.87,     621.87,     621.87,       0.00,       0.00,     590.57,       0.00,     1616.3,     1616.3,     -0.542,     -0.000,      1.264,        1.0,        0.0,        0.0,      0.000,      0.000,      99000,     118125,    695.648,      0.000,       0.15,       0.04,     120.66,       0.00,       -269
133,     593.64,     491708,     621.87,     621.87,     621.87,       0.00,       0.00,     593.64,       0.00,     1613.4,     1613.4,     -0.540,     -0.000,      1.264,        1.0,        0.0,        0.0,      0.000,      0.000,      99000,     118125,    697.142,      0.000,       0.15,       0.04,     120.67,       0.00,       -269
134,     596.64,     488385,     621.87,     621.87,     621.87,       0.00,       0.00,     596.64,       0.00,     1610.6,     1610.6,     -0.538,     -0.000,      1.264,        1.0,        0.0,        0.0,      0.000,      0.000,      99000,     118125,    698.594,      0.000,       0.15,       0.04,     120.67,       0.00,       -270
135,     599.59,     485167,     621.87,     621.87,     621.87,       0.00,       0.00,     599.59,       0.00,     1607.9,     1607.9,     -0.536,     -0.000,      1.264,        1.0,        0.0,        0.0,      0.000,      0.000,      99000,     118125,    700.006,      0.000,       0.14,       0.04,     120.67,       0.00,       -270
136,     602.47,     482049,     621.87,     621.87,     621.87,       0.00,       0.00,     602.47,       0.00,     1605.2,     1605.2,     -0.533,     -0.000,      1.264,        1.0,        0.0,        0.0,      0.000,      0.000,      99000,     118125,    701.379,      0.000,       0.14,       0.04,     120.68,       0.00,       -271
137,     605.28,     479031,     621.87,     621.87,     621.87,       0.00,       0.00,     605.28,       0.00,     1602.6,     1602.6,     -0.531,     -0.000,      1.265,        1.0,        0.0,        0.0,      0.000,      0.000,      99000,     118125,    702.712,      0.000,       0.14,       0.04,     120.68,       0.00,       -271
138,     608.03,     476109,     621.87,     621.87,     621.87,       0.00,       0.00,     608.03,       0.00,     1600.1,     1600.1,     -0.529,     -0.000,      1.265,        1.0,        0.0,        0.0,      0.000,      0.000,      99000,     118125,    704.006,      0.000,       0.13,       0.04,     120.68,       0.00,       -272
139,     610.72,     473281,     621.87,     621.87,     621.87,       0.00,       0.00,     610.72,       0.00,     1597.6,     1597.6,     -0.527,     -0.000,      1.265,        1.0,        0.0,        0.0,      0.000,      0.000,      99000,     118125,    705.263,      0.000,       0.13,       0.04,     120.69,       0.00,       -272
140,     613.34,     470294,     621.87,     621.87,     621.87,       0.00,       0.00,     613.34,       0.00,     1594.4,     1594.4,     -1.097,     -0.000,      1.265,        1.0,        0.0,        0.0,      0.000,      0.000,      99000,     118125,    705.263,     -1.218,       0.13,       0.04,     120.69,       0.00,       -273
141,     615.90,     467392,     621.87,     621.87,     621.87,       0.00,       0.01,     615.90,       0.00,     1591.2,     1591.2,     -1.093,     -0.000,      1.265,        1.0,        0.0,        0.5,      0.000,      0.381,      99000,     118221,    705.263,     -2.399,       0.13,       0.03,     120.69,       0.00,       -275
142,     618.39,     464572,     621.85,     621.87,     621.87,       0.00,       0.02,     618.39,       0.00,     1588.0,     1588.0,     -1.088,     -0.000,      1.265,        1.0,        0.0,        0.9,      0.000,      0.762,      99000,     118303,    705.263,     -3.542,       0.12,       0.03,     120.70,       0.00,       -276
143,     620.82,     461829,     621.82,     621.85,     621.85,       0.00,       0.03,     620.82,       0.00,     1584.9,     1584.9,     -1.084,     -0.000,      1.265,        1.0,        0.0,        1.7,      0.000,      1.369,      99000,     118445,    705.263,     -4.649,       0.12,       0.03,     120.70,       0.00,       -277
144,     623.18,     459156,     621.78,     621.82,     621.82,       0.00,       0.04,     623.18,       0.00,     1581.9,     1581.9,     -1.080,     -0.000,      1.265,        1.0,        0.0,        2.6,      0.000,      2.126,      99000,     118629,    705.263,     -5.719,       0.12,       0.03,     120.70,       0.00,       -278
145,     625.48,     456551,     621.71,     621.78,     621.78,       0.00,       0.06,     625.48,       0.00,     1578.9,     1578.9,     -1.075,     -0.000,      1.265,        1.0,        0.0,        3.7,      0.000,      2.956,      99000,     118838,    705.263,     -6.754,       0.11,       0.03,     120.71,       0.00,       -279
146,     627.72,     454006,     621.63,     621.71,     621.71,       0.00,       0.09,     627.72,       0.00,     1576.0,     1576.0,     -1.071,     -0.000,      1.265,        1.0,        0.0,        5.1,      0.000,      4.084,      99000,     119125,    705.263,     -7.754,       0.11,       0.03,     120.71,       0.00,       -280
147,     629.89,     451520,     621.52,     621.63,     621.63,       0.00,       0.11,     629.89,       0.00,     1573.0,     1573.0,     -1.067,     -0.000,      1.266,        1.0,        0.0,        6.5,      0.000,      5.207,      99000,     119421,    705.263,     -8.719,       0.11,       0.03,     120.71,       0.00,       -281
148,     631.99,     449079,     621.38,     621.52,     621.52,       0.00,       0.14,     631.99,       0.00,     1570.2,     1570.2,     -1.063,     -0.000,      1.266,        1.0,        0.0,        8.7,      0.000,      6.924,      99000,     119866,    705.263,     -9.649,       0.10,       0.03,     120.72,       0.00,       -282
149,     634.03,     446679,     621.19,     621.38,     621.38,       0.00,       0.18,     634.03,       0.00,     1567.3,     1567.3,     -1.059,     -0.000,      1.266,        1.0,        0.0,       11.1,      0.000,      8.781,      99000,     120356,    705.263,    -10.546,       0.10,       0.03,     120.72,       0.00,       -283
150,     636.01,     444315,     620.97,     621.19,     621.19,       0.00,       0.23,     636.01,       0.00,     1564.5,     1564.5,     -1.055,     -0.000,      1.266,        1.0,        0.0,       13.7,      0.000,     10.828,      99000,     120908,    705.263,    -11.409,       0.10,       0.03,     120.72,       0.00,       -284
151,     637.92,     441980,     620.70,     620.97,     620.97,       0.00,       0.27,     637.92,       0.00,     1561.7,     1561.7,     -1.051,     -0.000,      1.266,        1.0,        0.0,       16.7,      0.000,     13.165,      99000,     121547,    705.263,    -12.239,       0.10,       0.03,     120.72,       0.00,       -285
152,     639.76,     439674,     620.37,     620.70,     620.70,       0.00,       0.32,     639.76,       0.00,     1558.9,     1558.9,     -1.046,     -0.000,      1.266,        1.0,        0.0,       19.7,      0.000,     15.486,      99000,     122201,    705.263,    -13.036,       0.09,       0.03,     120.73,       0.00,       -286
153,     641.54,     437370,     619.98,     620.37,     620.37,       0.00,       0.40,     641.54,       0.00,     1556.1,     1556.1,     -1.042,     -0.000,      1.266,        1.0,        0.0,       24.4,      0.000,     19.072,      99000,     123174,    705.263,    -13.800,       0.09,       0.03,     120.73,       0.00,       -287
154,     643.26,     435060,     619.49,     619.98,     619.98,       0.00,       0.48,     643.26,       0.00,     1553.3,     1553.3,     -1.038,     -0.000,      1.266,        1.0,        0.0,       29.6,      0.000,     23.026,      99000,     124258,    705.263,    -14.532,       0.09,       0.03,     120.73,       0.00,       -288
155,     644.91,     432732,     618.92,     619.49,     619.49,       0.00,       0.58,     644.91,       0.00,     1550.4,     1550.4,     -1.033,     -0.000,      1.266,        1.0,        0.0,       35.4,      0.000,     27.456,      99000,     125493,    705.263,    -15.232,       0.09,       0.02,     120.73,       0.00,       -289
156,     646.49,     430370,     618.23,     618.92,     618.92,       0.00,       0.69,     646.49,       0.00,     1547.6,     1547.6,     -1.029,     -0.000,      1.266,        1.0,        0.0,       42.5,      0.000,     32.742,      99000,     126978,    705.263,    -15.900,       0.09,       0.02,     120.74,       0.00,       -290
157,     648.01,     427971,     617.42,     618.23,     618.23,       0.00,       0.80,     648.01,       0.00,     1544.7,     1544.7,     -1.024,     -0.000,      1.267,        1.0,        0.0,       49.6,      0.000,     37.965,      99000,     128498,    705.263,    -16.537,       0.08,       0.02,     120.74,       0.00,       -291
158,     649.47,     425504,     616.47,     617.42,     617.42,       0.00,       0.96,     649.47,       0.00,     1541.8,     1541.8,     -1.019,     -0.000,      1.267,        1.0,        0.0,       59.0,      0.000,     44.781,      99000,     130467,    705.263,    -17.142,       0.08,       0.02,     120.74,       0.00,       -292
159,     650.86,     422966,     615.36,     616.47,     616.47,       0.00,       1.11,     650.86,       0.00,     1538.7,     1538.7,     -1.013,     -0.000,      1.267,        1.0,        0.0,       68.4,      0.000,     51.567,      99000,     132491,    705.263,    -17.716,       0.08,       0.02,     120.74,       0.00,       -293
160,     652.18,     420341,     614.08,     615.36,     615.36,       0.00,       1.28,     652.18,       0.00,     1535.6,     1535.6,     -1.008,     -0.000,      1.267,        1.0,        0.0,       78.9,      0.000,     59.011,      99000,     134754,    705.263,    -18.260,       0.08,       0.02,     120.75,       0.00,       -294
161,     653.44,     417620,     612.62,     614.08,     614.08,       0.00,       1.46,     653.44,       0.00,     1532.4,     1532.4,     -1.002,     -0.000,      1.267,        1.0,        0.0,       90.3,      0.000,     66.926,      99000,     137214,    705.263,    -18.772,       0.08,       0.02,     120.75,       0.00,       -295
162,     654.64,     414797,     610.98,     612.62,     612.62,       0.00,       1.65,     654.64,       0.00,     1529.1,     1529.1,     -0.995,     -0.000,      1.267,        1.0,        0.0,      101.9,      0.000,     74.932,      99000,     139776,    705.263,    -19.255,       0.07,       0.02,     120.75,       0.00,       -296
163,     655.77,     411850,     609.11,     610.98,     610.98,       0.00,       1.86,     655.77,       0.00,     1525.7,     1525.7,     -0.988,     -0.000,      1.267,        1.0,        0.0,      115.2,      0.000,     83.900,      99000,     142671,    705.263,    -19.707,       0.07,       0.02,     120.75,       0.00,       -297
164,     656.83,     408780,     607.04,     609.11,     609.11,       0.00,       2.07,     656.83,       0.00,     1522.2,     1522.2,     -0.981,     -0.000,      1.267,        1.0,        0.0,      128.4,      0.000,     92.728,      99000,     145611,    705.263,    -20.130,       0.07,       0.02,     120.75,       0.00,       -298
165,     657.83,     405567,     604.73,     607.04,     607.04,       0.00,       2.31,     657.83,       0.00,     1518.5,     1518.5,     -0.974,     -0.000,      1.267,        1.0,        0.0,      143.0,      0.000,    102.375,      99000,     148858,    705.263,    -20.523,       0.07,       0.02,     120.76,       0.00,       -299
166,     658.77,     402206,     602.18,     604.73,     604.73,       0.00,       2.55,     658.77,       0.00,     1514.7,     1514.7,     -0.966,     -0.000,      1.268,        1.0,        0.0,      158.2,      0.000,    112.172,      99000,     152235,    705.263,    -20.886,       0.06,       0.02,     120.76,       0.00,       -300
167,     659.64,     398702,     599.39,     602.18,     602.18,       0.00,       2.79,     659.64,       0.00,     1510.7,     1510.7,     -0.957,     -0.000,      1.268,        1.0,        0.0,      173.6,      0.000,    121.736,      99000,     155634,    705.263,    -21.221,       0.06,       0.02,     120.76,       0.00,       -301
168,     660.45,     395077,     596.39,     599.39,     599.39,       0.00,       3.00,     660.45,       0.00,     1506.5,     1506.5,     -0.949,     -0.000,      1.268,        1.0,        0.0,      189.7,      0.000,    130.323,      99000,     158831,    705.263,    -21.527,       0.06,       0.02,     120.76,       0.00,       -302
169,     661.19,     391339,     593.18,     596.39,     596.39,       0.00,       3.21,     661.19,       0.00,     1502.2,     1502.2,     -0.939,     -0.000,      1.268,        1.0,        0.0,      205.8,      0.000,    138.587,      99000,     161991,    705.263,    -21.805,       0.06,       0.02,     120.77,       0.00,       -303
170,     661.87,     387485,     589.76,     593.18,     593.18,       0.00,       3.42,     661.87,       0.00,     1497.8,     1497.8,     -0.930,     -0.000,      1.268,        1.0,        0.0,      222.7,      0.000,    147.001,      99000,     165233,    705.263,    -22.055,       0.06,       0.02,     120.77,       0.00,       -304
171,     662.48,     383523,     586.14,     589.76,     589.76,       0.00,       3.62,     662.48,       0.00,     1493.2,     1493.2,     -0.920,     -0.000,      1.268,        1.0,        0.0,      239.8,      0.000,    155.115,      99000,     168417,    705.263,    -22.278,       0.05,       0.01,     120.77,       0.00,       -305
172,     663.03,     379457,     582.32,     586.14,     586.14,       0.00,       3.82,     663.03,       0.00,     1488.5,     1488.5,     -0.910,     -0.000,      1.269,        1.0,        0.0,      257.0,      0.000,    163.051,      99000,     171576,    705.263,    -22.474,       0.05,       0.01,     120.77,       0.00,       -306
173,     663.52,     375294,     578.31,     582.32,     582.32,       0.00,       4.01,     663.52,       0.00,     1483.7,     1483.7,     -0.899,     -0.000,      1.269,        1.0,        0.0,      274.5,      0.000,    170.788,      99000,     174696,    705.263,    -22.643,       0.05,       0.01,     120.78,       0.00,       -307
174,     663.94,     371046,     574.12,     578.31,     578.31,       0.00,       4.19,     663.94,       0.00,     1478.7,     1478.7,     -0.888,     -0.000,      1.269,        1.0,        0.0,      291.7,      0.000,    178.100,      99000,     177704,    705.263,    -22.787,       0.05,       0.01,     120.78,       0.00,       -308
175,     664.29,     366737,     569.79,     574.12,     574.12,       0.00,       4.33,     664.29,       0.00,     1473.6,     1473.6,     -0.877,     -0.000,      1.269,        1.0,        0.0,      307.1,      0.000,    184.434,      99000,     180412,    705.263,    -22.905,       0.04,       0.01,     120.78,       0.00,       -309
176,     664.58,     362376,     565.31,     569.79,     569.79,       0.00,       4.47,     664.58,       0.00,     1468.4,     1468.4,     -0.866,     -0.000,      1.269,        1.0,        0.0,      322.6,      0.000,    190.563,      99000,     183058,    705.263,    -22.999,       0.04,       0.01,     120.78,       0.00,       -309
177,     664.81,     357939,     560.67,     565.31,     565.31,       0.00,       4.64,     664.81,       0.00,     1463.1,     1463.1,     -0.855,     -0.000,      1.270,        1.0,        0.0,      339.1,      0.000,    197.611,      99000,     186012,    705.263,    -23.068,       0.04,       0.01,     120.79,       0.00,       -310
178,     664.97,     353412,     555.85,     560.67,     560.67,       0.00,       4.82,     664.97,       0.00,     1457.6,     1457.6,     -0.843,     -0.000,      1.270,        1.0,        0.0,      356.6,      0.000,    205.391,      99000,     189237,    705.263,    -23.113,       0.04,       0.01,     120.79,       0.00,       -311
179,     665.06,     348801,     550.85,     555.85,     555.85,       0.00,       5.00,     665.06,       0.00,     1452.1,     1452.1,     -0.831,     -0.000,      1.270,        1.0,        0.0,      374.1,      0.000,    213.036,      99000,     192458,    705.263,    -23.136,       0.04,       0.01,     120.79,       0.00,       -312
180,     665.10,     344110,     545.68,     550.85,     550.85,       0.00,       5.17,     665.10,       0.00,     1446.4,     1446.4,     -0.819,     -0.000,      1.270,        1.0,        0.0,      391.6,      0.000,    220.556,      99000,     195683,    705.263,    -23.136,       0.03,       0.01,     120.79,       0.00,       -313
181,     665.06,     339347,     540.35,     545.68,     545.68,       0.00,       5.33,     665.06,       0.00,     1440.6,     1440.6,     -0.806,     -0.000,      1.270,        1.0,        0.0,      409.1,      0.000,    227.959,      99000,     198915,    705.263,    -23.114,       0.03,       0.01,     120.79,       0.00,       -314
182,     664.97,     334520,     534.87,     540.35,     540.35,       0.00,       5.48,     664.97,       0.00,     1434.6,     1434.6,     -0.793,     -0.000,      1.271,        1.0,        0.0,      426.2,      0.000,    235.101,      99000,     202104,    705.263,    -23.071,       0.03,       0.01,     120.80,       0.00,       -314
183,     664.81,     329636,     529.24,     534.87,     534.87,       0.00,       5.63,     664.81,       0.00,     1428.5,     1428.5,     -0.781,     -0.000,      1.271,        1.0,        0.0,      443.2,      0.000,    242.088,      99000,     205286,    705.263,    -23.007,       0.03,       0.01,     120.80,       0.00,       -315
184,     664.58,     324700,     523.48,     529.24,     529.24,       0.00,       5.76,     664.58,       0.00,     1422.3,     1422.3,     -0.768,     -0.000,      1.271,        1.0,        0.0,      460.2,      0.000,    248.984,      99000,     208488,    705.263,    -22.923,       0.03,       0.01,     120.80,       0.00,       -316
185,     664.29,     319718,     517.59,     523.48,     523.48,       0.00,       5.89,     664.29,       0.00,     1416.0,     1416.0,     -0.754,     -0.000,      1.271,        1.0,        0.0,      477.2,      0.000,    255.797,      99000,     211717,    705.263,    -22.820,       0.02,       0.01,     120.80,       0.00,       -317
186,     663.94,     314708,     511.59,     517.59,     517.59,       0.00,       6.00,     663.94,       0.00,     1409.6,     1409.6,     -0.741,     -0.000,      1.272,        1.0,        0.0,      494.2,      0.000,    261.905,      99000,     214737,    705.263,    -22.698,       0.02,       0.01,     120.80,       0.00,       -317
187,     663.52,     309703,     505.52,     511.59,     511.59,       0.00,       6.07,     663.52,       0.00,     1403.1,     1403.1,     -0.728,     -0.000,      1.272,        1.0,        0.0,      510.8,      0.000,    266.736,      99000,     217305,    705.263,    -22.558,       0.02,       0.01,     120.81,       0.00,       -318
188,     663.03,     304708,     499.39,     505.52,     505.52,       0.00,       6.13,     663.03,       0.00,     1396.5,     1396.5,     -0.715,     -0.000,      1.272,        1.0,        0.0,      527.4,      0.000,    271.398,      99000,     219836,    705.263,    -22.401,       0.02,       0.01,     120.81,       0.00,       -319
189,     662.48,     299727,     493.21,     499.39,     499.39,       0.00,       6.18,     662.48,       0.00,     1389.8,     1389.8,     -0.701,     -0.000,      1.273,        1.0,        0.0,      543.9,      0.000,    275.908,      99000,     222339,    705.263,    -22.227,       0.02,       0.01,     120.81,       0.00,       -320
190,     661.87,     294766,     486.99,     493.21,     493.21,       0.00,       6.23,     661.87,       0.00,     1383.2,     1383.2,     -0.688,     -0.000,      1.273,        1.0,        0.0,      560.4,      0.000,    280.268,      99000,     224810,    705.263,    -22.037,       0.02,       0.01,     120.81,       0.00,       -320
191,     661.19,     289847,     480.74,     486.99,     486.99,       0.00,       6.25,     661.19,       0.00,     1376.4,     1376.4,     -0.675,     -0.000,      1.273,        1.0,        0.0,      576.9,      0.000,    281.676,      99000,     226256,    705.263,    -21.831,       0.02,       0.00,     120.81,       0.00,       -321
192,     660.45,     285011,     474.52,     480.74,     480.74,       0.00,       6.23,     660.45,       0.00,     1369.7,     1369.7,     -0.662,     -0.000,      1.273,        1.0,        0.0,      593.0,      0.000,    279.475,      99000,     226143,    705.263,    -21.610,       0.02,       0.00,     120.81,       0.00,       -322
193,     659.64,     280271,     468.33,     474.52,     474.52,       0.00,       6.18,     659.64,       0.00,     1363.0,     1363.0,     -0.649,     -0.000,      1.274,        1.0,        0.0,      609.1,      0.000,    276.832,      99000,     225759,    705.263,    -21.375,       0.01,       0.00,     120.81,       0.00,       -322
194,     658.77,     275639,     462.21,     468.33,     468.33,       0.00,       6.12,     658.77,       0.00,     1356.4,     1356.4,     -0.637,     -0.000,      1.274,        1.0,        0.0,      624.8,      0.000,    273.642,      99000,     225159,    705.263,    -21.126,       0.01,       0.00,     120.82,       0.00,       -323
195,     657.83,     271139,     456.18,     462.21,     462.21,       0.00,       6.03,     657.83,       0.00,     1349.9,     1349.9,     -0.625,     -0.000,      1.274,        1.0,        0.0,      640.4,      0.000,    269.504,      99000,     224142,    705.263,    -20.863,       0.01,       0.00,     120.82,       0.00,       -324
196,     656.83,     266788,     450.27,     456.18,     456.18,       0.00,       5.91,     656.83,       0.00,     1343.6,     1343.6,     -0.613,     -0.000,      1.275,        1.0,        0.0,      655.8,      0.000,    264.607,      99000,     222777,    705.263,    -20.587,       0.01,       0.00,     120.82,       0.00,       -324
197,     655.77,     262586,     444.49,     450.27,     450.27,       0.00,       5.78,     655.77,       0.00,     1337.3,     1337.3,     -0.602,     -0.000,      1.275,        1.0,        0.0,      670.9,      0.000,    259.676,      99000,     221346,    705.263,    -20.299,       0.01,       0.00,     120.82,       0.00,       -325
198,     654.64,     258529,     438.83,     444.49,     444.49,       0.00,       5.66,     654.64,       0.00,     1331.3,     1331.3,     -0.591,     -0.000,      1.275,        1.0,        0.0,      686.1,      0.000,    254.786,      99000,     219890,    705.263,    -19.998,       0.01,       0.00,     120.82,       0.00,       -325
199,     653.44,     254615,     433.29,     438.83,     438.83,       0.00,       5.53,     653.44,       0.00,     1325.4,     1325.4,     -0.580,     -0.000,      1.276,        1.0,        0.0,      699.5,      0.000,    250.017,      99000,     218314,    705.263,    -19.686,       0.01,       0.00,     120.82,       0.00,       -326
200,     652.18,     250841,     427.89,     433.29,     433.29,       0.00,       5.41,     652.18,       0.00,     1319.6,     1319.6,     -0.570,     -0.000,      1.276,        1.0,        0.0,      712.8,      0.000,    245.218,      99000,     216753,    705.263,    -19.361,       0.01,       0.00,     120.82,       0.00,       -327
201,     650.86,     247206,     422.60,     427.89,     427.89,       0.00,       5.28,     650.86,       0.00,     1314.0,     1314.0,     -0.560,     -0.000,      1.276,        1.0,        0.0,      726.4,      0.000,    240.423,      99000,     215170,    705.263,    -19.026,       0.01,       0.00,     120.82,       0.00,       -327
202,     649.47,     243712,     417.45,     422.60,     422.60,       0.00,       5.15,     649.47,       0.00,     1308.5,     1308.5,     -0.550,     -0.000,      1.276,        1.0,        0.0,      740.6,      0.000,    235.389,      99000,     213498,    705.263,    -18.679,       0.01,       0.00,     120.82,       0.00,       -328
203,     648.01,     240355,     412.43,     417.45,     417.45,       0.00,       5.02,     648.01,       0.00,     1303.2,     1303.2,     -0.541,     -0.000,      1.277,        1.0,        0.0,      754.8,      0.000,    230.408,      99000,     211850,    705.263,    -18.321,       0.01,       0.00,     120.82,       0.00,       -328
204,     646.49,     237133,     407.54,     412.43,     412.43,       0.00,       4.89,     646.49,       0.00,     1298.0,     1298.0,     -0.532,     -0.000,      1.277,        1.0,        0.0,      768.5,      0.000,    225.465,      99000,     210222,    705.263,    -17.953,       0.01,       0.00,     120.82,       0.00,       -329
205,     644.91,     234042,     402.78,     407.54,     407.54,       0.00,       4.76,     644.91,       0.00,     1292.9,     1292.9,     -0.523,     -0.000,      1.277,        1.0,        0.0,      782.2,      0.000,    220.586,      99000,     208625,    705.263,    -17.575,       0.01,       0.00,     120.82,       0.00,       -329
206,     643.26,     231078,     398.14,     402.78,     402.78,       0.00,       4.64,     643.26,       0.00,     1288.1,     1288.1,     -0.515,     -0.000,      1.277,        1.0,        0.0,      795.7,      0.000,    215.771,      99000,     207059,    705.263,    -17.186,       0.01,       0.00,     120.82,       0.00,       -330
207,     641.54,     228236,     393.62,     398.14,     398.14,       0.00,       4.52,     641.54,       0.00,     1283.3,     1283.3,     -0.507,     -0.000,      1.278,        1.0,        0.0,      808.9,      0.000,    211.104,      99000,     205554,    705.263,    -16.787,       0.01,       0.00,     120.82,       0.00,       -330
208,     639.76,     225509,     389.21,     393.62,     393.62,       0.00,       4.41,     639.76,       0.00,     1278.7,     1278.7,     -0.499,     -0.000,      1.278,        1.0,        0.0,      822.1,      0.000,    206.693,      99000,     204153,    705.263,    -16.378,       0.00,       0.00,     120.82,       0.00,       -331
209,     637.92,     222894,     384.91,     389.21,     389.21,       0.00,       4.30,     637.92,       0.00,     1274.2,     1274.2,     -0.492,     -0.000,      1.278,        1.0,        0.0,      834.4,      0.000,    202.311,      99000,     202763,    705.263,    -15.960,       0.00,       0.00,     120.82,       0.00,       -331
210,     636.01,     220389,     380.72,     384.91,     384.91,       0.00,       4.19,     636.01,       0.00,     1269.9,     1269.9,     -0.485,     -0.000,      1.278,        1.0,        0.0,      846.7,      0.000,    198.016,      99000,     201403,    705.263,    -15.532,       0.00,       0.00,     120.83,       0.00,       -332
211,     634.03,     217989,     376.63,     380.72,     380.72,       0.00,       4.09,     634.03,       0.00,     1265.7,     1265.7,     -0.478,     -0.000,      1.279,        1.0,        0.0,      858.9,      0.000,    193.820,      99000,     200071,    705.263,    -15.094,       0.00,       0.00,     120.83,       0.00,       -332
212,     631.99,     215692,     372.64,     376.63,     376.63,       0.00,       3.99,     631.99,       0.00,     1261.6,     1261.6,     -0.471,     -0.000,      1.279,        1.0,        0.0,      871.2,      0.000,    189.734,      99000,     198770,    705.263,    -14.647,       0.00,       0.00,     120.83,       0.00,       -333
213,     629.89,     213494,     368.75,     372.64,     372.64,       0.00,       3.89,     629.89,       0.00,     1257.6,     1257.6,     -0.465,     -0.000,      1.279,        1.0,        0.0,      883.2,      0.000,    185.760,      99000,     197495,    705.263,    -14.191,       0.00,       0.00,     120.83,       0.00,       -333
214,     627.72,     211392,     364.96,     368.75,     368.75,       0.00,       3.79,     627.72,       0.00,     1253.8,     1253.8,     -0.458,     -0.000,      1.279,        1.0,        0.0,      894.6,      0.000,    181.903,      99000,     196243,    705.263,    -13.726,       0.00,       0.00,     120.83,       0.00,       -334
215,     625.48,     209381,     361.26,     364.96,     364.96,       0.00,       3.70,     625.48,       0.00,     1250.1,     1250.1,     -0.452,     -0.000,      1.279,        1.0,        0.0,      905.9,      0.000,    178.236,      99000,     195038,    705.263,    -13.251,       0.00,       0.00,     120.83,       0.00,       -334
216,     623.18,     207442,     357.62,     361.26,     361.26,       0.00,       3.64,     623.18,       0.00,     1246.5,     1246.5,     -0.446,     -0.000,      1.280,        1.0,        0.0,      916.9,      0.000,    174.221,      99000,     193674,    705.263,    -12.767,       0.00,       0.00,     120.83,       0.00,       -334
217,     620.82,     205569,     354.04,     357.62,     357.62,       0.00,       3.58,     620.82,       0.00,     1242.9,     1242.9,     -0.441,     -0.000,      1.280,        1.0,        0.0,      927.7,      0.000,    170.260,      99000,     192298,    705.263,    -12.275,       0.00,       0.00,     120.83,       0.00,       -335
218,     618.39,     203759,     350.51,     354.04,     354.04,       0.00,       3.53,     618.39,       0.00,     1239.5,     1239.5,     -0.435,     -0.000,      1.280,        1.0,        0.0,      938.4,      0.000,    166.486,      99000,     190952,    705.263,    -11.773,       0.00,       0.00,     120.83,       0.00,       -335
219,     615.90,     202011,     347.04,     350.51,     350.51,       0.00,       3.47,     615.90,       0.00,     1236.1,     1236.1,     -0.430,     -0.000,      1.280,        1.0,        0.0,      948.8,      0.000,    162.905,      99000,     189633,    705.263,    -11.263,       0.00,       0.00,     120.83,       0.00,       -336
220,     613.34,     200322,     343.62,     347.04,     347.04,       0.00,       3.42,     613.34,       0.00,     1232.8,     1232.8,     -0.424,     -0.000,      1.280,        1.0,        0.0,      959.1,      0.000,    159.520,      99000,     188339,    705.263,    -10.744,       0.00,       0.00,     120.83,       0.00,       -336
221,     610.72,     198690,     340.24,     343.62,     343.62,       0.00,       3.37,     610.72,       0.00,     1229.6,     1229.6,     -0.419,     -0.000,      1.281,        1.0,        0.0,      968.5,      0.000,    156.366,      99000,     187075,    705.263,    -10.217,       0.00,       0.00,     120.83,       0.00,       -337
222,     608.03,     197110,     336.91,     340.24,     340.24,       0.00,       3.33,     608.03,       0.00,     1226.5,     1226.5,     -0.414,     -0.000,      1.281,        1.0,        0.0,      978.0,      0.000,    153.565,      99000,     185880,    705.263,     -9.681,       0.00,       0.00,     120.83,       0.00,       -337
223,     605.28,     195574,     333.62,     336.91,     336.91,       0.00,       3.30,     605.28,       0.00,     1223.4,     1223.4,     -0.409,     -0.000,      1.281,        1.0,        0.0,      986.6,      0.000,    151.318,      99000,     184822,    705.263,     -9.137,       0.00,       0.00,     120.83,       0.00,       -337
224,     602.47,     194080,     330.35,     333.62,     333.62,       0.00,       3.27,     602.47,       0.00,     1220.3,     1220.3,     -0.404,     -0.000,      1.281,        1.0,        0.0,      994.7,      0.000,    149.259,      99000,     183766,    705.263,     -8.584,       0.00,       0.00,     120.83,       0.00,       -338
225,     599.59,     192623,     327.10,     330.35,     330.35,       0.00,       3.24,     599.59,       0.00,     1217.4,     1217.4,     -0.400,     -0.000,      1.281,        1.0,        0.0,     1002.9,      0.000,    147.410,      99000,     182712,    705.263,     -8.023,       0.00,       0.00,     120.83,       0.00,       -338
226,     596.64,     191201,     323.88,     327.10,     327.10,       0.00,       3.22,     596.64,       0.00,     1214.4,     1214.4,     -0.395,     -0.000,      1.281,        1.0,        0.0,     1011.4,      0.000,    145.787,      99000,     181659,    705.263,     -7.455,       0.00,       0.00,     120.83,       0.00,       -339
227,     593.64,     189809,     320.67,     323.88,     323.88,       0.00,       3.21,     593.64,       0.00,     1211.5,     1211.5,     -0.390,     -0.000,      1.282,        1.0,        0.0,     1019.9,      0.000,    144.388,      99000,     180600,    705.263,     -6.878,       0.00,       0.00,     120.83,       0.00,       -339
228,     590.57,     188445,     317.47,     320.67,     320.67,       0.00,       3.20,     590.57,       0.00,     1208.7,     1208.7,     -0.386,     -0.000,      1.282,        1.0,        0.0,     1027.8,      0.000,    143.212,      99000,     179529,    705.263,     -6.294,       0.00,       0.00,     120.83,       0.00,       -339
229,     587.44,     187105,     314.28,     317.47,     317.47,       0.00,       3.19,     587.44,       0.00,     1205.8,     1205.8,     -0.381,     -0.000,      1.282,        1.0,        0.0,     1035.4,      0.000,    142.272,      99000,     178444,    705.263,     -5.702,       0.00,       0.00,     120.83,       0.00,       -340
230,     584.24,     185787,     311.10,     314.28,     314.28,       0.00,       3.18,     584.24,       0.00,     1203.0,     1203.0,     -0.377,     -0.000,      1.282,        1.0,        0.0,     1042.8,      0.000,    141.579,      99000,     177346,    705.263,     -5.102,       0.00,       0.00,     120.83,       0.00,       -340
231,     580.98,     184487,     307.92,     311.10,     311.10,       0.00,       3.18,     580.98,       0.00,     1200.2,     1200.2,     -0.372,     -0.000,      1.282,        1.0,        0.0,     1049.9,      0.000,    141.129,      99000,     176228,    705.263,     -4.496,       0.00,       0.00,     120.83,       0.00,       -341
232,     577.66,     183200,     304.74,     307.92,     307.92,       0.00,       3.18,     577.66,       0.00,     1197.5,     1197.5,     -0.368,     -0.000,      1.282,        1.0,        0.0,     1057.0,      0.000,    140.930,      99000,     175092,    705.263,     -3.882,       0.00,       0.00,     120.83,       0.00,       -341
233,     574.28,     181924,     301.55,     304.74,     304.74,       0.00,       3.19,     574.28,       0.00,     1194.7,     1194.7,     -0.363,     -0.000,      1.283,        1.0,        0.0,     1063.3,      0.000,    140.960,      99000,     173930,    705.263,     -3.261,       0.00,       0.00,     120.83,       0.00,       -341
234,     570.84,     180655,     298.35,     301.55,     301.55,       0.00,       3.20,     570.84,       0.00,     1192.0,     1192.0,     -0.359,     -0.000,      1.283,        1.0,        0.0,     1069.4,      0.000,    141.227,      99000,     172745,    705.263,     -2.633,       0.00,       0.00,     120.83,       0.00,       -342
235,     567.33,     179390,     295.14,     298.35,     298.35,       0.00,       3.21,     567.33,       0.00,     1189.2,     1189.2,     -0.355,     -0.000,      1.283,        1.0,        0.0,     1075.4,      0.000,    141.720,      99000,     171536,    705.263,     -1.999,       0.00,       0.00,     120.83,       0.00,       -342
236,     563.76,     178126,     291.91,     295.14,     295.14,       0.00,       3.23,     563.76,       0.00,     1186.5,     1186.5,     -0.350,     -0.000,      1.283,        1.0,        0.0,     1081.0,      0.000,    142.406,      99000,     170302,    705.263,     -1.358,       0.00,       0.00,     120.83,       0.00,       -342
237,     560.14,     176859,     288.66,     291.91,     291.91,       0.00,       3.25,     560.14,       0.00,     1183.7,     1183.7,     -0.346,     -0.000,      1.283,        1.0,        0.0,     1086.7,      0.000,    143.302,      99000,     169041,    705.263,     -0.711,       0.00,       0.00,     120.83,       0.00,       -343
238,     556.45,     175587,     285.38,     288.66,     288.66,       0.00,       3.27,     556.45,       0.00,     1180.9,     1180.9,     -0.342,     -0.000,      1.283,        1.0,        0.0,     1091.4,      0.000,    144.372,      99000,     167748,    705.263,     -0.059,       0.00,       0.00,     120.83,       0.00,       -343
239,     552.70,     174308,     282.09,     285.38,     285.38,       0.00,       3.30,     552.70,       0.00,     1178.1,     1178.1,     -0.337,     -0.000,      1.283,        1.0,        0.0,     1096.1,      0.000,    145.616,      99000,     166428,    705.263,      0.600,       0.00,       0.00,     120.83,       0.00,       -343
240,     548.90,     173020,     278.76,     282.09,     282.09,       0.00,       3.32,     548.90,       0.00,     1175.3,     1175.3,     -0.333,     -0.000,      1.284,        1.0,        0.0,     1100.5,      0.000,    147.008,      99000,     165081,    705.263,      1.263,       0.00,       0.00,     120.83,       0.00,       -344
241,     545.03,     171720,     275.41,     278.76,     278.76,       0.00,       3.35,     545.03,       0.00,     1172.4,     1172.4,     -0.328,     -0.000,      1.284,        1.0,        0.0,     1104.8,      0.000,    148.531,      99000,     163706,    705.263,      1.932,       0.00,       0.00,     120.83,       0.00,       -344
242,     541.11,     170406,     272.03,     275.41,     275.41,       0.00,       3.38,     541.11,       0.00,     1169.5,     1169.5,     -0.324,     -0.000,      1.284,        1.0,        0.0,     1108.9,      0.000,    150.165,      99000,     162305,    705.263,      2.605,       0.00,       0.00,     120.83,       0.00,       -344
243,     537.13,     169077,     268.62,     272.03,     272.03,       0.00,       3.41,     537.13,       0.00,     1166.6,     1166.6,     -0.320,     -0.000,      1.284,        1.0,        0.0,     1112.7,      0.000,    151.886,      99000,     160878,    705.263,      3.283,       0.00,       0.00,     120.83,       0.00,       -345
244,     533.09,     167732,     265.18,     268.62,     268.62,       0.00,       3.44,     533.09,       0.00,     1163.6,     1163.6,     -0.315,     -0.000,      1.284,        1.0,        0.0,     1116.5,      0.000,    153.683,      99000,     159427,    705.263,      3.965,       0.00,       0.00,     120.83,       0.00,       -345
245,     529.00,     166372,     261.71,     265.18,     265.18,       0.00,       3.47,     529.00,       0.00,     1160.6,     1160.6,     -0.311,     -0.000,      1.285,        1.0,        0.0,     1119.5,      0.000,    155.524,      99000,     157950,    705.263,      4.651,       0.00,       0.00,     120.83,       0.00,       -345
246,     524.85,     164996,     258.21,     261.71,     261.71,       0.00,       3.50,     524.85,       0.00,     1157.6,     1157.6,     -0.306,     -0.000,      1.285,        1.0,        0.0,     1122.3,      0.000,    157.405,      99000,     156453,    705.263,      5.340,       0.00,       0.00,     120.83,       0.00,       -346
247,     520.65,     163605,     254.69,     258.21,     258.21,       0.00,       3.52,     520.65,       0.00,     1154.5,     1154.5,     -0.302,     -0.000,      1.285,        1.0,        0.0,     1124.7,      0.000,    159.306,      99000,     154935,    705.263,      6.032,       0.00,       0.00,     120.83,       0.00,       -346
248,     516.39,     162200,     251.15,     254.69,     254.69,       0.00,       3.54,     516.39,       0.00,     1151.3,     1151.3,     -0.297,     -0.000,      1.285,        1.0,        0.0,     1126.4,      0.000,    161.211,      99000,     153398,    705.263,      6.727,       0.00,       0.00,     120.83,       0.00,       -346
249,     512.08,     160780,     247.58,     251.15,     251.15,       0.00,       3.57,     512.08,       0.00,     1148.1,     1148.1,     -0.292,     -0.000,      1.285,        1.0,        0.0,     1128.1,      0.000,    163.123,      99000,     151848,    705.263,      7.425,       0.00,       0.00,     120.83,       0.00,       -347
250,     507.71,     159347,     243.99,     247.58,     247.58,       0.00,       3.59,     507.71,       0.00,     1144.9,     1144.9,     -0.288,     -0.000,      1.285,        1.0,        0.0,     1129.6,      0.000,    165.023,      99000,     150285,    705.263,      8.124,       0.00,       0.00,     120.83,       0.00,       -347
251,     503.30,     157901,     240.39,     243.99,     243.99,       0.00,       3.61,     503.30,       0.00,     1141.6,     1141.6,     -0.283,     -0.000,      1.286,        1.0,        0.0,     1131.0,      0.000,    166.902,      99000,     148713,    705.263,      8.826,       0.00,       0.00,     120.83,       0.00,       -347
252,     498.83,     156441,     236.77,     240.39,     240.39,       0.00,       3.62,     498.83,       0.00,     1138.2,     1138.2,     -0.279,     -0.000,      1.286,        1.0,        0.0,     1132.2,      0.000,    168.749,      99000,     147133,    705.263,      9.529,       0.00,       0.00,     120.83,       0.00,       -347
253,     494.31,     154970,     233.13,     236.77,     236.77,       0.00,       3.64,     494.31,       0.00,     1134.9,     1134.9,     -0.274,     -0.000,      1.286,        1.0,        0.0,     1133.2,      0.000,    170.551,      99000,     145546,    705.263,     10.233,       0.00,       0.00,     120.83,       0.00,       -348
254,     489.74,     153488,     229.48,     233.13,     233.13,       0.00,       3.65,     489.74,       0.00,     1131.4,     1131.4,     -0.269,     -0.000,      1.286,        1.0,        0.0,     1134.1,      0.000,    172.309,      99000,     143955,    705.263,     10.937,       0.00,       0.00,     120.83,       0.00,       -348
255,     485.13,     151998,     225.83,     229.48,     229.48,       0.00,       3.66,     485.13,       0.00,     1128.0,     1128.0,     -0.265,     -0.000,      1.286,        1.0,        0.0,     1134.1,      0.000,    173.997,      99000,     142357,    705.263,     11.643,       0.00,       0.00,     120.83,       0.00,       -348
256,     480.46,     150501,     222.17,     225.83,     225.83,       0.00,       3.66,     480.46,       0.00,     1124.5,     1124.5,     -0.260,     -0.000,      1.287,        1.0,        0.0,     1134.1,      0.000,    175.640,      99000,     140764,    705.263,     12.348,       0.00,       0.00,     120.83,       0.00,       -348
257,     475.76,     148998,     218.50,     222.17,     222.17,       0.00,       3.66,     475.76,       0.00,     1120.9,     1120.9,     -0.256,     -0.000,      1.287,        1.0,        0.0,     1133.5,      0.000,    177.247,      99000,     139180,    705.263,     13.053,       0.00,       0.00,     120.83,       0.00,       -349
258,     471.00,     147492,     214.84,     218.50,     218.50,       0.00,       3.66,     471.00,       0.00,     1117.3,     1117.3,     -0.251,     -0.000,      1.287,        1.0,        0.0,     1132.6,      0.000,    178.783,      99000,     137599,    705.263,     13.757,       0.00,       0.00,     120.83,       0.00,       -349
259,     466.20,     145983,     211.18,     214.84,     214.84,       0.00,       3.66,     466.20,       0.00,     1113.7,     1113.7,     -0.246,     -0.000,      1.287,        1.0,        0.0,     1131.6,      0.000,    180.252,      99000,     136024,    705.263,     14.461,       0.00,       0.00,     120.83,       0.00,       -349
260,     461.36,     144472,     207.53,     211.18,     211.18,       0.00,       3.65,     461.36,       0.00,     1110.0,     1110.0,     -0.242,     -0.000,      1.288,        1.0,        0.0,     1130.1,      0.000,    181.645,      99000,     134456,    705.263,     15.163,       0.00,       0.00,     120.83,       0.00,       -349
261,     456.48,     142962,     203.88,     207.53,     207.53,       0.00,       3.65,     456.48,       0.00,     1106.3,     1106.3,     -0.237,     -0.000,      1.288,        1.0,        0.0,     1128.7,      0.000,    182.966,      99000,     132897,    705.263,     15.864,       0.00,       0.00,     120.83,       0.00,       -350
262,     451.56,     141453,     200.25,     203.88,     203.88,       0.00,       3.64,     451.56,       0.00,     1102.6,     1102.6,     -0.233,     -0.000,      1.288,        1.0,        0.0,     1126.9,      0.000,    184.203,      99000,     131348,    705.263,     16.563,       0.00,       0.00,     120.83,       0.00,       -350
263,     446.59,     139947,     196.62,     200.25,     200.25,       0.00,       3.62,     446.59,       0.00,     1098.8,     1098.8,     -0.228,     -0.000,      1.288,        1.0,        0.0,     1125.0,      0.000,    185.364,      99000,     129811,    705.263,     17.261,       0.00,       0.00,     120.83,       0.00,       -350
264,     441.59,     138446,     193.02,     196.62,     196.62,       0.00,       3.61,     441.59,       0.00,     1095.1,     1095.1,     -0.224,     -0.000,      1.289,        1.0,        0.0,     1122.8,      0.000,    186.441,      99000,     128286,    705.263,     17.955,       0.00,       0.00,     120.83,       0.00,       -350
265,     436.56,     136952,     189.43,     193.02,     193.02,       0.00,       3.59,     436.56,       0.00,     1091.2,     1091.2,     -0.220,     -0.000,      1.289,        1.0,        0.0,     1119.9,      0.000,    187.431,      99000,     126774,    705.263,     18.648,       0.00,       0.00,     120.83,       0.00,       -351
266,     431.49,     135465,     185.86,     189.43,     189.43,       0.00,       3.57,     431.49,       0.00,     1087.4,     1087.4,     -0.215,     -0.000,      1.289,        1.0,        0.0,     1117.1,      0.000,    188.345,      99000,     125280,    705.263,     19.337,       0.00,       0.00,     120.83,       0.00,       -351
267,     426.38,     133990,     182.32,     185.86,     185.86,       0.00,       3.54,     426.38,       0.00,     1083.6,     1083.6,     -0.211,     -0.000,      1.289,        1.0,        0.0,     1113.3,      0.000,    189.167,      99000,     123799,    705.263,     20.023,       0.00,       0.00,     120.83,       0.00,       -351
268,     421.24,     132528,     178.81,     182.32,     182.32,       0.00,       3.51,     421.24,       0.00,     1079.7,     1079.7,     -0.207,     -0.000,      1.290,        1.0,        0.0,     1109.5,      0.000,    189.917,      99000,     122340,    705.263,     20.706,       0.00,       0.00,     120.83,       0.00,       -351
269,     416.07,     131078,     175.33,     178.81,     178.81,       0.00,       3.48,     416.07,       0.00,     1075.8,     1075.8,     -0.202,     -0.000,      1.290,        1.0,        0.0,     1105.5,      0.000,    190.589,      99000,     120900,    705.263,     21.386,       0.00,       0.00,     120.83,       0.00,       -351
270,     410.88,     129643,     171.87,     175.33,     175.33,       0.00,       3.45,     410.88,       0.00,     1072.0,     1072.0,     -0.198,     -0.000,      1.290,        1.0,        0.0,     1101.2,      0.000,    191.184,      99000,     119481,    705.263,     22.061,       0.00,       0.00,     120.83,       0.00,       -352
271,     405.65,     128223,     168.45,     171.87,     171.87,       0.00,       3.42,     405.65,       0.00,     1068.1,     1068.1,     -0.194,     -0.000,      1.290,        1.0,        0.0,     1096.9,      0.000,    191.703,      99000,     118086,    705.263,     22.733,       0.00,       0.00,     120.83,       0.00,       -352
272,     400.40,     126820,     165.06,     168.45,     168.45,       0.00,       3.39,     400.40,       0.00,     1064.2,     1064.2,     -0.190,     -0.000,      1.291,        1.0,        0.0,     1092.2,      0.000,    192.139,      99000,     116712,    705.263,     23.401,       0.00,       0.00,     120.83,       0.00,       -352
273,     395.12,     125434,     161.71,     165.06,     165.06,       0.00,       3.35,     395.12,       0.00,     1060.3,     1060.3,     -0.186,     -0.000,      1.291,        1.0,        0.0,     1087.4,      0.000,    192.501,      99000,     115364,    705.263,     24.064,       0.00,       0.00,     120.83,       0.00,       -352
274,     389.83,     124066,     158.39,     161.71,     161.71,       0.00,       3.32,     389.83,       0.00,     1056.4,     1056.4,     -0.182,     -0.000,      1.291,        1.0,        0.0,     1082.4,      0.000,    192.781,      99000,     114039,    705.263,     24.723,       0.00,       0.00,     120.83,       0.00,       -352
275,     384.51,     122717,     155.11,     158.39,     158.39,       0.00,       3.28,     384.51,       0.00,     1052.5,     1052.5,     -0.179,     -0.000,      1.291,        1.0,        0.0,     1077.2,      0.000,    192.980,      99000,     112741,    705.263,     25.377,       0.00,       0.00,     120.83,       0.00,       -353
276,     379.17,     121388,     151.87,     155.11,     155.11,       0.00,       3.24,     379.17,       0.00,     1048.7,     1048.7,     -0.175,     -0.000,      1.292,        1.0,        0.0,     1071.8,      0.000,    193.097,      99000,     111468,    705.263,     26.026,       0.00,       0.00,     120.83,       0.00,       -353
277,     373.81,     120084,     148.67,     151.87,     151.87,       0.00,       3.20,     373.81,       0.00,     1044.8,     1044.8,     -0.171,     -0.000,      1.292,        1.0,        0.0,     1065.2,      0.000,    193.116,      99000,     110218,    705.263,     26.670,       0.00,       0.00,     120.83,       0.00,       -353
278,     368.44,     118806,     145.52,     148.67,     148.67,       0.00,       3.15,     368.44,       0.00,     1040.9,     1040.9,     -0.167,     -0.000,      1.292,        1.0,        0.0,     1058.6,      0.000,    193.065,      99000,     108999,    705.263,     27.309,       0.00,       0.00,     120.83,       0.00,       -353
279,     363.05,     117553,     142.41,     145.52,     145.52,       0.00,       3.11,     363.05,       0.00,     1037.1,     1037.1,     -0.164,     -0.000,      1.292,        1.0,        0.0,     1051.6,      0.000,    192.935,      99000,     107810,    705.263,     27.943,       0.00,       0.00,     120.83,       0.00,       -353
280,     357.65,     116327,     139.35,     142.41,     142.41,       0.00,       3.06,     357.65,       0.00,     1033.3,     1033.3,     -0.160,     -0.000,      1.293,        1.0,        0.0,     1044.5,      0.000,    192.731,      99000,     106652,    705.263,     28.571,       0.00,       0.00,     120.83,       0.00,       -353
281,     352.25,     115128,     136.34,     139.35,     139.35,       0.00,       3.01,     352.25,       0.00,     1029.5,     1029.5,     -0.157,     -0.000,      1.293,        1.0,        0.0,     1037.3,      0.000,    192.449,      99000,     105527,    705.263,     29.195,       0.00,       0.00,     120.83,       0.00,       -354
282,     346.83,     113958,     133.37,     136.34,     136.34,       0.00,       2.97,     346.83,       0.00,     1025.7,     1025.7,     -0.154,     -0.000,      1.293,        1.0,        0.0,     1029.7,      0.000,    192.085,      99000,     104433,    705.263,     29.812,       0.00,       0.00,     120.83,       0.00,       -354
283,     341.41,     112816,     130.45,     133.37,     133.37,       0.00,       2.92,     341.41,       0.00,     1022.0,     1022.0,     -0.150,     -0.000,      1.294,        1.0,        0.0,     1022.1,      0.000,    191.642,      99000,     103374,    705.263,     30.424,       0.00,       0.00,     120.83,       0.00,       -354
284,     335.98,     111707,     127.59,     130.45,     130.45,       0.00,       2.87,     335.98,       0.00,     1018.3,     1018.3,     -0.147,     -0.000,      1.294,        1.0,        0.0,     1013.7,      0.000,    191.104,      99000,     102345,    705.263,     31.030,       0.00,       0.00,     120.83,       0.00,       -354
285,     330.55,     110630,     124.77,     127.59,     127.59,       0.00,       2.82,     330.55,       0.00,     1014.6,     1014.6,     -0.144,     -0.000,      1.294,        1.0,        0.0,     1005.2,      0.000,    190.489,      99000,     101354,    705.263,     31.631,       0.00,       0.00,     120.83,       0.00,       -354
286,     325.12,     109586,     122.00,     124.77,     124.77,       0.00,       2.77,     325.12,       0.00,     1010.9,     1010.9,     -0.141,     -0.000,      1.294,        1.0,        0.0,      996.4,      0.000,    189.791,      99000,     100398,    705.263,     32.226,       0.00,       0.00,     120.83,       0.00,       -354
287,     319.70,     108576,     119.29,     122.00,     122.00,       0.00,       2.71,     319.70,       0.00,     1007.3,     1007.3,     -0.138,     -0.000,      1.295,        1.0,        0.0,      987.4,      0.000,    189.032,      99000,      99477,    705.263,     32.815,       0.00,       0.00,     120.83,       0.00,       -354
288,     314.27,     107601,     116.62,     119.29,     119.29,       0.00,       2.66,     314.27,       0.00,     1003.8,     1003.8,     -0.135,     -0.000,      1.295,        1.0,        0.0,      978.3,      0.000,    188.179,      99000,      98596,    705.263,     33.398,       0.00,       0.00,     120.83,       0.00,       -355
289,     308.86,     106656,     114.01,     116.62,     116.62,       0.00,       2.62,     308.86,       0.00,     1000.3,     1000.3,     -0.132,     -0.000,      1.295,        1.0,        0.0,      968.4,      0.000,    187.570,      99000,      97825,    705.263,     33.976,       0.00,       0.00,     120.83,       0.00,       -355
290,     303.45,     105737,     111.44,     114.01,     114.01,       0.00,       2.57,     303.45,       0.00,      996.8,      996.8,     -0.130,     -0.000,      1.295,        1.0,        0.0,      958.4,      0.000,    186.995,      99000,      97120,    705.263,     34.547,       0.00,       0.00,     120.83,       0.00,       -355
291,     298.05,     104848,     108.91,     111.44,     111.44,       0.00,       2.53,     298.05,       0.00,      993.4,      993.4,     -0.127,     -0.000,      1.296,        1.0,        0.0,      948.2,      0.000,    186.307,      99000,      96451,    705.263,     35.112,       0.00,       0.00,     120.83,       0.00,       -355
292,     292.66,     103989,     106.43,     108.91,     108.91,       0.00,       2.48,     292.66,       0.00,      990.0,      990.0,     -0.124,     -0.000,      1.296,        1.0,        0.0,      937.8,      0.000,    185.502,      99000,      95818,    705.263,     35.672,       0.00,       0.00,     120.83,       0.00,       -355
293,     287.29,     103161,     104.00,     106.43,     106.43,       0.00,       2.43,     287.29,       0.00,      986.7,      986.7,     -0.122,     -0.000,      1.296,        1.0,        0.0,      927.2,      0.000,    184.568,      99000,      95222,    705.263,     36.225,       0.00,       0.00,     120.83,       0.00,       -355
294,     281.94,     102367,     101.62,     104.00,     104.00,       0.00,       2.38,     281.94,       0.00,      983.4,      983.4,     -0.119,     -0.000,      1.296,        1.0,        0.0,      916.3,      0.000,    183.534,      99000,      94664,    705.263,     36.772,       0.00,       0.00,     120.83,       0.00,       -355
295,     276.60,     101602,      99.28,     101.62,     101.62,       0.00,       2.34,     276.60,       0.00,      980.1,      980.1,     -0.117,     -0.000,      1.297,        1.0,        0.0,      905.5,      0.000,    182.247,      99000,      94113,    705.263,     37.313,       0.00,       0.00,     120.83,       0.00,       -355
296,     271.29,     100848,      96.97,      99.28,      99.28,       0.00,       2.31,     271.29,       0.00,      976.9,      976.9,     -0.115,     -0.000,      1.297,        1.0,        0.0,      894.7,      0.000,    180.375,      99000,      93498,    705.263,     37.848,       0.00,       0.00,     120.83,       0.00,       -356
297,     266.00,     100108,      94.70,      96.97,      96.97,       0.00,       2.27,     266.00,       0.00,      973.7,      973.7,     -0.112,     -0.000,      1.297,        1.0,        0.0,      884.0,      0.000,    178.325,      99000,      92907,    705.263,     38.377,       0.00,       0.00,     120.83,       0.00,       -356
298,     260.73,      99384,      92.46,      94.70,      94.70,       0.00,       2.24,     260.73,       0.00,      970.5,      970.5,     -0.110,     -0.000,      1.298,        1.0,        0.0,      872.7,      0.000,    176.092,      99000,      92338,    705.263,     38.899,       0.00,       0.00,     120.83,       0.00,       -356
299,     255.49,      98678,      90.26,      92.46,      92.46,       0.00,       2.20,     255.49,       0.00,      967.3,      967.3,     -0.108,     -0.000,      1.298,        1.0,        0.0,      860.5,      0.000,    173.670,      99000,      91789,    705.263,     39.414,       0.00,       0.00,     120.83,       0.00,       -356
300,     250.28,      97992,      88.10,      90.26,      90.26,       0.00,       2.16,     250.28,       0.00,      964.2,      964.2,     -0.106,     -0.000,      1.298,        1.0,        0.0,      848.2,      0.000,    171.101,      99000,      91267,    705.263,     39.923,       0.00,       0.00,     120.83,       0.00,       -356
301,     245.11,      97328,      85.98,      88.10,      88.10,       0.00,       2.12,     245.11,       0.00,      961.0,      961.0,     -0.103,     -0.000,      1.298,        1.0,        0.0,      835.0,      0.000,    168.368,      99000,      90767,    705.263,     40.425,       0.00,       0.00,     120.83,       0.00,       -356
302,     239.97,      96688,      83.90,      85.98,      85.98,       0.00,       2.08,     239.97,       0.00,      957.9,      957.9,     -0.101,     -0.000,      1.299,        1.0,        0.0,      821.8,      0.000,    165.507,      99000,      90296,    705.263,     40.920,       0.00,       0.00,     120.83,       0.00,       -356
303,     234.86,      96074,      81.86,      83.90,      83.90,       0.00,       2.04,     234.86,       0.00,      954.8,      954.8,     -0.099,     -0.000,      1.299,        1.0,        0.0,      808.5,      0.000,    162.529,      99000,      89854,    705.263,     41.409,       0.00,       0.00,     120.83,       0.00,       -356
304,     229.80,      95483,      79.86,      81.86,      81.86,       0.00,       2.00,     229.80,       0.00,      951.7,      951.7,     -0.097,     -0.000,      1.299,        1.0,        0.0,      795.3,      0.000,    159.588,      99000,      89469,    705.263,     41.891,       0.00,       0.00,     120.83,       0.00,       -356
305,     224.77,      94916,      77.90,      79.86,      79.86,       0.00,       1.96,     224.77,       0.00,      948.7,      948.7,     -0.095,     -0.000,      1.299,        1.0,        0.0,      782.0,      0.000,    156.579,      99000,      89121,    705.263,     42.365,       0.00,       0.00,     120.83,       0.00,       -356
306,     219.79,      94374,      75.98,      77.90,      77.90,       0.00,       1.92,     219.79,       0.00,      945.7,      945.7,     -0.093,     -0.000,      1.300,        1.0,        0.0,      767.8,      0.000,    153.446,      99000,      88794,    705.263,     42.833,       0.00,       0.00,     120.83,       0.00,       -357
307,     214.86,      93860,      74.11,      75.98,      75.98,       0.00,       1.88,     214.86,       0.00,      942.7,      942.7,     -0.092,     -0.000,      1.300,        1.0,        0.0,      753.6,      0.000,    150.223,      99000,      88494,    705.263,     43.294,       0.00,       0.00,     120.83,       0.00,       -357
308,     209.97,      93374,      72.27,      74.11,      74.11,       0.00,       1.84,     209.97,       0.00,      939.7,      939.7,     -0.090,     -0.000,      1.300,        1.0,        0.0,      739.1,      0.000,    146.915,      99000,      88220,    705.263,     43.748,       0.00,       0.00,     120.83,       0.00,       -357
309,     205.13,      92918,      70.48,      72.27,      72.27,       0.00,       1.79,     205.13,       0.00,      936.9,      936.9,     -0.088,     -0.000,      1.300,        1.0,        0.0,      724.5,      0.000,    143.551,      99000,      87973,    705.263,     44.195,       0.00,       0.00,     120.83,       0.00,       -357
310,     200.35,      92492,      68.73,      70.48,      70.48,       0.00,       1.75,     200.35,       0.00,      934.0,      934.0,     -0.087,     -0.000,      1.301,        1.0,        0.0,      709.7,      0.000,    140.146,      99000,      87755,    705.263,     44.636,       0.00,       0.00,     120.83,       0.00,       -357
311,     195.62,      92099,      67.02,      68.73,      68.73,       0.00,       1.71,     195.62,       0.00,      931.2,      931.2,     -0.085,     -0.000,      1.301,        1.0,        0.0,      694.5,      0.000,    136.692,      99000,      87562,    705.263,     45.069,       0.00,       0.00,     120.83,       0.00,       -357
312,     190.94,      91737,      65.35,      67.02,      67.02,       0.00,       1.67,     190.94,       0.00,      928.5,      928.5,     -0.083,     -0.000,      1.301,        1.0,        0.0,      679.4,      0.000,    133.213,      99000,      87395,    705.263,     45.495,       0.00,       0.00,     120.83,       0.00,       -357
313,     186.33,      91410,      63.73,      65.35,      65.35,       0.00,       1.62,     186.33,       0.00,      925.8,      925.8,     -0.082,     -0.000,      1.301,        1.0,        0.0,      663.4,      0.000,    129.690,      99000,      87249,    705.263,     45.914,       0.00,       0.00,     120.83,       0.00,       -357
314,     181.77,      91117,      62.15,      63.73,      63.73,       0.00,       1.58,     181.77,       0.00,      923.1,      923.1,     -0.080,     -0.000,      1.302,        1.0,        0.0,      647.4,      0.000,    126.158,      99000,      87129,    705.263,     46.326,       0.00,       0.00,     120.83,       0.00,       -357
315,     177.28,      90853,      60.61,      62.15,      62.15,       0.00,       1.54,     177.28,       0.00,      920.5,      920.5,     -0.079,     -0.000,      1.302,        1.0,        0.0,      631.3,      0.000,    122.847,      99000,      87076,    705.263,     46.731,       0.00,       0.00,     120.83,       0.00,       -357
316,     172.85,      90618,      59.10,      60.61,      60.61,       0.00,       1.50,     172.85,       0.00,      918.0,      918.0,     -0.078,     -0.000,      1.302,        1.0,        0.0,      615.2,      0.000,    119.526,      99000,      87045,    705.263,     47.130,       0.00,       0.00,     120.83,       0.00,       -357
317,     168.49,      90412,      57.64,      59.10,      59.10,       0.00,       1.46,     168.49,       0.00,      915.5,      915.5,     -0.076,     -0.000,      1.302,        1.0,        0.0,      599.1,      0.000,    116.187,      99000,      87035,    705.263,     47.521,       0.00,       0.00,     120.83,       0.00,       -357
318,     164.20,      90238,      56.21,      57.64,      57.64,       0.00,       1.43,     164.20,       0.00,      913.0,      913.0,     -0.075,     -0.000,      1.302,        1.0,        0.0,      582.6,      0.000,    112.827,      99000,      87043,    705.263,     47.905,       0.00,       0.00,     120.83,       0.00,       -358
319,     159.98,      90096,      54.83,      56.21,      56.21,       0.00,       1.39,     159.98,       0.00,      910.6,      910.6,     -0.074,     -0.000,      1.303,        1.0,        0.0,      566.0,      0.000,    109.463,      99000,      87073,    705.263,     48.282,       0.00,       0.00,     120.83,       0.00,       -358
320,     155.84,      89985,      53.48,      54.83,      54.83,       0.00,       1.35,     155.84,       0.00,      908.2,      908.2,     -0.073,     -0.000,      1.303,        1.0,        0.0,      550.3,      0.000,    106.125,      99000,      87128,    705.263,     48.652,       0.00,       0.00,     120.83,       0.00,       -358
321,     151.76,      89906,      52.17,      53.48,      53.48,       0.00,       1.31,     151.76,       0.00,      905.8,      905.8,     -0.071,     -0.000,      1.303,        1.0,        0.0,      534.8,      0.000,    102.803,      99000,      87208,    705.263,     49.014,       0.00,       0.00,     120.83,       0.00,       -358
322,     147.77,      89859,      50.89,      52.17,      52.17,       0.00,       1.27,     147.77,       0.00,      903.5,      903.5,     -0.070,     -0.000,      1.303,        1.0,        0.0,      519.2,      0.000,     99.483,      99000,      87310,    705.263,     49.370,       0.00,       0.00,     120.83,       0.00,       -358
323,     143.85,      89848,      49.66,      50.89,      50.89,       0.00,       1.23,     143.85,       0.00,      901.3,      901.3,     -0.069,     -0.000,      1.304,        1.0,        0.0,      501.7,      0.000,     96.101,      99000,      87419,    705.263,     49.718,       0.00,       0.00,     120.83,       0.00,       -358
324,     140.01,      89877,      48.47,      49.66,      49.66,       0.00,       1.19,     140.01,       0.00,      899.1,      899.1,     -0.068,     -0.000,      1.304,        1.0,        0.0,      484.2,      0.000,     92.637,      99000,      87534,    705.263,     50.059,       0.00,       0.00,     120.83,       0.00,       -358
325,     136.26,      89961,      47.32,      48.47,      48.47,       0.00,       1.15,     136.26,       0.00,      896.9,      896.9,     -0.067,     -0.000,      1.304,        1.0,        0.0,      466.4,      0.000,     88.813,      99000,      87599,    705.263,     50.393,       0.00,       0.00,     120.83,       0.00,       -358
326,     132.59,      90099,      46.22,      47.32,      47.32,       0.00,       1.10,     132.59,       0.00,      894.9,      894.9,     -0.066,     -0.000,      1.304,        1.0,        0.0,      448.4,      0.000,     85.074,      99000,      87700,    705.263,     50.720,       0.00,       0.00,     120.83,       0.00,       -358
327,     129.01,      90291,      45.16,      46.22,      46.22,       0.00,       1.06,     129.01,       0.00,      892.9,      892.9,     -0.065,     -0.000,      1.304,        1.0,        0.0,      430.5,      0.000,     81.424,      99000,      87840,    705.263,     51.039,       0.00,       0.00,     120.83,       0.00,       -358
328,     125.51,      90534,      44.14,      45.16,      45.16,       0.00,       1.02,     125.51,       0.00,      891.0,      891.0,     -0.065,     -0.000,      1.305,        1.0,        0.0,      412.5,      0.000,     77.857,      99000,      88016,    705.263,     51.352,       0.00,       0.00,     120.83,       0.00,       -358
329,     122.11,      90830,      43.17,      44.14,      44.14,       0.00,       0.98,     122.11,       0.00,      889.1,      889.1,     -0.064,     -0.000,      1.305,        1.0,        0.0,      394.6,      0.000,     74.366,      99000,      88227,    705.263,     51.657,       0.00,       0.00,     120.83,       0.00,       -358
330,     118.79,      91178,      42.23,      43.17,      43.17,       0.00,       0.93,     118.79,       0.00,      887.4,      887.4,     -0.063,     -0.000,      1.305,        1.0,        0.0,      376.2,      0.000,     70.907,      99000,      88465,    705.263,     51.955,       0.00,       0.00,     120.83,       0.00,       -358
331,     115.57,      91578,      41.34,      42.23,      42.23,       0.00,       0.89,     115.57,       0.00,      885.7,      885.7,     -0.062,     -0.000,      1.305,        1.0,        0.0,      357.8,      0.000,     67.506,      99000,      88733,    705.263,     52.246,       0.00,       0.00,     120.83,       0.00,       -358
332,     112.44,      92030,      40.48,      41.34,      41.34,       0.00,       0.85,     112.44,       0.00,      884.1,      884.1,     -0.062,     -0.000,      1.305,        1.0,        0.0,      339.3,      0.000,     64.161,      99000,      89032,    705.263,     52.530,       0.00,       0.00,     120.83,       0.00,       -358
333,     109.41,      92528,      39.67,      40.48,      40.48,       0.00,       0.82,     109.41,       0.00,      882.6,      882.6,     -0.061,     -0.000,      1.305,        1.0,        0.0,      320.9,      0.000,     60.970,      99000,      89377,    705.263,     52.806,       0.00,       0.00,     120.83,       0.00,       -359
334,     106.47,      93068,      38.89,      39.67,      39.67,       0.00,       0.78,     106.47,       0.00,      881.1,      881.1,     -0.061,     -0.000,      1.305,        1.0,        0.0,      302.5,      0.000,     57.943,      99000,      89767,    705.263,     53.075,       0.00,       0.00,     120.83,       0.00,       -359
335,     103.63,      93649,      38.15,      38.89,      38.89,       0.00,       0.74,     103.63,       0.00,      879.6,      879.6,     -0.060,     -0.000,      1.306,        1.0,        0.0,      284.0,      0.000,     54.936,      99000,      90168,    705.263,     53.336,       0.00,       0.00,     120.83,       0.00,       -359
336,     100.89,      94272,      37.44,      38.15,      38.15,       0.00,       0.71,     100.89,       0.00,      878.2,      878.2,     -0.060,     -0.000,      1.306,        1.0,        0.0,      265.6,      0.000,     51.924,      99000,      90579,    705.263,     53.589,       0.00,       0.00,     120.83,       0.00,       -359
337,      98.26,      94936,      36.77,      37.44,      37.44,       0.00,       0.67,      98.26,       0.00,      876.8,      876.8,     -0.059,     -0.000,      1.306,        1.0,        0.0,      247.8,      0.000,     48.969,      99000,      91014,    705.263,     53.834,       0.00,       0.00,     120.83,       0.00,       -359
338,      95.72,      95639,      36.13,      36.77,      36.77,       0.00,       0.63,      95.72,       0.00,      875.5,      875.5,     -0.059,     -0.000,      1.306,        1.0,        0.0,      230.3,      0.000,     46.029,      99000,      91464,    705.263,     54.072,       0.00,       0.00,     120.83,       0.00,       -359
339,      93.29,      96383,      35.54,      36.13,      36.13,       0.00,       0.60,      93.29,       0.00,      874.1,      874.1,     -0.058,     -0.000,      1.306,        1.0,        0.0,      212.9,      0.000,     43.065,      99000,      91918,    705.263,     54.301,       0.00,       0.00,     120.83,       0.00,       -359
340,      90.97,      97171,      34.98,      35.54,      35.54,       0.00,       0.56,      90.97,       0.00,      872.9,      872.9,     -0.058,     -0.000,      1.306,        1.0,        0.0,      195.4,      0.000,     40.071,      99000,      92375,    705.263,     54.522,       0.00,       0.00,     120.83,       0.00,       -359
341,      88.75,      98005,      34.46,      34.98,      34.98,       0.00,       0.52,      88.75,       0.00,      871.6,      871.6,     -0.058,     -0.000,      1.306,        1.0,        0.0,      177.9,      0.000,     37.038,      99000,      92829,    705.263,     54.734,       0.00,       0.00,     120.83,       0.00,       -359
342,      86.64,      98887,      33.98,      34.46,      34.46,       0.00,       0.48,      86.64,       0.00,      870.4,      870.4,     -0.057,     -0.000,      1.307,        1.0,        0.0,      162.1,      0.000,     33.939,      99000,      93275,    705.263,     54.938,       0.00,       0.00,     120.83,       0.00,       -359
343,      84.63,      99830,      33.54,      33.98,      33.98,       0.00,       0.44,      84.63,       0.00,      869.2,      869.2,     -0.057,     -0.000,      1.307,        1.0,        0.0,      146.5,      0.000,     30.649,      99000,      93682,    705.263,     55.132,       0.00,       0.00,     120.83,       0.00,       -359
344,      82.74,     100814,      33.15,      33.54,      33.54,       0.00,       0.40,      82.74,       0.00,      868.1,      868.1,     -0.057,     -0.000,      1.307,        1.0,        0.0,      132.4,      0.000,     27.673,      99000,      94157,    705.263,     55.318,       0.00,       0.00,     120.83,       0.00,       -359
345,      80.96,     101819,      32.79,      33.15,      33.15,       0.00,       0.36,      80.96,       0.00,      867.1,      867.1,     -0.057,     -0.000,      1.307,        1.0,        0.0,      119.9,      0.000,     25.019,      99000,      94698,    705.263,     55.494,       0.00,       0.00,     120.83,       0.00,       -359
346,      79.28,     102841,      32.46,      32.79,      32.79,       0.00,       0.32,      79.28,       0.00,      866.0,      866.0,     -0.056,     -0.000,      1.307,        1.0,        0.0,      107.5,      0.000,     22.371,      99000,      95238,    705.263,     55.660,       0.00,       0.00,     120.83,       0.00,       -359
347,      77.72,     103864,      32.17,      32.46,      32.46,       0.00,       0.29,      77.72,       0.00,      864.9,      864.9,     -0.056,     -0.000,      1.307,        1.0,        0.0,       95.9,      0.000,     19.906,      99000,      95815,    705.263,     55.816,       0.00,       0.00,     120.83,       0.00,       -359
348,      76.27,     104882,      31.91,      32.17,      32.17,       0.00,       0.26,      76.27,       0.00,      863.7,      863.7,     -0.056,     -0.000,      1.307,        1.0,        0.0,       84.6,      0.000,     17.475,      99000,      96393,    705.263,     55.962,       0.00,       0.00,     120.83,       0.00,       -359
349,      74.94,     105878,      31.69,      31.91,      31.91,       0.00,       0.23,      74.94,       0.00,      862.5,      862.5,     -0.056,     -0.000,      1.307,        1.0,        0.0,       74.1,      0.000,     15.209,      99000,      97003,    705.263,     56.098,       0.00,       0.00,     120.83,       0.00,       -359
350,      73.71,     106832,      31.49,      31.69,      31.69,       0.00,       0.20,      73.71,       0.00,      861.2,      861.2,     -0.056,     -0.000,      1.307,        1.0,        0.0,       64.6,      0.000,     13.151,      99000,      97652,    705.263,     56.222,       0.00,       0.00,     120.83,       0.00,       -360
351,      72.61,     107734,      31.32,      31.49,      31.49,       0.00,       0.17,      72.61,       0.00,      859.8,      859.8,     -0.056,     -0.000,      1.308,        1.0,        0.0,       55.3,      0.000,     11.120,      99000,      98302,    705.263,     56.335,       0.00,       0.00,     120.83,       0.00,       -360
352,      71.61,     108541,      31.18,      31.32,      31.32,       0.00,       0.15,      71.61,       0.00,      858.3,      858.3,     -0.056,     -0.000,      1.308,        1.0,        0.0,       48.7,      0.000,      9.625,      99000,      99067,    705.263,     56.437,       0.00,       0.00,     120.83,       0.00,       -360
353,      70.74,     109242,      31.05,      31.18,      31.18,       0.00,       0.12,      70.74,       0.00,      856.5,      856.5,     -0.055,     -0.000,      1.308,        1.0,        0.0,       42.1,      0.000,      8.134,      99000,      99828,    705.263,     56.526,       0.00,       0.00,     120.83,       0.00,       -360
354,      69.98,     109810,      30.94,      31.05,      31.05,       0.00,       0.11,      69.98,       0.00,      854.5,      854.5,     -0.055,     -0.000,      1.308,        1.0,        0.0,       37.0,      0.000,      6.938,      99000,     100652,    705.263,     56.603,       0.00,       0.00,     120.83,       0.00,       -360
355,      69.33,     110223,      30.85,      30.94,      30.94,       0.00,       0.09,      69.33,       0.00,      852.3,      852.3,     -0.055,     -0.000,      1.308,        1.0,        0.0,       32.7,      0.000,      5.905,      99000,     101510,    705.263,     56.668,       0.00,       0.00,     120.83,       0.00,       -360
356,      68.81,     110470,      30.77,      30.85,      30.85,       0.00,       0.08,      68.81,       0.00,      849.7,      849.7,     -0.054,     -0.000,      1.308,        1.0,        0.0,       28.8,      0.000,      4.942,      99000,     102382,    705.263,     56.720,       0.00,       0.00,     120.83,       0.00,       -360
357,      68.40,     110532,      30.71,      30.77,      30.77,       0.00,       0.07,      68.40,       0.00,      846.9,      846.9,     -0.054,     -0.000,      1.309,        1.0,        0.0,       26.0,      0.000,      4.167,      99000,     103297,    705.263,     56.759,       0.00,       0.00,     120.83,       0.00,       -360
358,      68.10,     110397,      30.65,      30.71,      30.71,       0.00,       0.05,       0.00,       0.00,      893.9,      893.9,     -0.058,     -0.058,      1.280,        1.0,        0.0,       23.1,      0.000,      3.488,      99000,     104239,    705.263,     56.785,       0.00,       0.00,     120.83,       0.00,       -360
359,      67.93,     110056,      30.61,      30.65,      30.65,      -0.00,       0.04,       0.00,       0.00,      890.0,      890.0,     -0.058,     -0.058,      1.276,        1.0,        0.5,       21.1,     -0.095,      2.807,      99031,     105180,    705.263,     56.798,       0.00,       0.00,     120.83,       0.00,       -360
360,      67.87,     109521,      30.57,      30.61,      30.61,      -0.00,       0.03,       0.00,       0.00,      885.9,      885.9,     -0.057,     -0.057,      1.276,        1.0,        1.1,       19.2,     -0.184,      2.123,      99057,     106115,    705.263,     56.798,       0.00,       0.00,     120.83,       0.00,       -360
