CA, Vcyl, PCyl, Mcyl, Mb, Mu, Min, Mout, Vb, Vu, Tb, Tu, Qb, Qu, Gamma, FuelM, IV A, EV A, IV V, EV V, IV P, EV P, WWork, PWork, CO, NO, CO2, HC, htLoss
-359,      48.68,      84605,      18.38,      18.38,       0.00,      -0.00,      -0.00,       0.00,       0.00,      820.6,      816.2,     -0.029,     -0.029,      1.283,        0.0,       95.0,       72.2,      0.000,      0.000,      84634,      84597,    569.985,     -4.022,       0.00,       0.00,     120.83,       0.00,   -381.670
-358,      48.79,      84218,      18.42,      18.42,       0.00,       0.03,      -0.02,       0.00,       0.00,      816.2,      812.3,     -0.029,     -0.028,      1.284,        0.0,      109.9,       64.5,      1.665,     -1.277,      83968,      83975,    569.985,     -4.035,       0.00,       0.00,     120.83,       0.00,   -381.727
-357,      48.98,      83779,      18.49,      18.49,       0.00,       0.04,      -0.02,       0.00,       0.00,      812.3,      808.2,     -0.028,     -0.028,      1.284,        0.0,      124.9,       56.8,      2.448,     -1.674,      83448,      83498,    569.985,     -4.054,       0.00,       0.00,     120.83,       0.00,   -381.783
-356,      49.25,      83299,      18.58,      18.58,       0.00,       0.06,      -0.03,       0.00,       0.00,      808.2,      804.1,     -0.028,     -0.028,      1.285,        0.0,      141.4,       52.7,      3.348,     -2.039,      82886,      83002,    569.985,     -4.080,       0.00,       0.00,     120.83,       0.00,   -381.839
-355,      49.59,      82797,      18.70,      18.70,       0.00,       0.08,      -0.03,       0.00,       0.00,      804.1,      799.9,     -0.028,     -0.027,      1.285,        0.0,      160.2,       48.5,      4.454,     -2.320,      82302,      82500,    569.985,     -4.112,       0.00,       0.00,     120.83,       0.00,   -381.894
-354,      50.01,      82273,      18.84,      18.84,       0.00,       0.10,      -0.04,       0.00,       0.00,      799.9,      795.6,     -0.027,     -0.027,      1.286,        0.0,      179.1,       44.6,      5.623,     -2.507,      81705,      81997,    569.985,     -4.149,       0.00,       0.00,     120.83,       0.00,   -381.948
-353,      50.51,      81734,      19.00,      19.00,       0.00,       0.13,      -0.04,       0.00,       0.00,      795.6,      791.2,     -0.027,     -0.027,      1.286,        0.0,      199.4,       41.8,      6.863,     -2.666,      81090,      81485,    569.985,     -4.193,       0.00,       0.00,     120.83,       0.00,   -382.002
-352,      51.08,      81183,      19.20,      19.20,       0.06,       0.16,      -0.04,       0.00,       0.00,      791.2,      786.6,     -0.027,     -0.027,      1.286,        0.0,      220.6,       39.0,      8.164,     -2.769,      80467,      80977,    569.985,     -4.242,       0.00,       0.00,     120.83,       0.00,   -382.056
-351,      51.73,      80624,      19.42,      19.24,       0.24,       0.19,      -0.04,       0.00,       0.00,      786.6,      782.0,     -0.027,     -0.026,      1.287,        0.0,      241.9,       36.4,      9.500,     -2.842,      79838,      80477,    569.985,     -4.297,       0.00,       0.00,     120.83,       0.00,   -382.109
-350,      52.45,      80063,      19.68,      19.28,       0.46,       0.22,      -0.04,       0.00,       0.00,      782.0,      777.1,     -0.026,     -0.026,      1.288,        0.0,      265.7,       34.4,     10.891,     -2.912,      79200,      79990,    569.985,     -4.358,       0.00,       0.00,     120.83,       0.00,   -382.161
-349,      53.25,      79502,      19.97,      19.32,       0.71,       0.25,      -0.04,       0.00,       0.00,      777.1,      772.0,     -0.026,     -0.026,      1.288,        0.0,      290.1,       32.3,     12.295,     -2.960,      78564,      79533,    569.985,     -4.424,       0.00,       0.00,     120.83,       0.00,   -382.213
-348,      54.12,      78940,      20.29,      19.36,       0.99,       0.28,      -0.04,       0.00,       0.00,      772.0,      766.6,     -0.026,     -0.026,      1.289,        0.0,      314.5,       30.2,     13.701,     -2.991,      77933,      79120,    569.985,     -4.496,       0.00,       0.00,     120.83,       0.00,   -382.264
-347,      55.06,      78380,      20.66,      19.40,       1.31,       0.32,      -0.04,       0.00,       0.00,      766.6,      761.0,     -0.026,     -0.025,      1.289,        0.0,      339.6,       28.1,     15.118,     -3.011,      77308,      78765,    569.985,     -4.573,       0.00,       0.00,     120.83,       0.00,   -382.315
-346,      56.08,      77823,      21.05,      19.44,       1.67,       0.36,      -0.04,       0.00,       0.00,      761.0,      754.9,     -0.025,     -0.025,      1.290,        0.0,      364.8,       26.0,     16.533,     -3.018,      76693,      78485,    569.985,     -4.655,       0.00,       0.00,     120.83,       0.00,   -382.365
-345,      57.17,      77269,      21.49,      19.49,       2.07,       0.40,      -0.04,       0.00,       0.00,      754.9,      748.5,     -0.025,     -0.025,      1.291,        0.0,      389.9,       23.9,     17.947,     -3.011,      76087,      78299,    569.985,     -4.742,       0.00,       0.00,     120.83,       0.00,   -382.415
-344,      58.33,      76719,      21.97,      19.53,       2.51,       0.44,      -0.04,       0.00,       0.00,      748.5,      741.7,     -0.025,     -0.024,      1.292,        0.0,      415.1,       21.8,     19.361,     -2.985,      75493,      78226,    569.985,     -4.834,       0.00,       0.00,     120.83,       0.00,   -382.464
-343,      59.57,      76173,      22.50,      19.57,       2.99,       0.48,      -0.04,       0.00,       0.00,      741.7,      734.5,     -0.024,     -0.024,      1.292,        0.0,      440.2,       19.7,     20.774,     -2.933,      74909,      78289,    569.985,     -4.931,       0.00,       0.00,     120.83,       0.00,   -382.512
-342,      60.88,      75639,      23.07,      19.61,       3.52,       0.53,      -0.04,       0.00,       0.00,      734.5,      726.9,     -0.024,     -0.024,      1.293,        0.0,      465.4,       18.3,     22.188,     -2.950,      74337,      78490,    569.985,     -5.033,       0.00,       0.00,     120.83,       0.00,   -382.560
-341,      62.25,      75117,      23.69,      19.65,       4.10,       0.58,      -0.04,       0.00,       0.00,      726.9,      718.9,     -0.024,     -0.023,      1.294,        0.0,      490.6,       16.9,     23.588,     -2.950,      73781,      78866,    569.985,     -5.139,       0.00,       0.00,     120.83,       0.00,   -382.607
-340,      63.70,      74604,      24.36,      19.69,       4.73,       0.63,      -0.04,       0.00,       0.00,      718.9,      710.5,     -0.023,     -0.023,      1.295,        0.0,      515.7,       15.5,     24.978,     -2.922,      73241,      79442,    569.985,     -5.249,       0.00,       0.00,     120.83,       0.00,   -382.653
-339,      65.22,      74101,      25.08,      19.73,       5.41,       0.68,      -0.04,       0.00,       0.00,      710.5,      701.8,     -0.023,     -0.022,      1.296,        0.0,      539.8,       14.1,     26.353,     -2.861,      72720,      80238,    569.985,     -5.364,       0.00,       0.00,     120.83,       0.00,   -382.698
-338,      66.80,      73607,      25.85,      19.77,       6.15,       0.73,      -0.04,       0.00,       0.00,      701.8,      692.7,     -0.022,     -0.022,      1.297,        0.0,      563.4,       12.7,     27.727,     -2.761,      72215,      81276,    569.985,     -5.483,       0.00,       0.00,     120.83,       0.00,   -382.742
-337,      68.46,      73123,      26.68,      19.80,       6.93,       0.79,      -0.04,       0.00,       0.00,      692.7,      683.4,     -0.022,     -0.021,      1.299,        0.0,      587.0,       11.3,     29.113,     -2.630,      71724,      82567,    569.985,     -5.607,       0.00,       0.00,     120.83,       0.00,   -382.785
-336,      70.18,      72651,      27.56,      19.84,       7.78,       0.84,      -0.04,       0.00,       0.00,      683.4,      673.8,     -0.021,     -0.021,      1.300,        0.0,      611.5,       10.1,     30.536,     -2.477,      71245,      84128,    569.985,     -5.734,       0.00,       0.00,     120.83,       0.00,   -382.827
-335,      71.96,      72192,      28.49,      19.87,       8.68,       0.90,      -0.03,       0.00,       0.00,      673.8,      664.0,     -0.021,     -0.020,      1.301,        0.0,      636.7,        8.8,     31.969,     -2.282,      70780,      85958,    569.985,     -5.865,       0.00,       0.00,     120.83,       0.00,   -382.867
-334,      73.81,      71745,      29.49,      19.90,       9.65,       0.96,      -0.03,       0.00,       0.00,      664.0,      654.0,     -0.020,     -0.019,      1.302,        0.0,      661.8,        7.5,     33.430,     -2.037,      70326,      88055,    569.985,     -6.001,       0.00,       0.00,     120.83,       0.00,   -382.907
-333,      75.73,      71308,      30.54,      19.93,      10.67,       1.03,      -0.03,       0.00,       0.00,      654.0,      643.9,     -0.020,     -0.019,      1.304,        0.0,      687.6,        6.1,     34.921,     -1.727,      69886,      90412,    569.985,     -6.140,       0.00,       0.00,     120.83,       0.00,   -382.945
-332,      77.71,      70882,      31.66,      19.95,      11.77,       1.09,      -0.02,       0.00,       0.00,      643.9,      633.7,     -0.019,     -0.018,      1.305,        0.0,      713.6,        4.7,     36.446,     -1.380,      69458,      93001,    569.985,     -6.282,       0.00,       0.00,     120.83,       0.00,   -382.983
-331,      79.75,      70473,      32.84,      19.97,      12.93,       1.16,      -0.02,       0.00,       0.00,      633.7,      623.4,     -0.018,     -0.017,      1.307,        0.0,      739.5,        3.6,     38.007,     -1.090,      69042,      95773,    569.985,     -6.428,       0.00,       0.00,     120.83,       0.00,   -383.018
-330,      81.86,      70087,      34.08,      19.98,      14.16,       1.23,      -0.01,       0.00,       0.00,      623.4,      613.1,     -0.018,     -0.017,      1.308,        0.0,      765.5,        2.9,     39.592,     -0.899,      68644,      98678,    569.985,     -6.578,       0.00,       0.00,     120.83,       0.00,   -383.053
-329,      84.02,      69725,      35.39,      19.99,      15.46,       1.30,      -0.01,       0.00,       0.00,      613.1,      602.8,     -0.017,     -0.016,      1.309,        0.0,      791.4,        2.2,     41.178,     -0.696,      68269,     101696,    569.985,     -6.731,       0.00,       0.00,     120.83,       0.00,   -383.086
-328,      86.25,      69384,      36.78,      20.00,      16.83,       1.37,      -0.01,       0.00,       0.00,      602.8,      592.7,     -0.016,     -0.015,      1.311,        0.0,      817.4,        1.5,     42.774,     -0.483,      67915,     104771,    569.985,     -6.887,       0.00,       0.00,     120.83,       0.00,   -383.117
-327,      88.53,      69065,      38.23,      20.01,      18.28,       1.45,      -0.00,       0.00,       0.00,      592.7,      582.6,     -0.015,     -0.015,      1.312,        0.0,      843.3,        0.8,     44.384,     -0.265,      67582,     107855,    569.985,     -7.047,       0.00,       0.00,     120.83,       0.00,   -383.147
-326,      90.87,      68768,      39.75,      20.01,      19.80,       1.52,      -0.00,       0.00,       0.00,      582.6,      572.6,     -0.015,     -0.014,      1.314,        0.0,      869.3,        0.1,     46.012,     -0.043,      67269,     110906,    569.985,     -7.210,       0.00,       0.00,     120.83,       0.00,   -383.176
-325,      93.27,      68505,      41.34,      20.01,      21.39,       1.59,      -0.00,       0.00,       0.00,      572.6,      562.9,     -0.014,     -0.013,      1.315,        0.0,      894.9,        0.0,     47.654,      0.000,      66977,     113840,    569.985,     -7.376,       0.00,       0.00,     120.83,       0.00,   -383.203
-324,      95.73,      68276,      43.01,      20.01,      23.06,       1.67,      -0.00,       0.00,       0.00,      562.9,      553.4,     -0.013,     -0.012,      1.317,        0.0,      920.0,        0.0,     49.272,      0.000,      66716,     116682,    569.985,     -7.546,       0.00,       0.00,     120.83,       0.00,   -383.229
-323,      98.23,      65942,      44.73,       0.00,      44.73,       1.72,      -0.00,       0.00,      98.23,      548.5,      548.5,     -0.000,     -0.012,      1.319,        0.0,      945.2,        0.0,     49.896,      0.000,      66737,     119409,    569.985,     -7.713,       0.00,       0.00,     120.83,       0.00,   -383.241
-322,     100.79,      65569,      46.53,       0.00,      46.53,       1.81,      -0.00,       0.00,     100.79,      538.5,      538.5,     -0.000,     -0.011,      1.320,        0.0,      970.8,        0.0,     52.069,      0.000,      66381,     122003,    569.985,     -7.882,       0.00,       0.00,     120.83,       0.00,   -383.252
-321,     103.41,      65269,      48.43,       0.00,      48.43,       1.90,      -0.00,       0.00,     103.41,      528.9,      528.9,     -0.000,     -0.010,      1.322,        0.0,      996.8,        0.0,     54.094,      0.000,      66091,     124449,    569.985,     -8.055,       0.00,       0.00,     120.83,       0.00,   -383.262
-320,     106.07,      65034,      50.41,       0.00,      50.41,       1.98,      -0.00,       0.00,     106.07,      519.7,      519.7,     -0.000,     -0.009,      1.323,        0.0,     1022.7,        0.0,     55.962,      0.000,      65859,     126738,    569.985,     -8.230,       0.00,       0.00,     120.83,       0.00,   -383.271
-319,     108.78,      64857,      52.47,       0.00,      52.47,       2.06,      -0.00,       0.00,     108.78,      510.9,      510.9,     -0.000,     -0.009,      1.324,        0.0,     1048.7,        0.0,     57.711,      0.000,      65679,     128863,    569.985,     -8.407,       0.00,       0.00,     120.83,       0.00,   -383.280
-318,     111.55,      64729,      54.61,       0.00,      54.61,       2.14,      -0.00,       0.00,     111.55,      502.6,      502.6,     -0.000,     -0.008,      1.326,        0.0,     1074.6,        0.0,     59.359,      0.000,      65545,     130821,    569.985,     -8.587,       0.00,       0.00,     120.83,       0.00,   -383.287
-317,     114.35,      64647,      56.83,       0.00,      56.83,       2.22,      -0.00,       0.00,     114.35,      494.7,      494.7,     -0.000,     -0.007,      1.327,        0.0,     1100.6,        0.0,     60.925,      0.000,      65452,     132616,    569.985,     -8.770,       0.00,       0.00,     120.83,       0.00,   -383.294
-316,     117.21,      64605,      59.12,       0.00,      59.12,       2.29,      -0.00,       0.00,     117.21,      487.3,      487.3,     -0.000,     -0.006,      1.328,        0.0,     1126.5,        0.0,     62.420,      0.000,      65397,     134252,    569.985,     -8.956,       0.00,       0.00,     120.83,       0.00,   -383.301
-315,     120.11,      64600,      61.48,       0.00,      61.48,       2.36,      -0.00,       0.00,     120.11,      480.2,      480.2,     -0.000,     -0.006,      1.329,        0.0,     1152.5,        0.0,     63.819,      0.000,      65374,     135737,    569.985,     -9.145,       0.00,       0.00,     120.83,       0.00,   -383.306
-314,     123.05,      64626,      63.91,       0.00,      63.91,       2.43,      -0.00,       0.00,     123.05,      473.5,      473.5,     -0.000,     -0.005,      1.330,        0.0,     1178.4,        0.0,     65.178,      0.000,      65382,     137082,    569.985,     -9.337,       0.00,       0.00,     120.83,       0.00,   -383.311
-313,     126.03,      64682,      66.42,       0.00,      66.42,       2.51,      -0.00,       0.00,     126.03,      467.2,      467.2,     -0.000,     -0.004,      1.331,        0.0,     1204.3,        0.0,     66.420,      0.000,      65435,     138296,    569.985,     -9.531,       0.00,       0.00,     120.83,       0.00,   -383.315
-312,     129.06,      64771,      69.04,       0.00,      69.04,       2.62,      -0.00,       0.00,     129.06,      461.2,      461.2,     -0.000,     -0.004,      1.332,        0.0,     1230.3,        0.0,     67.271,      0.000,      65605,     139392,    569.985,     -9.728,       0.00,       0.00,     120.83,       0.00,   -383.319
-311,     132.12,      64918,      71.76,       0.00,      71.76,       2.72,      -0.00,       0.00,     132.12,      455.5,      455.5,     -0.000,     -0.003,      1.333,        0.0,     1255.1,        0.0,     67.975,      0.000,      65826,     140383,    569.985,     -9.928,       0.00,       0.00,     120.83,       0.00,   -383.322
-310,     135.23,      65117,      74.58,       0.00,      74.58,       2.82,      -0.00,       0.00,     135.23,      450.1,      450.1,     -0.000,     -0.002,      1.334,        0.0,     1278.7,        0.0,     68.655,      0.000,      66065,     141281,    569.985,    -10.131,       0.00,       0.00,     120.83,       0.00,   -383.324
-309,     138.36,      65362,      77.51,       0.00,      77.51,       2.92,      -0.00,       0.00,     138.36,      445.0,      445.0,     -0.000,     -0.002,      1.334,        0.0,     1302.3,        0.0,     69.194,      0.000,      66347,     142097,    569.985,    -10.338,       0.00,       0.00,     120.83,       0.00,   -383.326
-308,     141.54,      65648,      80.53,       0.00,      80.53,       3.02,      -0.00,       0.00,     141.54,      440.1,      440.1,     -0.000,     -0.001,      1.335,        0.0,     1326.5,        0.0,     69.620,      0.000,      66670,     142843,    569.985,    -10.547,       0.00,       0.00,     120.83,       0.00,   -383.327
-307,     144.75,      65974,      83.65,       0.00,      83.65,       3.12,      -0.00,       0.00,     144.75,      435.6,      435.6,     -0.000,     -0.000,      1.336,        0.0,     1351.7,        0.0,     69.934,      0.000,      67030,     143530,    569.985,    -10.760,       0.00,       0.00,     120.83,       0.00,   -383.327
-306,     147.99,      66335,      86.87,       0.00,      86.87,       3.22,      -0.00,       0.00,     147.99,      431.2,      431.2,     -0.000,      0.000,      1.336,        0.0,     1376.8,        0.0,     70.145,      0.000,      67424,     144168,    569.985,    -10.976,       0.00,       0.00,     120.83,       0.00,   -383.327
-305,     151.26,      66729,      90.18,       0.00,      90.18,       3.31,      -0.00,       0.00,     151.26,      427.1,      427.1,     -0.000,      0.001,      1.337,        0.0,     1402.5,        0.0,     70.262,      0.000,      67848,     144767,    569.985,    -11.195,       0.00,       0.00,     120.83,       0.00,   -383.326
-304,     154.56,      67152,      93.58,       0.00,      93.58,       3.40,      -0.00,       0.00,     154.56,      423.3,      423.3,     -0.000,      0.001,      1.338,        0.0,     1428.4,        0.0,     70.295,      0.000,      68299,     145334,    569.985,    -11.418,       0.00,       0.00,     120.83,       0.00,   -383.325
-303,     157.88,      67602,      97.08,       0.00,      97.08,       3.49,      -0.00,       0.00,     157.88,      419.6,      419.6,     -0.000,      0.002,      1.338,        0.0,     1454.4,        0.0,     70.243,      0.000,      68775,     145877,    569.985,    -11.644,       0.00,       0.00,     120.83,       0.00,   -383.323
-302,     161.24,      68076,     100.66,       0.00,     100.66,       3.58,      -0.00,       0.00,     161.24,      416.2,      416.2,     -0.000,      0.002,      1.339,        0.0,     1479.6,        0.0,     70.120,      0.000,      69272,     146402,    569.985,    -11.873,       0.00,       0.00,     120.83,       0.00,   -383.320
-301,     164.62,      68570,     104.32,       0.00,     104.32,       3.66,      -0.00,       0.00,     164.62,      412.9,      412.9,     -0.000,      0.003,      1.339,        0.0,     1504.8,        0.0,     69.935,      0.000,      69787,     146916,    569.985,    -12.106,       0.00,       0.00,     120.83,       0.00,   -383.317
-300,     168.03,      69081,     108.06,       0.00,     108.06,       3.74,      -0.00,       0.00,     168.03,      409.8,      409.8,     -0.000,      0.004,      1.340,        0.0,     1529.9,        0.0,     69.695,      0.000,      70317,     147424,    569.985,    -12.342,       0.00,       0.00,     120.83,       0.00,   -383.314
-299,     171.45,      69607,     111.88,       0.00,     111.88,       3.82,      -0.00,       0.00,     171.45,      406.9,      406.9,     -0.000,      0.004,      1.340,        0.0,     1554.3,        0.0,     69.406,      0.000,      70860,     147929,    569.985,    -12.581,       0.00,       0.00,     120.83,       0.00,   -383.310
-298,     174.90,      70146,     115.78,       0.00,     115.78,       3.89,      -0.00,       0.00,     174.90,      404.1,      404.1,     -0.000,      0.005,      1.341,        0.0,     1578.7,        0.0,     69.119,      0.000,      71400,     148434,    569.985,    -12.823,       0.00,       0.00,     120.83,       0.00,   -383.305
-297,     178.37,      70696,     119.75,       0.00,     119.75,       3.97,      -0.00,       0.00,     178.37,      401.5,      401.5,     -0.000,      0.005,      1.341,        0.0,     1602.7,        0.0,     68.794,      0.000,      71948,     148942,    569.985,    -13.069,       0.00,       0.00,     120.83,       0.00,   -383.300
-296,     181.85,      71257,     123.78,       0.00,     123.78,       4.03,      -0.00,       0.00,     181.85,      399.1,      399.1,     -0.000,      0.006,      1.341,        0.0,     1625.5,        0.0,     68.427,      0.000,      72504,     149454,    569.985,    -13.318,       0.00,       0.00,     120.83,       0.00,   -383.294
-295,     185.36,      71824,     127.88,       0.00,     127.88,       4.10,      -0.00,       0.00,     185.36,      396.7,      396.7,     -0.000,      0.006,      1.342,        0.0,     1648.3,        0.0,     68.027,      0.000,      73065,     149970,    569.985,    -13.570,       0.00,       0.00,     120.83,       0.00,   -383.288
-294,     188.88,      72396,     132.04,       0.00,     132.04,       4.16,      -0.00,       0.00,     188.88,      394.5,      394.5,     -0.000,      0.007,      1.342,        0.0,     1670.7,        0.0,     67.594,      0.000,      73630,     150490,    569.985,    -13.826,       0.00,       0.00,     120.83,       0.00,   -383.281
-293,     192.41,      72973,     136.26,       0.00,     136.26,       4.22,      -0.00,       0.00,     192.41,      392.4,      392.4,     -0.000,      0.007,      1.342,        0.0,     1692.7,        0.0,     67.132,      0.000,      74198,     151012,    569.985,    -14.084,       0.00,       0.00,     120.83,       0.00,   -383.274
-292,     195.95,      73552,     140.54,       0.00,     140.54,       4.28,      -0.00,       0.00,     195.95,      390.5,      390.5,     -0.000,      0.008,      1.343,        0.0,     1714.7,        0.0,     66.644,      0.000,      74767,     151533,    569.985,    -14.345,       0.00,       0.00,     120.83,       0.00,   -383.266
-291,     199.51,      74133,     144.86,       0.00,     144.86,       4.33,      -0.00,       0.00,     199.51,      388.6,      388.6,     -0.000,      0.008,      1.343,        0.0,     1735.7,        0.0,     66.132,      0.000,      75337,     152051,    569.985,    -14.609,       0.00,       0.00,     120.83,       0.00,   -383.257
-290,     203.07,      74714,     149.23,       0.00,     149.23,       4.37,      -0.00,       0.00,     203.07,      386.8,      386.8,     -0.000,      0.009,      1.343,        0.0,     1756.1,        0.0,     65.602,      0.000,      75905,     152560,    569.985,    -14.876,       0.00,       0.00,     120.83,       0.00,   -383.249
-289,     206.65,      75292,     153.65,       0.00,     153.65,       4.42,      -0.00,       0.00,     206.65,      385.1,      385.1,     -0.000,      0.009,      1.343,        0.0,     1776.6,        0.0,     65.055,      0.000,      76470,     153055,    569.985,    -15.145,       0.00,       0.00,     120.83,       0.00,   -383.239
-288,     210.23,      75869,     158.11,       0.00,     158.11,       4.46,      -0.00,       0.00,     210.23,      383.5,      383.5,     -0.000,      0.010,      1.344,        0.0,     1795.6,        0.0,     64.493,      0.000,      77033,     153530,    569.985,    -15.417,       0.00,       0.00,     120.83,       0.00,   -383.229
-287,     213.82,      76442,     162.61,       0.00,     162.61,       4.49,      -0.00,       0.00,     213.82,      381.9,      381.9,     -0.000,      0.010,      1.344,        0.0,     1814.5,        0.0,     63.918,      0.000,      77591,     153979,    569.985,    -15.692,       0.00,       0.00,     120.83,       0.00,   -383.219
-286,     217.41,      77010,     167.13,       0.00,     167.13,       4.53,      -0.00,       0.00,     217.41,      380.5,      380.5,     -0.000,      0.011,      1.344,        0.0,     1833.3,        0.0,     63.331,      0.000,      78144,     154395,    569.985,    -15.968,       0.00,       0.00,     120.83,       0.00,   -383.208
-285,     221.00,      77573,     171.69,       0.00,     171.69,       4.56,      -0.00,       0.00,     221.00,      379.1,      379.1,     -0.000,      0.011,      1.344,        0.0,     1851.4,        0.0,     62.730,      0.000,      78691,     154769,    569.985,    -16.247,       0.00,       0.00,     120.83,       0.00,   -383.197
-284,     224.60,      78130,     176.28,       0.00,     176.28,       4.59,      -0.00,       0.00,     224.60,      377.7,      377.7,     -0.000,      0.012,      1.344,        0.0,     1869.4,        0.0,     62.114,      0.000,      79232,     155093,    569.985,    -16.528,       0.00,       0.00,     120.83,       0.00,   -383.185
-283,     228.19,      78681,     180.89,       0.00,     180.89,       4.61,      -0.00,       0.00,     228.19,      376.5,      376.5,     -0.000,      0.012,      1.345,        0.0,     1886.6,        0.0,     61.481,      0.000,      79766,     155358,    569.985,    -16.811,       0.00,       0.00,     120.83,       0.00,   -383.173
-282,     231.79,      79225,     185.52,       0.00,     185.52,       4.63,      -0.00,       0.00,     231.79,      375.3,      375.3,     -0.000,      0.013,      1.345,        0.0,     1901.6,        0.0,     60.832,      0.000,      80290,     155556,    569.985,    -17.096,       0.00,       0.00,     120.83,       0.00,   -383.160
-281,     235.38,      79758,     190.16,       0.00,     190.16,       4.64,      -0.00,       0.00,     235.38,      374.1,      374.1,     -0.000,      0.013,      1.345,        0.0,     1916.6,        0.0,     60.174,      0.000,      80804,     155677,    569.985,    -17.382,       0.00,       0.00,     120.83,       0.00,   -383.147
-280,     238.97,      80281,     194.80,       0.00,     194.80,       4.65,      -0.00,       0.00,     238.97,      373.0,      373.0,     -0.000,      0.014,      1.345,        0.0,     1931.8,        0.0,     59.504,      0.000,      81307,     155713,    569.985,    -17.670,       0.00,       0.00,     120.83,       0.00,   -383.133
-279,     242.56,      80794,     199.46,       0.00,     199.46,       4.66,      -0.00,       0.00,     242.56,      371.9,      371.9,     -0.000,      0.014,      1.345,        0.0,     1947.5,        0.0,     58.819,      0.000,      81800,     155654,    569.985,    -17.960,       0.00,       0.00,     120.83,       0.00,   -383.119
-278,     246.14,      81298,     204.13,       0.00,     204.13,       4.66,      -0.00,       0.00,     246.14,      370.9,      370.9,     -0.000,      0.015,      1.345,        0.0,     1963.2,        0.0,     58.121,      0.000,      82282,     155493,    569.985,    -18.250,       0.00,       0.00,     120.83,       0.00,   -383.104
-277,     249.71,      81791,     208.79,       0.00,     208.79,       4.67,      -0.00,       0.00,     249.71,      369.9,      369.9,     -0.000,      0.015,      1.346,        0.0,     1977.9,        0.0,     57.413,      0.000,      82755,     155221,    569.985,    -18.542,       0.00,       0.00,     120.83,       0.00,   -383.089
-276,     253.27,      82274,     213.45,       0.00,     213.45,       4.66,      -0.00,       0.00,     253.27,      369.0,      369.0,     -0.000,      0.016,      1.346,        0.0,     1991.3,        0.0,     56.702,      0.000,      83217,     154832,    569.985,    -18.835,       0.00,       0.00,     120.83,       0.00,   -383.073
-275,     256.83,      82745,     218.11,       0.00,     218.11,       4.66,      -0.00,       0.00,     256.83,      368.1,      368.1,     -0.000,      0.016,      1.346,        0.0,     2004.6,        0.0,     55.997,      0.000,      83667,     154320,    569.985,    -19.129,       0.00,       0.00,     120.83,       0.00,   -383.057
-274,     260.37,      83205,     222.76,       0.00,     222.76,       4.65,      -0.00,       0.00,     260.37,      367.3,      367.3,     -0.000,      0.017,      1.346,        0.0,     2017.5,        0.0,     55.308,      0.000,      84107,     153679,    569.985,    -19.423,       0.00,       0.00,     120.83,       0.00,   -383.040
-273,     263.90,      83654,     227.40,       0.00,     227.40,       4.64,      -0.00,       0.00,     263.90,      366.4,      366.4,     -0.000,      0.017,      1.346,        0.0,     2030.1,        0.0,     54.644,      0.000,      84537,     152907,    569.985,    -19.718,       0.00,       0.00,     120.83,       0.00,   -383.023
-272,     267.42,      84094,     232.04,       0.00,     232.04,       4.64,      -0.00,       0.00,     267.42,      365.6,      365.6,     -0.000,      0.018,      1.346,        0.0,     2042.7,        0.0,     54.016,      0.000,      84958,     152001,    569.985,    -20.013,       0.00,       0.00,     120.83,       0.00,   -383.006
-271,     270.92,      84524,     236.67,       0.00,     236.67,       4.63,      -0.00,       0.00,     270.92,      364.9,      364.9,     -0.000,      0.018,      1.346,        0.0,     2054.6,        0.0,     53.436,      0.000,      85373,     150962,    569.985,    -20.309,       0.00,       0.00,     120.83,       0.00,   -382.988
-270,     274.41,      84948,     241.31,       0.00,     241.31,       4.63,      -0.00,       0.00,     274.41,      364.2,      364.2,     -0.000,      0.018,      1.346,        0.0,     2066.3,        0.0,     52.914,      0.000,      85782,     149793,    569.985,    -20.604,       0.00,       0.00,     120.83,       0.00,   -382.969
-269,     277.88,      85368,     245.95,       0.00,     245.95,       4.64,      -0.00,       0.00,     277.88,      363.5,      363.5,     -0.000,      0.019,      1.347,        0.0,     2078.0,        0.0,     52.461,      0.000,      86190,     148498,    569.985,    -20.900,       0.00,       0.00,     120.83,       0.00,   -382.951
-268,     281.34,      85785,     250.59,       0.00,     250.59,       4.65,      -0.00,       0.00,     281.34,      362.8,      362.8,     -0.000,      0.019,      1.347,        0.0,     2087.4,        0.0,     52.086,      0.000,      86598,     147086,    569.985,    -21.196,       0.00,       0.00,     120.83,       0.00,   -382.931
-267,     284.77,      86201,     255.25,       0.00,     255.25,       4.66,      -0.00,       0.00,     284.77,      362.1,      362.1,     -0.000,      0.020,      1.347,        0.0,     2096.8,        0.0,     51.801,      0.000,      87008,     145565,    569.985,    -21.491,       0.00,       0.00,     120.83,       0.00,   -382.911
-266,     288.19,      86620,     259.93,       0.00,     259.93,       4.68,      -0.00,       0.00,     288.19,      361.5,      361.5,     -0.000,      0.020,      1.347,        0.0,     2106.0,        0.0,     51.606,      0.000,      87423,     143946,    569.985,    -21.786,       0.00,       0.00,     120.83,       0.00,   -382.891
-265,     291.59,      87044,     264.64,       0.00,     264.64,       4.71,      -0.00,       0.00,     291.59,      360.9,      360.9,     -0.000,      0.021,      1.347,        0.0,     2114.7,        0.0,     51.496,      0.000,      87846,     142239,    569.985,    -22.081,       0.00,       0.00,     120.83,       0.00,   -382.871
-264,     294.96,      87476,     269.39,       0.00,     269.39,       4.74,      -0.00,       0.00,     294.96,      360.4,      360.4,     -0.000,      0.021,      1.347,        0.0,     2123.3,        0.0,     51.467,      0.000,      88281,     140456,    569.985,    -22.375,       0.00,       0.00,     120.83,       0.00,   -382.849
-263,     298.32,      87920,     274.17,       0.00,     274.17,       4.79,      -0.00,       0.00,     298.32,      359.9,      359.9,     -0.000,      0.022,      1.347,        0.0,     2131.6,        0.0,     51.507,      0.000,      88729,     138611,    569.985,    -22.669,       0.00,       0.00,     120.83,       0.00,   -382.828
-262,     301.65,      88377,     279.01,       0.00,     279.01,       4.83,      -0.00,       0.00,     301.65,      359.4,      359.4,     -0.000,      0.022,      1.347,        0.0,     2139.5,        0.0,     51.605,      0.000,      89192,     136718,    569.985,    -22.962,       0.00,       0.00,     120.83,       0.00,   -382.806
-261,     304.95,      88849,     283.89,       0.00,     283.89,       4.89,      -0.00,       0.00,     304.95,      358.9,      358.9,     -0.000,      0.022,      1.347,        0.0,     2147.3,        0.0,     51.746,      0.000,      89672,     134790,    569.985,    -23.255,       0.00,       0.00,     120.83,       0.00,   -382.783
-260,     308.23,      89338,     288.83,       0.00,     288.83,       4.94,      -0.00,       0.00,     308.23,      358.5,      358.5,     -0.000,      0.023,      1.347,        0.0,     2153.5,        0.0,     51.920,      0.000,      90170,     132842,    569.985,    -23.547,       0.00,       0.00,     120.83,       0.00,   -382.760
-259,     311.49,      89844,     293.83,       0.00,     293.83,       4.99,      -0.00,       0.00,     311.49,      358.1,      358.1,     -0.000,      0.023,      1.347,        0.0,     2159.0,        0.0,     52.112,      0.000,      90686,     130887,    569.985,    -23.838,       0.00,       0.00,     120.83,       0.00,   -382.737
-258,     314.71,      90367,     298.87,       0.00,     298.87,       5.05,      -0.00,       0.00,     314.71,      357.7,      357.7,     -0.000,      0.024,      1.347,        0.0,     2164.5,        0.0,     52.308,      0.000,      91219,     128937,    569.985,    -24.128,       0.00,       0.00,     120.83,       0.00,   -382.713
-257,     317.91,      90908,     303.97,       0.00,     303.97,       5.10,      -0.00,       0.00,     317.91,      357.3,      357.3,     -0.000,      0.024,      1.347,        0.0,     2169.3,        0.0,     52.496,      0.000,      91770,     127005,    569.985,    -24.418,       0.00,       0.00,     120.83,       0.00,   -382.689
-256,     321.09,      91465,     309.13,       0.00,     309.13,       5.15,      -0.00,       0.00,     321.09,      357.0,      357.0,     -0.000,      0.025,      1.347,        0.0,     2174.0,        0.0,     52.668,      0.000,      92337,     125104,    569.985,    -24.707,       0.00,       0.00,     120.83,       0.00,   -382.664
-255,     324.23,      92039,     314.33,       0.00,     314.33,       5.20,      -0.00,       0.00,     324.23,      356.7,      356.7,     -0.000,      0.025,      1.348,        0.0,     2178.5,        0.0,     52.816,      0.000,      92921,     123244,    569.985,    -24.995,       0.00,       0.00,     120.83,       0.00,   -382.639
-254,     327.34,      92629,     319.58,       0.00,     319.58,       5.25,      -0.00,       0.00,     327.34,      356.4,      356.4,     -0.000,      0.026,      1.348,        0.0,     2181.4,        0.0,     52.934,      0.000,      93519,     121433,    569.985,    -25.282,       0.00,       0.00,     120.83,       0.00,   -382.614
-253,     330.43,      93232,     324.87,       0.00,     324.87,       5.29,      -0.00,       0.00,     330.43,      356.1,      356.1,     -0.000,      0.026,      1.348,        0.0,     2184.2,        0.0,     53.023,      0.000,      94130,     119680,    569.985,    -25.568,       0.00,       0.00,     120.83,       0.00,   -382.588
-252,     333.48,      93849,     330.20,       0.00,     330.20,       5.33,      -0.00,       0.00,     333.48,      355.9,      355.9,     -0.000,      0.026,      1.348,        0.0,     2187.0,        0.0,     53.081,      0.000,      94753,     117990,    569.985,    -25.853,       0.00,       0.00,     120.83,       0.00,   -382.562
-251,     336.50,      94478,     335.57,       0.00,     335.57,       5.36,      -0.00,       0.00,     336.50,      355.7,      355.7,     -0.000,      0.027,      1.348,        0.0,     2188.6,        0.0,     53.103,      0.000,      95387,     116367,    569.985,    -26.137,       0.00,       0.00,     120.83,       0.00,   -382.535
-250,     339.49,      95117,     340.96,       0.00,     340.96,       5.39,      -0.00,       0.00,     339.49,      355.5,      355.5,     -0.000,      0.027,      1.348,        0.0,     2190.2,        0.0,     53.091,      0.000,      96031,     114815,    569.985,    -26.419,       0.00,       0.00,     120.83,       0.00,   -382.508
-249,     342.44,      95767,     346.38,       0.00,     346.38,       5.42,      -0.00,       0.00,     342.44,      355.3,      355.3,     -0.000,      0.028,      1.348,        0.0,     2191.5,        0.0,     53.044,      0.000,      96683,     113336,    569.985,    -26.700,       0.00,       0.00,     120.83,       0.00,   -382.480
-248,     345.36,      96425,     351.83,       0.00,     351.83,       5.44,      -0.00,       0.00,     345.36,      355.1,      355.1,     -0.000,      0.028,      1.348,        0.0,     2192.3,        0.0,     52.963,      0.000,      97343,     111930,    569.985,    -26.980,       0.00,       0.00,     120.83,       0.00,   -382.452
-247,     348.25,      97090,     357.29,       0.00,     357.29,       5.46,      -0.00,       0.00,     348.25,      355.0,      355.0,     -0.000,      0.029,      1.348,        0.0,     2193.1,        0.0,     52.848,      0.000,      98009,     110597,    569.985,    -27.259,       0.00,       0.00,     120.83,       0.00,   -382.423
-246,     351.10,      97762,     362.76,       0.00,     362.76,       5.47,      -0.00,       0.00,     351.10,      354.8,      354.8,     -0.000,      0.029,      1.348,        0.0,     2193.1,        0.0,     52.701,      0.000,      98680,     109336,    569.985,    -27.536,       0.00,       0.00,     120.83,       0.00,   -382.394
-245,     353.91,      98439,     368.24,       0.00,     368.24,       5.48,      -0.00,       0.00,     353.91,      354.7,      354.7,     -0.000,      0.029,      1.348,        0.0,     2192.4,        0.0,     52.522,      0.000,      99355,     108145,    569.985,    -27.811,       0.00,       0.00,     120.83,       0.00,   -382.365
-244,     356.69,      99120,     373.73,       0.00,     373.73,       5.49,      -0.00,       0.00,     356.69,      354.6,      354.6,     -0.000,      0.030,      1.348,        0.0,     2191.6,        0.0,     52.316,      0.000,     100034,     107023,    569.985,    -28.085,       0.00,       0.00,     120.83,       0.00,   -382.335
-243,     359.44,      99804,     379.22,       0.00,     379.22,       5.49,      -0.00,       0.00,     359.44,      354.5,      354.5,     -0.000,      0.030,      1.348,        0.0,     2189.7,        0.0,     52.081,      0.000,     100714,     105966,    569.985,    -28.357,       0.00,       0.00,     120.83,       0.00,   -382.305
-242,     362.15,     100491,     384.70,       0.00,     384.70,       5.48,      -0.00,       0.00,     362.15,      354.4,      354.4,     -0.000,      0.031,      1.348,        0.0,     2187.4,        0.0,     51.822,      0.000,     101396,     104971,    569.985,    -28.627,       0.00,       0.00,     120.83,       0.00,   -382.274
-241,     364.81,     101178,     390.17,       0.00,     390.17,       5.47,      -0.00,       0.00,     364.81,      354.3,      354.3,     -0.000,      0.031,      1.348,        0.0,     2185.0,        0.0,     51.541,      0.000,     102078,     104033,    569.985,    -28.896,       0.00,       0.00,     120.83,       0.00,   -382.243
-240,     367.45,     101866,     395.63,       0.00,     395.63,       5.46,      -0.00,       0.00,     367.45,      354.2,      354.2,     -0.000,      0.031,      1.348,        0.0,     2181.2,        0.0,     51.238,      0.000,     102759,     103151,    569.985,    -29.162,       0.00,       0.00,     120.83,       0.00,   -382.212
-239,     370.04,     102554,     401.07,       0.00,     401.07,       5.44,      -0.00,       0.00,     370.04,      354.1,      354.1,     -0.000,      0.032,      1.348,        0.0,     2177.3,        0.0,     50.918,      0.000,     103440,     102319,    569.985,    -29.426,       0.00,       0.00,     120.83,       0.00,   -382.180
-238,     372.59,     103240,     406.49,       0.00,     406.49,       5.42,      -0.00,       0.00,     372.59,      354.1,      354.1,     -0.000,      0.032,      1.348,        0.0,     2173.3,        0.0,     50.581,      0.000,     104118,     101533,    569.985,    -29.687,       0.00,       0.00,     120.83,       0.00,   -382.148
-237,     375.11,     103925,     411.89,       0.00,     411.89,       5.40,      -0.00,       0.00,     375.11,      354.0,      354.0,     -0.000,      0.033,      1.348,        0.0,     2168.6,        0.0,     50.230,      0.000,     104795,     100791,    569.985,    -29.947,       0.00,       0.00,     120.83,       0.00,   -382.115
-236,     377.59,     104608,     417.26,       0.00,     417.26,       5.37,      -0.00,       0.00,     377.59,      354.0,      354.0,     -0.000,      0.033,      1.348,        0.0,     2163.9,        0.0,     49.865,      0.000,     105469,     100089,    569.985,    -30.204,       0.00,       0.00,     120.83,       0.00,   -382.082
-235,     380.02,     105288,     422.61,       0.00,     422.61,       5.34,      -0.00,       0.00,     380.02,      353.9,      353.9,     -0.000,      0.033,      1.348,        0.0,     2158.6,        0.0,     49.489,      0.000,     106140,      99423,    569.985,    -30.458,       0.00,       0.00,     120.83,       0.00,   -382.049
-234,     382.42,     105966,     427.92,       0.00,     427.92,       5.31,      -0.00,       0.00,     382.42,      353.9,      353.9,     -0.000,      0.034,      1.348,        0.0,     2152.3,        0.0,     49.103,      0.000,     106809,      98791,    569.985,    -30.710,       0.00,       0.00,     120.83,       0.00,   -382.015
-233,     384.77,     106641,     433.20,       0.00,     433.20,       5.28,      -0.00,       0.00,     384.77,      353.9,      353.9,     -0.000,      0.034,      1.348,        0.0,     2146.1,        0.0,     48.709,      0.000,     107474,      98191,    569.985,    -30.959,       0.00,       0.00,     120.83,       0.00,   -381.981
-232,     387.09,     107312,     438.44,       0.00,     438.44,       5.24,      -0.00,       0.00,     387.09,      353.9,      353.9,     -0.000,      0.035,      1.348,        0.0,     2138.9,        0.0,     48.307,      0.000,     108135,      97622,    569.985,    -31.205,       0.00,       0.00,     120.83,       0.00,   -381.946
-231,     389.36,     107980,     443.64,       0.00,     443.64,       5.20,      -0.00,       0.00,     389.36,      353.9,      353.9,     -0.000,      0.035,      1.348,        0.0,     2131.1,        0.0,     47.900,      0.000,     108792,      97082,    569.985,    -31.449,       0.00,       0.00,     120.83,       0.00,   -381.911
-230,     391.60,     108643,     448.80,       0.00,     448.80,       5.16,      -0.00,       0.00,     391.60,      353.9,      353.9,     -0.000,      0.035,      1.348,        0.0,     2123.2,        0.0,     47.488,      0.000,     109445,      96570,    569.985,    -31.689,       0.00,       0.00,     120.83,       0.00,   -381.876
-229,     393.79,     109303,     453.92,       0.00,     453.92,       5.12,      -0.00,       0.00,     393.79,      353.8,      353.8,     -0.000,      0.036,      1.348,        0.0,     2114.8,        0.0,     47.072,      0.000,     110094,      96088,    569.985,    -31.926,       0.00,       0.00,     120.83,       0.00,   -381.841
-228,     395.94,     109958,     458.99,       0.00,     458.99,       5.07,      -0.00,       0.00,     395.94,      353.9,      353.9,     -0.000,      0.036,      1.348,        0.0,     2106.1,        0.0,     46.652,      0.000,     110738,      95636,    569.985,    -32.160,       0.00,       0.00,     120.83,       0.00,   -381.805
-227,     398.04,     110609,     464.02,       0.00,     464.02,       5.03,      -0.00,       0.00,     398.04,      353.9,      353.9,     -0.000,      0.036,      1.348,        0.0,     2097.5,        0.0,     46.224,      0.000,     111378,      95217,    569.985,    -32.391,       0.00,       0.00,     120.83,       0.00,   -381.768
-226,     400.11,     111256,     468.99,       0.00,     468.99,       4.98,      -0.00,       0.00,     400.11,      353.9,      353.9,     -0.000,      0.037,      1.348,        0.0,     2087.6,        0.0,     45.797,      0.000,     112013,      94833,    569.985,    -32.618,       0.00,       0.00,     120.83,       0.00,   -381.731
-225,     402.13,     111898,     473.92,       0.00,     473.92,       4.93,      -0.00,       0.00,     402.13,      353.9,      353.9,     -0.000,      0.037,      1.348,        0.0,     2077.5,        0.0,     45.367,      0.000,     112644,      94485,    569.985,    -32.842,       0.00,       0.00,     120.83,       0.00,   -381.694
-224,     404.11,     112536,     478.80,       0.00,     478.80,       4.88,      -0.00,       0.00,     404.11,      353.9,      353.9,     -0.000,      0.037,      1.348,        0.0,     2067.5,        0.0,     44.935,      0.000,     113271,      94179,    569.985,    -33.063,       0.00,       0.00,     120.83,       0.00,   -381.657
-223,     406.05,     113169,     483.62,       0.00,     483.62,       4.82,      -0.00,       0.00,     406.05,      353.9,      353.9,     -0.000,      0.038,      1.348,        0.0,     2056.0,        0.0,     44.500,      0.000,     113893,      93918,    569.985,    -33.279,       0.00,       0.00,     120.83,       0.00,   -381.619
-222,     407.94,     113798,     488.38,       0.00,     488.38,       4.77,      -0.00,       0.00,     407.94,      354.0,      354.0,     -0.000,      0.038,      1.348,        0.0,     2044.2,        0.0,     44.063,      0.000,     114510,      93706,    569.985,    -33.493,       0.00,       0.00,     120.83,       0.00,   -381.581
-221,     409.79,     114421,     493.09,       0.00,     493.09,       4.71,      -0.00,       0.00,     409.79,      354.0,      354.0,     -0.000,      0.038,      1.348,        0.0,     2032.3,        0.0,     43.626,      0.000,     115122,      93548,    569.985,    -33.702,       0.00,       0.00,     120.83,       0.00,   -381.543
-220,     411.60,     115040,     497.75,       0.00,     497.75,       4.65,      -0.00,       0.00,     411.60,      354.1,      354.1,     -0.000,      0.039,      1.348,        0.0,     2019.7,        0.0,     43.186,      0.000,     115729,      93449,    569.985,    -33.907,       0.00,       0.00,     120.83,       0.00,   -381.504
-219,     413.37,     115654,     502.34,       0.00,     502.34,       4.59,      -0.00,       0.00,     413.37,      354.1,      354.1,     -0.000,      0.039,      1.348,        0.0,     2007.2,        0.0,     42.743,      0.000,     116331,      93414,    569.985,    -34.109,       0.00,       0.00,     120.83,       0.00,   -381.465
-218,     415.09,     116263,     506.87,       0.00,     506.87,       4.53,      -0.00,       0.00,     415.09,      354.2,      354.2,     -0.000,      0.039,      1.348,        0.0,     1994.1,        0.0,     42.299,      0.000,     116929,      93450,    569.985,    -34.306,       0.00,       0.00,     120.83,       0.00,   -381.426
-217,     416.76,     116868,     511.34,       0.00,     511.34,       4.47,      -0.00,       0.00,     416.76,      354.2,      354.2,     -0.000,      0.040,      1.348,        0.0,     1980.0,        0.0,     41.851,      0.000,     117521,      93561,    569.985,    -34.500,       0.00,       0.00,     120.83,       0.00,   -381.386
-216,     418.40,     117467,     515.74,       0.00,     515.74,       4.40,      -0.00,       0.00,     418.40,      354.3,      354.3,     -0.000,      0.040,      1.348,        0.0,     1965.8,        0.0,     41.402,      0.000,     118109,      93753,    569.985,    -34.689,       0.00,       0.00,     120.83,       0.00,   -381.346
-215,     419.98,     118061,     520.08,       0.00,     520.08,       4.34,      -0.00,       0.00,     419.98,      354.3,      354.3,     -0.000,      0.040,      1.348,        0.0,     1950.9,        0.0,     40.950,      0.000,     118692,      94030,    569.985,    -34.874,       0.00,       0.00,     120.83,       0.00,   -381.306
-214,     421.53,     118651,     524.35,       0.00,     524.35,       4.27,      -0.00,       0.00,     421.53,      354.4,      354.4,     -0.000,      0.040,      1.348,        0.0,     1935.1,        0.0,     40.495,      0.000,     119269,      94398,    569.985,    -35.055,       0.00,       0.00,     120.83,       0.00,   -381.266
-213,     423.03,     119235,     528.56,       0.00,     528.56,       4.20,      -0.00,       0.00,     423.03,      354.5,      354.5,     -0.000,      0.041,      1.348,        0.0,     1919.4,        0.0,     40.037,      0.000,     119841,      94860,    569.985,    -35.231,       0.00,       0.00,     120.83,       0.00,   -381.225
-212,     424.49,     119814,     532.69,       0.00,     532.69,       4.13,      -0.00,       0.00,     424.49,      354.6,      354.6,     -0.000,      0.041,      1.348,        0.0,     1902.6,        0.0,     39.576,      0.000,     120408,      95420,    569.985,    -35.403,       0.00,       0.00,     120.83,       0.00,   -381.184
-211,     425.90,     120387,     536.75,       0.00,     536.75,       4.06,      -0.00,       0.00,     425.90,      354.6,      354.6,     -0.000,      0.041,      1.348,        0.0,     1885.3,        0.0,     39.111,      0.000,     120970,      96079,    569.985,    -35.570,       0.00,       0.00,     120.83,       0.00,   -381.143
-210,     427.27,     120955,     540.74,       0.00,     540.74,       3.99,      -0.00,       0.00,     427.27,      354.7,      354.7,     -0.000,      0.041,      1.348,        0.0,     1868.0,        0.0,     38.642,      0.000,     121525,      96840,    569.985,    -35.733,       0.00,       0.00,     120.83,       0.00,   -381.101
-209,     428.59,     121518,     544.65,       0.00,     544.65,       3.91,      -0.00,       0.00,     428.59,      354.8,      354.8,     -0.000,      0.042,      1.348,        0.0,     1849.9,        0.0,     38.167,      0.000,     122076,      97702,    569.985,    -35.891,       0.00,       0.00,     120.83,       0.00,   -381.060
-208,     429.87,     122075,     548.49,       0.00,     548.49,       3.84,      -0.00,       0.00,     429.87,      354.9,      354.9,     -0.000,      0.042,      1.348,        0.0,     1831.9,        0.0,     37.686,      0.000,     122620,      98664,    569.985,    -36.044,       0.00,       0.00,     120.83,       0.00,   -381.018
-207,     431.10,     122627,     552.26,       0.00,     552.26,       3.76,      -0.00,       0.00,     431.10,      355.0,      355.0,     -0.000,      0.042,      1.348,        0.0,     1813.6,        0.0,     37.195,      0.000,     123159,      99724,    569.985,    -36.193,       0.00,       0.00,     120.83,       0.00,   -380.975
-206,     432.29,     123173,     555.94,       0.00,     555.94,       3.68,      -0.00,       0.00,     432.29,      355.1,      355.1,     -0.000,      0.042,      1.348,        0.0,     1793.9,        0.0,     36.697,      0.000,     123693,     100877,    569.985,    -36.337,       0.00,       0.00,     120.83,       0.00,   -380.933
-205,     433.44,     123714,     559.55,       0.00,     559.55,       3.60,      -0.00,       0.00,     433.44,      355.2,      355.2,     -0.000,      0.043,      1.348,        0.0,     1774.3,        0.0,     36.190,      0.000,     124220,     102117,    569.985,    -36.475,       0.00,       0.00,     120.83,       0.00,   -380.890
-204,     434.54,     124249,     563.07,       0.00,     563.07,       3.52,      -0.00,       0.00,     434.54,      355.3,      355.3,     -0.000,      0.043,      1.348,        0.0,     1754.1,        0.0,     35.673,      0.000,     124742,     103438,    569.985,    -36.609,       0.00,       0.00,     120.83,       0.00,   -380.848
-203,     435.59,     124777,     566.51,       0.00,     566.51,       3.44,      -0.00,       0.00,     435.59,      355.4,      355.4,     -0.000,      0.043,      1.348,        0.0,     1732.8,        0.0,     35.149,      0.000,     125257,     104830,    569.985,    -36.738,       0.00,       0.00,     120.83,       0.00,   -380.805
-202,     436.60,     125300,     569.86,       0.00,     569.86,       3.36,      -0.00,       0.00,     436.60,      355.5,      355.5,     -0.000,      0.043,      1.348,        0.0,     1711.6,        0.0,     34.608,      0.000,     125766,     106284,    569.985,    -36.862,       0.00,       0.00,     120.83,       0.00,   -380.761
-201,     437.57,     125816,     573.13,       0.00,     573.13,       3.27,      -0.00,       0.00,     437.57,      355.6,      355.6,     -0.000,      0.043,      1.348,        0.0,     1689.9,        0.0,     34.051,      0.000,     126268,     107789,    569.985,    -36.981,       0.00,       0.00,     120.83,       0.00,   -380.718
-200,     438.49,     126325,     576.32,       0.00,     576.32,       3.18,      -0.00,       0.00,     438.49,      355.7,      355.7,     -0.000,      0.044,      1.348,        0.0,     1667.9,        0.0,     33.483,      0.000,     126764,     109331,    569.985,    -37.094,       0.00,       0.00,     120.83,       0.00,   -380.674
-199,     439.37,     126828,     579.41,       0.00,     579.41,       3.09,      -0.00,       0.00,     439.37,      355.9,      355.9,     -0.000,      0.044,      1.348,        0.0,     1645.9,        0.0,     32.895,      0.000,     127253,     110897,    569.985,    -37.203,       0.00,       0.00,     120.83,       0.00,   -380.631
-198,     440.20,     127325,     582.41,       0.00,     582.41,       3.00,      -0.00,       0.00,     440.20,      356.0,      356.0,     -0.000,      0.044,      1.348,        0.0,     1624.3,        0.0,     32.286,      0.000,     127734,     112474,    569.985,    -37.306,       0.00,       0.00,     120.83,       0.00,   -380.587
-197,     440.98,     127815,     585.33,       0.00,     585.33,       2.91,      -0.00,       0.00,     440.98,      356.1,      356.1,     -0.000,      0.044,      1.348,        0.0,     1602.9,        0.0,     31.655,      0.000,     128209,     114049,    569.985,    -37.403,       0.00,       0.00,     120.83,       0.00,   -380.543
-196,     441.73,     128298,     588.15,       0.00,     588.15,       2.82,      -0.00,       0.00,     441.73,      356.3,      356.3,     -0.000,      0.044,      1.348,        0.0,     1581.4,        0.0,     31.003,      0.000,     128678,     115608,    569.985,    -37.496,       0.00,       0.00,     120.83,       0.00,   -380.499
-195,     442.42,     128776,     590.88,       0.00,     590.88,       2.73,      -0.00,       0.00,     442.42,      356.4,      356.4,     -0.000,      0.044,      1.348,        0.0,     1558.0,        0.0,     30.325,      0.000,     129139,     117141,    569.985,    -37.582,       0.00,       0.00,     120.83,       0.00,   -380.454
-194,     443.07,     129245,     593.51,       0.00,     593.51,       2.63,      -0.00,       0.00,     443.07,      356.5,      356.5,     -0.000,      0.044,      1.348,        0.0,     1533.6,        0.0,     29.626,      0.000,     129589,     118635,    569.985,    -37.664,       0.00,       0.00,     120.83,       0.00,   -380.410
-193,     443.68,     129707,     596.04,       0.00,     596.04,       2.53,      -0.00,       0.00,     443.68,      356.7,      356.7,     -0.000,      0.045,      1.348,        0.0,     1509.2,        0.0,     28.902,      0.000,     130031,     120084,    569.985,    -37.740,       0.00,       0.00,     120.83,       0.00,   -380.365
-192,     444.24,     130161,     598.47,       0.00,     598.47,       2.43,      -0.00,       0.00,     444.24,      356.8,      356.8,     -0.000,      0.045,      1.348,        0.0,     1483.4,        0.0,     28.147,      0.000,     130465,     121480,    569.985,    -37.810,       0.00,       0.00,     120.83,       0.00,   -380.321
-191,     444.76,     130606,     600.79,       0.00,     600.79,       2.32,      -0.00,       0.00,     444.76,      357.0,      357.0,     -0.000,      0.045,      1.347,        0.0,     1457.5,        0.0,     27.359,      0.000,     130890,     122816,    569.985,    -37.874,       0.00,       0.00,     120.83,       0.00,   -380.276
-190,     445.23,     131043,     603.01,       0.00,     603.01,       2.22,      -0.00,       0.00,     445.23,      357.1,      357.1,     -0.000,      0.045,      1.347,        0.0,     1431.6,        0.0,     26.541,      0.000,     131307,     124090,    569.985,    -37.933,       0.00,       0.00,     120.83,       0.00,   -380.231
-189,     445.66,     131471,     605.13,       0.00,     605.13,       2.12,      -0.00,       0.00,     445.66,      357.3,      357.3,     -0.000,      0.045,      1.347,        0.0,     1406.5,        0.0,     25.686,      0.000,     131716,     125299,    569.985,    -37.987,       0.00,       0.00,     120.83,       0.00,   -380.186
-188,     446.04,     131890,     607.14,       0.00,     607.14,       2.01,      -0.00,       0.00,     446.04,      357.4,      357.4,     -0.000,      0.045,      1.347,        0.0,     1381.3,        0.0,     24.795,      0.000,     132116,     126442,    569.985,    -38.034,       0.00,       0.00,     120.83,       0.00,   -380.141
-187,     446.38,     132301,     609.04,       0.00,     609.04,       1.90,      -0.00,       0.00,     446.38,      357.6,      357.6,     -0.000,      0.045,      1.347,        0.0,     1355.9,        0.0,     23.862,      0.000,     132508,     127519,    569.985,    -38.076,       0.00,       0.00,     120.83,       0.00,   -380.096
-186,     446.67,     132703,     610.84,       0.00,     610.84,       1.79,      -0.00,       0.00,     446.67,      357.8,      357.8,     -0.000,      0.045,      1.347,        0.0,     1329.9,        0.0,     22.893,      0.000,     132892,     128531,    569.985,    -38.111,       0.00,       0.00,     120.83,       0.00,   -380.051
-185,     446.92,     133096,     612.52,       0.00,     612.52,       1.69,      -0.00,       0.00,     446.92,      357.9,      357.9,     -0.000,      0.045,      1.347,        0.0,     1304.0,        0.0,     21.881,      0.000,     133266,     129482,    569.985,    -38.141,       0.00,       0.00,     120.83,       0.00,   -380.006
-184,     447.12,     133480,     614.10,       0.00,     614.10,       1.58,      -0.00,       0.00,     447.12,      358.1,      358.1,     -0.000,      0.045,      1.347,        0.0,     1278.1,        0.0,     20.826,      0.000,     133632,     130373,    569.985,    -38.165,       0.00,       0.00,     120.83,       0.00,   -379.961
-183,     447.28,     133854,     615.56,       0.00,     615.56,       1.46,      -0.00,       0.00,     447.28,      358.3,      358.3,     -0.000,      0.045,      1.347,        0.0,     1252.1,        0.0,     19.730,      0.000,     133990,     131207,    569.985,    -38.183,       0.00,       0.00,     120.83,       0.00,   -379.916
-182,     447.39,     134220,     617.02,       0.00,     617.02,       1.45,      -0.00,       0.00,     447.39,      358.5,      358.5,     -0.000,      0.045,      1.347,        0.0,     1226.2,        0.0,     15.893,      0.000,     134374,     131989,    569.985,    -38.196,       0.00,       0.00,     120.83,       0.00,   -379.871
-181,     447.46,     134601,     618.46,       0.00,     618.46,       1.44,      -0.00,       0.00,     447.46,      358.6,      358.6,     -0.000,      0.045,      1.347,        0.0,     1200.2,        0.0,     24.106,      0.000,     134815,     132723,    569.985,    -38.202,       0.00,       0.00,     120.83,       0.00,   -379.826
-180,     447.48,     134998,     619.77,       0.00,     619.77,       1.30,      -0.00,       0.00,     447.48,      358.9,      358.9,     -0.000,      0.045,      1.347,        0.0,     1174.3,        0.0,     13.542,      0.000,     135159,     133411,    569.985,    -38.202,       0.00,       0.00,     120.83,       0.00,   -379.781
-179,     447.46,     135379,     620.78,       0.00,     620.78,       1.02,      -0.00,       0.00,     447.46,      359.1,      359.1,     -0.000,      0.045,      1.347,        0.0,     1148.3,        0.0,     17.468,      0.000,     135442,     134058,    569.985,    -38.195,       0.00,       0.00,     120.83,       0.00,   -379.736
-178,     447.39,     135708,     621.83,       0.00,     621.83,       1.04,      -0.00,       0.00,     447.39,      359.2,      359.2,     -0.000,      0.045,      1.347,        0.0,     1123.1,        0.0,      8.980,      0.000,     135869,     134668,    569.985,    -38.183,       0.00,       0.00,     120.83,       0.00,   -379.690
-177,     447.28,     136062,     622.80,       0.00,     622.80,       0.97,      -0.00,       0.00,     447.28,      359.5,      359.5,     -0.000,      0.045,      1.347,        0.0,     1098.0,        0.0,      8.289,      0.000,     136165,     135244,    569.985,    -38.165,       0.00,       0.00,     120.83,       0.00,   -379.645
-176,     447.12,     136418,     623.70,       0.00,     623.70,       0.90,      -0.00,       0.00,     447.12,      359.7,      359.7,     -0.000,      0.045,      1.347,        0.0,     1072.7,        0.0,      3.877,      0.000,     136581,     135789,    569.985,    -38.140,       0.00,       0.00,     120.83,       0.00,   -379.600
-175,     446.92,     136775,     624.18,       0.00,     624.18,       0.48,      -0.00,       0.00,     446.92,      359.9,      359.9,     -0.000,      0.045,      1.347,        0.0,     1046.7,        0.0,      0.527,      0.000,     136963,     136306,    569.985,    -38.110,       0.00,       0.00,     120.83,       0.00,   -379.556
-174,     446.67,     137047,     624.16,       0.00,     624.16,      -0.02,      -0.00,       0.00,     446.67,      360.1,      360.1,     -0.000,      0.045,      1.347,        0.0,     1020.8,        0.0,     -0.267,      0.000,     140235,     136798,    569.985,    -38.073,       0.00,       0.00,     120.83,       0.00,   -379.511
-173,     446.38,     137215,     624.14,       0.00,     624.14,      -0.02,      -0.00,       0.00,     446.38,      360.3,      360.3,     -0.000,      0.045,      1.347,        0.0,      994.9,        0.0,     -0.264,      0.000,     140494,     137268,    569.985,    -38.029,       0.00,       0.00,     120.83,       0.00,   -379.466
-172,     446.04,     137403,     624.12,       0.00,     624.12,      -0.02,      -0.00,       0.00,     446.04,      360.5,      360.5,     -0.000,      0.045,      1.347,        0.0,      968.9,        0.0,     -0.261,      0.000,     140174,     137716,    569.985,    -37.980,       0.00,       0.00,     120.83,       0.00,   -379.421
-171,     445.66,     137609,     624.11,       0.00,     624.11,      -0.02,      -0.00,       0.00,     445.66,      360.7,      360.7,     -0.000,      0.045,      1.347,        0.0,      943.0,        0.0,     -0.257,      0.000,     139695,     138145,    569.985,    -37.924,       0.00,       0.00,     120.83,       0.00,   -379.377
-170,     445.23,     137835,     624.09,       0.00,     624.09,      -0.02,      -0.00,       0.00,     445.23,      360.9,      360.9,     -0.000,      0.044,      1.347,        0.0,      918.4,        0.0,     -0.252,      0.000,     139167,     138555,    569.985,    -37.862,       0.00,       0.00,     120.83,       0.00,   -379.332
-169,     444.76,     138080,     624.07,       0.00,     624.07,      -0.02,      -0.00,       0.00,     444.76,      361.1,      361.1,     -0.000,      0.044,      1.347,        0.0,      894.8,        0.0,     -0.247,      0.000,     138622,     138947,    569.985,    -37.794,       0.00,       0.00,     120.83,       0.00,   -379.288
-168,     444.24,     138344,     623.91,       0.00,     623.91,      -0.16,      -0.00,       0.00,     444.24,      361.4,      361.4,     -0.000,      0.044,      1.347,        0.0,      871.2,        0.0,     -2.426,      0.000,     139199,     139321,    569.985,    -37.719,       0.00,       0.00,     120.83,       0.00,   -379.244
-167,     443.68,     138585,     623.90,       0.00,     623.90,      -0.02,      -0.00,       0.00,     443.68,      361.6,      361.6,     -0.000,      0.044,      1.347,        0.0,      846.4,        0.0,     -0.235,      0.000,     137507,     139677,    569.985,    -37.638,       0.00,       0.00,     120.83,       0.00,   -379.200
-166,     443.07,     138889,     623.64,       0.00,     623.64,      -0.26,      -0.00,       0.00,     443.07,      361.9,      361.9,     -0.000,      0.044,      1.347,        0.0,      820.5,        0.0,     -3.910,      0.000,     138869,     140015,    569.985,    -37.551,       0.00,       0.00,     120.83,       0.00,   -379.156
-165,     442.42,     139139,     623.27,       0.00,     623.27,      -0.36,      -0.00,       0.00,     442.42,      362.1,      362.1,     -0.000,      0.044,      1.347,        0.0,      794.5,        0.0,     -5.451,      0.000,     139097,     140334,    569.985,    -37.457,       0.00,       0.00,     120.83,       0.00,   -379.112
-164,     441.73,     139378,     622.81,       0.00,     622.81,      -0.46,      -0.00,       0.00,     441.73,      362.3,      362.3,     -0.000,      0.044,      1.347,        0.0,      769.2,        0.0,     -6.907,      0.000,     139307,     140632,    569.985,    -37.357,       0.00,       0.00,     120.83,       0.00,   -379.068
-163,     440.98,     139607,     622.25,       0.00,     622.25,      -0.56,      -0.00,       0.00,     440.98,      362.5,      362.5,     -0.000,      0.043,      1.347,        0.0,      744.0,        0.0,     -8.326,      0.000,     139497,     140907,    569.985,    -37.250,       0.00,       0.00,     120.83,       0.00,   -379.025
-162,     440.20,     139827,     621.60,       0.00,     621.60,      -0.65,      -0.00,       0.00,     440.20,      362.7,      362.7,     -0.000,      0.043,      1.347,        0.0,      718.8,        0.0,     -9.703,      0.000,     139668,     141159,    569.985,    -37.137,       0.00,       0.00,     120.83,       0.00,   -378.981
-161,     439.37,     140039,     620.86,       0.00,     620.86,      -0.74,      -0.00,       0.00,     439.37,      363.0,      363.0,     -0.000,      0.043,      1.347,        0.0,      692.9,        0.0,    -11.033,      0.000,     139818,     141385,    569.985,    -37.018,       0.00,       0.00,     120.83,       0.00,   -378.938
-160,     438.49,     140243,     620.03,       0.00,     620.03,      -0.83,      -0.00,       0.00,     438.49,      363.2,      363.2,     -0.000,      0.043,      1.347,        0.0,      667.0,        0.0,    -12.308,      0.000,     139947,     141581,    569.985,    -36.892,       0.00,       0.00,     120.83,       0.00,   -378.895
-159,     437.57,     140442,     619.12,       0.00,     619.12,      -0.91,      -0.00,       0.00,     437.57,      363.3,      363.3,     -0.000,      0.043,      1.347,        0.0,      641.1,        0.0,    -13.524,      0.000,     140055,     141747,    569.985,    -36.759,       0.00,       0.00,     120.83,       0.00,   -378.852
-158,     436.60,     140635,     618.14,       0.00,     618.14,      -0.99,      -0.00,       0.00,     436.60,      363.5,      363.5,     -0.000,      0.043,      1.347,        0.0,      615.1,        0.0,    -14.682,      0.000,     140142,     141879,    569.985,    -36.620,       0.00,       0.00,     120.83,       0.00,   -378.810
-157,     435.59,     140825,     617.08,       0.00,     617.08,      -1.06,      -0.00,       0.00,     435.59,      363.7,      363.7,     -0.000,      0.043,      1.346,        0.0,      589.2,        0.0,    -15.779,      0.000,     140208,     141973,    569.985,    -36.475,       0.00,       0.00,     120.83,       0.00,   -378.767
-156,     434.54,     141013,     615.95,       0.00,     615.95,      -1.13,      -0.00,       0.00,     434.54,      363.9,      363.9,     -0.000,      0.042,      1.346,        0.0,      563.5,        0.0,    -16.811,      0.000,     140250,     142028,    569.985,    -36.323,       0.00,       0.00,     120.83,       0.00,   -378.725
-155,     433.44,     141200,     614.75,       0.00,     614.75,      -1.19,      -0.00,       0.00,     433.44,      364.1,      364.1,     -0.000,      0.042,      1.346,        0.0,      538.3,        0.0,    -17.777,      0.000,     140267,     142039,    569.985,    -36.164,       0.00,       0.00,     120.83,       0.00,   -378.683
-154,     432.29,     141387,     613.50,       0.00,     613.50,      -1.25,      -0.00,       0.00,     432.29,      364.3,      364.3,     -0.000,      0.042,      1.346,        0.0,      513.2,        0.0,    -18.672,      0.000,     140255,     142003,    569.985,    -35.999,       0.00,       0.00,     120.83,       0.00,   -378.641
-153,     431.10,     141576,     612.19,       0.00,     612.19,      -1.31,      -0.00,       0.00,     431.10,      364.5,      364.5,     -0.000,      0.042,      1.346,        0.0,      488.0,        0.0,    -19.492,      0.000,     140212,     141918,    569.985,    -35.827,       0.00,       0.00,     120.83,       0.00,   -378.599
-152,     429.87,     141770,     610.84,       0.00,     610.84,      -1.36,      -0.00,       0.00,     429.87,      364.7,      364.7,     -0.000,      0.042,      1.346,        0.0,      462.9,        0.0,    -20.233,      0.000,     140132,     141780,    569.985,    -35.649,       0.00,       0.00,     120.83,       0.00,   -378.557
-151,     428.59,     141969,     609.44,       0.00,     609.44,      -1.40,      -0.00,       0.00,     428.59,      364.9,      364.9,     -0.000,      0.041,      1.346,        0.0,      437.7,        0.0,    -20.889,      0.000,     140009,     141587,    569.985,    -35.465,       0.00,       0.00,     120.83,       0.00,   -378.516
-150,     427.27,     142175,     608.01,       0.00,     608.01,      -1.43,      -0.00,       0.00,     427.27,      365.1,      365.1,     -0.000,      0.041,      1.346,        0.0,      412.6,        0.0,    -21.446,      0.000,     139840,     141336,    569.985,    -35.273,       0.00,       0.00,     120.83,       0.00,   -378.474
-149,     425.90,     142392,     606.55,       0.00,     606.55,      -1.46,      -0.00,       0.00,     425.90,      365.3,      365.3,     -0.000,      0.041,      1.346,        0.0,      387.4,        0.0,    -21.892,      0.000,     139616,     141025,    569.985,    -35.075,       0.00,       0.00,     120.83,       0.00,   -378.433
-148,     424.49,     142622,     605.07,       0.00,     605.07,      -1.48,      -0.00,       0.00,     424.49,      365.5,      365.5,     -0.000,      0.041,      1.346,        0.0,      362.2,        0.0,    -22.211,      0.000,     139330,     140652,    569.985,    -34.871,       0.00,       0.00,     120.83,       0.00,   -378.393
-147,     423.03,     142868,     603.59,       0.00,     603.59,      -1.48,      -0.00,       0.00,     423.03,      365.7,      365.7,     -0.000,      0.041,      1.346,        0.0,      337.1,        0.0,    -22.389,      0.000,     138973,     140214,    569.985,    -34.660,       0.00,       0.00,     120.83,       0.00,   -378.352
-146,     421.53,     143133,     602.12,       0.00,     602.12,      -1.47,      -0.00,       0.00,     421.53,      365.9,      365.9,     -0.000,      0.040,      1.346,        0.0,      311.9,        0.0,    -22.278,      0.000,     138470,     139713,    569.985,    -34.442,       0.00,       0.00,     120.83,       0.00,   -378.312
-145,     419.98,     143424,     600.68,       0.00,     600.68,      -1.44,      -0.00,       0.00,     419.98,      366.2,      366.2,     -0.000,      0.040,      1.346,        0.0,      287.4,        0.0,    -21.935,      0.000,     137849,     139146,    569.985,    -34.217,       0.00,       0.00,     120.83,       0.00,   -378.272
-144,     418.40,     143748,     599.28,       0.00,     599.28,      -1.40,      -0.00,       0.00,     418.40,      366.4,      366.4,     -0.000,      0.040,      1.346,        0.0,      265.4,        0.0,    -21.521,      0.000,     137193,     138515,    569.985,    -33.985,       0.00,       0.00,     120.83,       0.00,   -378.232
-143,     416.76,     144106,     597.92,       0.00,     597.92,      -1.36,      -0.00,       0.00,     416.76,      366.7,      366.7,     -0.000,      0.040,      1.346,        0.0,      243.4,        0.0,    -20.922,      0.000,     136438,     137821,    569.985,    -33.747,       0.00,       0.00,     120.83,       0.00,   -378.192
-142,     415.09,     144503,     596.62,       0.00,     596.62,      -1.30,      -0.00,       0.00,     415.09,      367.1,      367.1,     -0.000,      0.039,      1.346,        0.0,      223.0,        0.0,    -20.247,      0.000,     135641,     137064,    569.985,    -33.501,       0.00,       0.00,     120.83,       0.00,   -378.153
-141,     413.37,     144942,     595.36,       0.00,     595.36,      -1.25,      -0.00,       0.00,     413.37,      367.4,      367.4,     -0.000,      0.039,      1.346,        0.0,      205.2,        0.0,    -19.581,      0.000,     134842,     136248,    569.985,    -33.249,       0.00,       0.00,     120.83,       0.00,   -378.113
-140,     411.60,     145421,     594.17,       0.00,     594.17,      -1.19,      -0.00,       0.00,     411.60,      367.8,      367.8,     -0.000,      0.039,      1.346,        0.0,      187.3,        0.0,    -18.765,      0.000,     133956,     135376,    569.985,    -32.989,       0.00,       0.00,     120.83,       0.00,   -378.075
-139,     409.79,     145946,     593.05,       0.00,     593.05,      -1.12,      -0.00,       0.00,     409.79,      368.2,      368.2,     -0.000,      0.039,      1.346,        0.0,      169.9,        0.0,    -17.834,      0.000,     133006,     134451,    569.985,    -32.722,       0.00,       0.00,     120.83,       0.00,   -378.036
-138,     407.94,     146520,     592.00,       0.00,     592.00,      -1.05,      -0.00,       0.00,     407.94,      368.6,      368.6,     -0.000,      0.038,      1.346,        0.0,      153.4,        0.0,    -16.836,      0.000,     132011,     133478,    569.985,    -32.448,       0.00,       0.00,     120.83,       0.00,   -377.998
-137,     406.05,     147144,     591.03,       0.00,     591.03,      -0.97,      -0.00,       0.00,     406.05,      369.1,      369.1,     -0.000,      0.038,      1.346,        0.0,      136.9,        0.0,    -15.692,      0.000,     130934,     132461,    569.985,    -32.166,       0.00,       0.00,     120.83,       0.00,   -377.960
-136,     404.11,     147823,     590.13,       0.00,     590.13,      -0.90,      -0.00,       0.00,     404.11,      369.6,      369.6,     -0.000,      0.038,      1.346,        0.0,      122.5,        0.0,    -14.634,      0.000,     129887,     131405,    569.985,    -31.877,       0.00,       0.00,     120.83,       0.00,   -377.922
-135,     402.13,     148555,     589.30,       0.00,     589.30,      -0.83,      -0.00,       0.00,     402.13,      370.1,      370.1,     -0.000,      0.037,      1.346,        0.0,      109.9,        0.0,    -13.654,      0.000,     128862,     130315,    569.985,    -31.579,       0.00,       0.00,     120.83,       0.00,   -377.885
-134,     400.11,     149340,     588.55,       0.00,     588.55,      -0.75,      -0.00,       0.00,     400.11,      370.6,      370.6,     -0.000,      0.037,      1.345,        0.0,       97.4,        0.0,    -12.563,      0.000,     127771,     129198,    569.985,    -31.274,       0.00,       0.00,     120.83,       0.00,   -377.848
-133,     398.04,     150181,     587.85,       0.00,     587.85,      -0.70,      -0.00,       0.00,     398.04,      371.2,      371.2,     -0.000,      0.037,      1.345,        0.0,       87.2,        0.0,    -11.693,      0.000,     126768,     128058,    569.985,    -30.961,       0.00,       0.00,     120.83,       0.00,   -377.812
-132,     395.94,     151073,     587.21,       0.00,     587.21,      -0.64,      -0.00,       0.00,     395.94,      371.8,      371.8,     -0.000,      0.036,      1.345,        0.0,       77.7,        0.0,    -10.849,      0.000,     125761,     126903,    569.985,    -30.639,       0.00,       0.00,     120.83,       0.00,   -377.775
-131,     393.79,     152018,     586.63,       0.00,     586.63,      -0.58,      -0.00,       0.00,     393.79,      372.5,      372.5,     -0.000,      0.036,      1.345,        0.0,       68.3,        0.0,     -9.918,      0.000,     124702,     125738,    569.985,    -30.309,       0.00,       0.00,     120.83,       0.00,   -377.740
-130,     391.60,     153017,     586.10,       0.00,     586.10,      -0.54,      -0.00,       0.00,     391.60,      373.2,      373.2,     -0.000,      0.035,      1.345,        0.0,       61.9,        0.0,     -9.337,      0.000,     123789,     124568,    569.985,    -29.971,       0.00,       0.00,     120.83,       0.00,   -377.704
-129,     389.36,     154065,     585.60,       0.00,     585.60,      -0.50,      -0.00,       0.00,     389.36,      373.9,      373.9,     -0.000,      0.035,      1.345,        0.0,       55.6,        0.0,     -8.710,      0.000,     122840,     123402,    569.985,    -29.624,       0.00,       0.00,     120.83,       0.00,   -377.669
-128,     387.09,     155163,     585.14,       0.00,     585.14,      -0.46,      -0.00,       0.00,     387.09,      374.6,      374.6,     -0.000,      0.035,      1.345,        0.0,       49.7,        0.0,     -8.089,      0.000,     121882,     122243,    569.985,    -29.268,       0.00,       0.00,     120.83,       0.00,   -377.635
-127,     384.77,     156313,     584.70,       0.00,     584.70,      -0.43,      -0.00,       0.00,     384.77,      375.4,      375.4,     -0.000,      0.034,      1.345,        0.0,       45.8,        0.0,     -7.725,      0.000,     121025,     121098,    569.985,    -28.902,       0.00,       0.00,     120.83,       0.00,   -377.600
-126,     382.42,     157510,     584.30,       0.00,     584.30,      -0.41,      -0.00,       0.00,     382.42,      376.1,      376.1,     -0.000,      0.034,      1.345,        0.0,       41.9,        0.0,     -7.322,      0.000,     120140,     119973,    569.985,    -28.528,       0.00,       0.00,     120.83,       0.00,   -377.567
-125,     380.02,     158756,     583.91,       0.00,     583.91,      -0.39,      -0.00,       0.00,     380.02,      377.0,      377.0,     -0.000,      0.033,      1.345,        0.0,       38.6,        0.0,     -6.987,      0.000,     119276,     118870,    569.985,    -28.145,       0.00,       0.00,     120.83,       0.00,   -377.533
-124,     377.59,     160052,     583.54,       0.00,     583.54,      -0.37,      -0.00,       0.00,     377.59,      377.8,      377.8,     -0.000,      0.033,      1.344,        0.0,       36.2,        0.0,     -6.793,      0.000,     118465,     117793,    569.985,    -27.751,       0.00,       0.00,     120.83,       0.00,   -377.501
-123,     375.11,     161395,     583.18,       0.00,     583.18,      -0.36,      -0.00,       0.00,     375.11,      378.6,      378.6,     -0.000,      0.032,      1.344,        0.0,       33.8,        0.0,     -6.576,      0.000,     117636,     116746,    569.985,    -27.349,       0.00,       0.00,     120.83,       0.00,   -377.468
-122,     372.59,     162787,     582.85,       0.00,     582.85,      -0.34,      -0.00,       0.00,     372.59,      379.5,      379.5,     -0.000,      0.032,      1.344,        0.0,       31.5,        0.0,     -6.329,      0.000,     116787,     115732,    569.985,    -26.936,       0.00,       0.00,     120.83,       0.00,   -377.437
-121,     370.04,     164230,     582.52,       0.00,     582.52,      -0.32,      -0.00,       0.00,     370.04,      380.4,      380.4,     -0.000,      0.031,      1.344,        0.0,       29.1,        0.0,     -6.054,      0.000,     115922,     114752,    569.985,    -26.513,       0.00,       0.00,     120.83,       0.00,   -377.405
-120,     367.45,     165727,     582.22,       0.00,     582.22,      -0.30,      -0.00,       0.00,     367.45,      381.4,      381.4,     -0.000,      0.031,      1.344,        0.0,       26.8,        0.0,     -5.753,      0.000,     115040,     113809,    569.985,    -26.080,       0.00,       0.00,     120.83,       0.00,   -377.375
-119,     364.81,     167279,     581.94,       0.00,     581.94,      -0.28,      -0.00,       0.00,     364.81,      382.3,      382.3,     -0.000,      0.030,      1.344,        0.0,       24.4,        0.0,     -5.424,      0.000,     114143,     112903,    569.985,    -25.637,       0.00,       0.00,     120.83,       0.00,   -377.344
-118,     362.15,     168888,     581.68,       0.00,     581.68,      -0.26,      -0.00,       0.00,     362.15,      383.3,      383.3,     -0.000,      0.030,      1.344,        0.0,       22.1,        0.0,     -5.066,      0.000,     113231,     112036,    569.985,    -25.183,       0.00,       0.00,     120.83,       0.00,   -377.315
-117,     359.44,     170557,     581.44,       0.00,     581.44,      -0.24,      -0.00,       0.00,     359.44,      384.3,      384.3,     -0.000,      0.029,      1.343,        0.0,       19.7,        0.0,     -4.678,      0.000,     112306,     111207,    569.985,    -24.718,       0.00,       0.00,     120.83,       0.00,   -377.285
-116,     356.69,     172288,     581.23,       0.00,     581.23,      -0.21,      -0.00,       0.00,     356.69,      385.3,      385.3,     -0.000,      0.029,      1.343,        0.0,       17.3,        0.0,     -4.257,      0.000,     111369,     110417,    569.985,    -24.242,       0.00,       0.00,     120.83,       0.00,   -377.257
-115,     353.91,     174084,     581.04,       0.00,     581.04,      -0.19,      -0.00,       0.00,     353.91,      386.4,      386.4,     -0.000,      0.028,      1.343,        0.0,       15.0,        0.0,     -3.803,      0.000,     110421,     109664,    569.985,    -23.755,       0.00,       0.00,     120.83,       0.00,   -377.229
-114,     351.10,     175946,     580.87,       0.00,     580.87,      -0.17,      -0.00,       0.00,     351.10,      387.5,      387.5,     -0.000,      0.027,      1.343,        0.0,       12.8,        0.0,     -3.356,      0.000,     109477,     108948,    569.985,    -23.256,       0.00,       0.00,     120.83,       0.00,   -377.202
-113,     348.25,     177878,     580.72,       0.00,     580.72,      -0.15,      -0.00,       0.00,     348.25,      388.6,      388.6,     -0.000,      0.027,      1.343,        0.0,       11.4,        0.0,     -3.066,      0.000,     108598,     108269,    569.985,    -22.746,       0.00,       0.00,     120.83,       0.00,   -377.175
-112,     345.36,     179877,     580.59,       0.00,     580.59,      -0.13,      -0.00,       0.00,     345.36,      389.7,      389.7,     -0.000,      0.026,      1.343,        0.0,       10.0,        0.0,     -2.757,      0.000,     107712,     107625,    569.985,    -22.224,       0.00,       0.00,     120.83,       0.00,   -377.149
-111,     342.44,     181947,     580.47,       0.00,     580.47,      -0.12,      -0.00,       0.00,     342.44,      390.9,      390.9,     -0.000,      0.025,      1.343,        0.0,        8.5,        0.0,     -2.422,      0.000,     106822,     107016,    569.985,    -21.689,       0.00,       0.00,     120.83,       0.00,   -377.123
-110,     339.49,     184090,     580.38,       0.00,     580.38,      -0.10,      -0.00,       0.00,     339.49,      392.1,      392.1,     -0.000,      0.025,      1.342,        0.0,        7.0,        0.0,     -2.030,      0.000,     105915,     106439,    569.985,    -21.142,       0.00,       0.00,     120.83,       0.00,   -377.098
-109,     336.50,     186310,     580.30,       0.00,     580.30,      -0.08,      -0.00,       0.00,     336.50,      393.3,      393.3,     -0.000,      0.024,      1.342,        0.0,        5.4,        0.0,     -1.615,      0.000,     105005,     105895,    569.985,    -20.583,       0.00,       0.00,     120.83,       0.00,   -377.074
-108,     333.48,     188609,     580.25,       0.00,     580.25,      -0.06,      -0.00,       0.00,     333.48,      394.6,      394.6,     -0.000,      0.023,      1.342,        0.0,        4.1,        0.0,     -1.263,      0.000,     104125,     105383,    569.985,    -20.010,       0.00,       0.00,     120.83,       0.00,   -377.051
-107,     330.43,     190989,     580.20,       0.00,     580.20,      -0.05,      -0.00,       0.00,     330.43,      395.9,      395.9,     -0.000,      0.023,      1.342,        0.0,        3.3,        0.0,     -1.046,      0.000,     103301,     104901,    569.985,    -19.424,       0.00,       0.00,     120.83,       0.00,   -377.028
-106,     327.34,     193450,     580.16,       0.00,     580.16,      -0.04,      -0.00,       0.00,     327.34,      397.2,      397.2,     -0.000,      0.022,      1.342,        0.0,        2.5,        0.0,     -0.818,      0.000,     102478,     104448,    569.985,    -18.825,       0.00,       0.00,     120.83,       0.00,   -377.006
-105,     324.23,     195995,     580.14,       0.00,     580.14,      -0.03,      -0.00,       0.00,     324.23,      398.6,      398.6,     -0.000,      0.021,      1.341,        0.0,        1.7,        0.0,     -0.564,      0.000,     101653,     104025,    569.985,    -18.212,       0.00,       0.00,     120.83,       0.00,   -376.985
-104,     321.09,     198627,     580.12,       0.00,     580.12,      -0.01,      -0.00,       0.00,     321.09,      399.9,      399.9,     -0.000,      0.020,      1.341,        0.0,        1.0,        0.0,     -0.310,      0.000,     100835,     103630,    569.985,    -17.584,       0.00,       0.00,     120.83,       0.00,   -376.965
-103,     317.91,     201349,     580.12,       0.00,     580.12,      -0.00,      -0.00,       0.00,     317.91,      401.3,      401.3,     -0.000,      0.020,      1.341,        0.0,        0.2,        0.0,     -0.054,      0.000,     100022,     103264,    569.985,    -16.943,       0.00,       0.00,     120.83,       0.00,   -376.945
-102,     314.71,     204165,     580.12,       0.00,     580.12,      -0.00,      -0.00,       0.00,     314.71,      402.8,      402.8,     -0.000,      0.019,      1.341,        0.0,        0.0,        0.0,      0.000,      0.000,      99289,     102927,    569.985,    -16.287,       0.00,       0.00,     120.83,       0.00,   -376.926
-101,     311.49,     207073,     580.11,       0.00,     580.11,      -0.00,      -0.00,       0.00,     311.49,      404.3,      404.3,     -0.000,      0.018,      1.341,        0.0,        0.0,        0.0,      0.000,      0.000,      98582,     102619,    569.985,    -15.615,       0.00,       0.00,     120.83,       0.00,   -376.908
-100,     308.23,     211150,     580.32,       0.00,     580.32,       0.00,       0.00,       0.00,     308.23,      408.2,      408.2,     -0.000,      0.007,      1.340,        0.0,        0.0,        0.0,      0.000,      0.000,      98440,     105722,     -0.690,      0.000,       0.00,       0.00,     120.83,       0.00,      0.007
-99,     304.95,     214255,     580.32,       0.00,     580.32,       0.00,       0.00,       0.00,     304.95,      409.7,      409.7,     -0.000,      0.007,      1.340,        0.0,        0.0,        0.0,      0.000,      0.000,      97736,     105187,     -1.396,      0.000,       0.00,       0.00,     120.83,       0.00,      0.014
-98,     301.65,     217463,     580.32,       0.00,     580.32,       0.00,       0.00,       0.00,     301.65,      411.2,      411.2,     -0.000,      0.007,      1.339,        0.0,        0.0,        0.0,      0.000,      0.000,      97039,     104688,     -2.117,      0.000,       0.00,       0.00,     120.83,       0.00,      0.021
-97,     298.32,     220777,     580.32,       0.00,     580.32,       0.00,       0.00,       0.00,     298.32,      412.8,      412.8,     -0.000,      0.006,      1.339,        0.0,        0.0,        0.0,      0.000,      0.000,      96349,     104221,     -2.855,      0.000,       0.00,       0.00,     120.83,       0.00,      0.027
-96,     294.96,     224203,     580.32,       0.00,     580.32,       0.00,       0.00,       0.00,     294.96,      414.4,      414.4,     -0.000,      0.006,      1.339,        0.0,        0.0,        0.0,      0.000,      0.000,      95666,     103786,     -3.609,      0.000,       0.00,       0.00,     120.83,       0.00,      0.033
-95,     291.59,     227744,     580.32,       0.00,     580.32,       0.00,       0.00,       0.00,     291.59,      416.0,      416.0,     -0.000,      0.005,      1.339,        0.0,        0.0,        0.0,      0.000,      0.000,      94990,     103383,     -4.380,      0.000,       0.00,       0.00,     120.83,       0.00,      0.038
-94,     288.19,     231405,     580.32,       0.00,     580.32,       0.00,       0.00,       0.00,     288.19,      417.7,      417.7,     -0.000,      0.005,      1.338,        0.0,        0.0,        0.0,      0.000,      0.000,      94320,     103011,     -5.169,      0.000,       0.00,       0.00,     120.83,       0.00,      0.042
-93,     284.77,     235190,     580.32,       0.00,     580.32,       0.00,       0.00,       0.00,     284.77,      419.4,      419.4,     -0.000,      0.004,      1.338,        0.0,        0.0,        0.0,      0.000,      0.000,      93656,     102670,     -5.975,      0.000,       0.00,       0.00,     120.83,       0.00,      0.047
-92,     281.34,     239104,     580.32,       0.00,     580.32,       0.00,       0.00,       0.00,     281.34,      421.2,      421.2,     -0.000,      0.004,      1.338,        0.0,        0.0,        0.0,      0.000,      0.000,      92999,     102361,     -6.798,      0.000,       0.00,       0.00,     120.83,       0.00,      0.051
-91,     277.88,     243153,     580.32,       0.00,     580.32,       0.00,       0.00,       0.00,     277.88,      423.0,      423.0,     -0.000,      0.003,      1.338,        0.0,        0.0,        0.0,      0.000,      0.000,      92347,     102083,     -7.641,      0.000,       0.00,       0.00,     120.83,       0.00,      0.054
-90,     274.41,     247341,     580.32,       0.00,     580.32,       0.00,       0.00,       0.00,     274.41,      424.8,      424.8,     -0.000,      0.003,      1.337,        0.0,        0.0,        0.0,      0.000,      0.000,      91700,     101836,     -8.502,      0.000,       0.00,       0.00,     120.83,       0.00,      0.057
-89,     270.92,     251675,     580.32,       0.00,     580.32,       0.00,       0.00,       0.00,     270.92,      426.6,      426.6,     -0.000,      0.002,      1.337,        0.0,        0.0,        0.0,      0.000,      0.000,      91059,     101622,     -9.381,      0.000,       0.00,       0.00,     120.83,       0.00,      0.059
-88,     267.42,     256161,     580.32,       0.00,     580.32,       0.00,       0.00,       0.00,     267.42,      428.5,      428.5,     -0.000,      0.002,      1.337,        0.0,        0.0,        0.0,      0.000,      0.000,      90422,     101441,    -10.281,      0.000,       0.00,       0.00,     120.83,       0.00,      0.061
-87,     263.90,     260803,     580.32,       0.00,     580.32,       0.00,       0.00,       0.00,     263.90,      430.5,      430.5,     -0.000,      0.001,      1.337,        0.0,        0.0,        0.0,      0.000,      0.000,      89791,     101294,    -11.200,      0.000,       0.00,       0.00,     120.83,       0.00,      0.062
-86,     260.37,     265610,     580.32,       0.00,     580.32,       0.00,       0.00,       0.00,     260.37,      432.4,      432.4,     -0.000,      0.001,      1.336,        0.0,        0.0,        0.0,      0.000,      0.000,      89164,     101180,    -12.140,      0.000,       0.00,       0.00,     120.83,       0.00,      0.062
-85,     256.83,     270588,     580.32,       0.00,     580.32,       0.00,       0.00,       0.00,     256.83,      434.4,      434.4,     -0.000,     -0.000,      1.336,        0.0,        0.0,        0.0,      0.000,      0.000,      88540,     101102,    -13.100,      0.000,       0.00,       0.00,     120.83,       0.00,      0.062
-84,     253.27,     275743,     580.32,       0.00,     580.32,       0.00,       0.00,       0.00,     253.27,      436.5,      436.5,     -0.000,     -0.001,      1.336,        0.0,        0.0,        0.0,      0.000,      0.000,      87920,     101060,    -14.081,      0.000,       0.00,       0.00,     120.83,       0.00,      0.062
-83,     249.71,     281083,     580.32,       0.00,     580.32,       0.00,       0.00,       0.00,     249.71,      438.6,      438.6,     -0.000,     -0.001,      1.335,        0.0,        0.0,        0.0,      0.000,      0.000,      87302,     101056,    -15.084,      0.000,       0.00,       0.00,     120.83,       0.00,      0.060
-82,     246.14,     286617,     580.32,       0.00,     580.32,       0.00,       0.00,       0.00,     246.14,      440.7,      440.7,     -0.000,     -0.002,      1.335,        0.0,        0.0,        0.0,      0.000,      0.000,      86684,     101091,    -16.109,      0.000,       0.00,       0.00,     120.83,       0.00,      0.059
-81,     242.56,     292351,     580.32,       0.00,     580.32,       0.00,       0.00,       0.00,     242.56,      442.9,      442.9,     -0.000,     -0.003,      1.335,        0.0,        0.0,        0.0,      0.000,      0.000,      86065,     101166,    -17.156,      0.000,       0.00,       0.00,     120.83,       0.00,      0.056
-80,     238.97,     298296,     580.32,       0.00,     580.32,       0.00,       0.00,       0.00,     238.97,      445.1,      445.1,     -0.000,     -0.003,      1.334,        0.0,        0.0,        0.0,      0.000,      0.000,      85442,     101282,    -18.226,      0.000,       0.00,       0.00,     120.83,       0.00,      0.053
-79,     235.38,     304459,     580.32,       0.00,     580.32,       0.00,       0.00,       0.00,     235.38,      447.4,      447.4,     -0.000,     -0.004,      1.334,        0.0,        0.0,        0.0,      0.000,      0.000,      84815,     101441,    -19.320,      0.000,       0.00,       0.00,     120.83,       0.00,      0.049
-78,     231.79,     310850,     580.32,       0.00,     580.32,       0.00,       0.00,       0.00,     231.79,      449.7,      449.7,     -0.000,     -0.005,      1.334,        0.0,        0.0,        0.0,      0.000,      0.000,      84180,     101644,    -20.437,      0.000,       0.00,       0.00,     120.83,       0.00,      0.044
-77,     228.19,     317479,     580.32,       0.00,     580.32,       0.00,       0.00,       0.00,     228.19,      452.0,      452.0,     -0.000,     -0.005,      1.333,        0.0,        0.0,        0.0,      0.000,      0.000,      83535,     101891,    -21.579,      0.000,       0.00,       0.00,     120.83,       0.00,      0.039
-76,     224.60,     324356,     580.32,       0.00,     580.32,       0.00,       0.00,       0.00,     224.60,      454.4,      454.4,     -0.000,     -0.006,      1.333,        0.0,        0.0,        0.0,      0.000,      0.000,      82880,     102185,    -22.745,      0.000,       0.00,       0.00,     120.83,       0.00,      0.033
-75,     221.00,     331493,     580.32,       0.00,     580.32,       0.00,       0.00,       0.00,     221.00,      456.9,      456.9,     -0.000,     -0.007,      1.333,        0.0,        0.0,        0.0,      0.000,      0.000,      82213,     102526,    -23.937,      0.000,       0.00,       0.00,     120.83,       0.00,      0.026
-74,     217.41,     338900,     580.32,       0.00,     580.32,       0.00,       0.00,       0.00,     217.41,      459.4,      459.4,     -0.000,     -0.008,      1.332,        0.0,        0.0,        0.0,      0.000,      0.000,      81535,     102914,    -25.155,      0.000,       0.00,       0.00,     120.83,       0.00,      0.018
-73,     213.82,     346589,     580.32,       0.00,     580.32,       0.00,       0.00,       0.00,     213.82,      461.9,      461.9,     -0.000,     -0.009,      1.332,        0.0,        0.0,        0.0,      0.000,      0.000,      80845,     103350,    -26.399,      0.000,       0.00,       0.00,     120.83,       0.00,      0.009
-72,     210.23,     354574,     580.32,       0.00,     580.32,       0.00,       0.00,       0.00,     210.23,      464.5,      464.5,     -0.000,     -0.010,      1.331,        0.0,        0.0,        0.0,      0.000,      0.000,      80147,     103834,    -27.670,      0.000,       0.00,       0.00,     120.83,       0.00,     -0.001
-71,     206.65,     362867,     580.32,       0.00,     580.32,       0.00,       0.00,       0.00,     206.65,      467.2,      467.2,     -0.000,     -0.010,      1.331,        0.0,        0.0,        0.0,      0.000,      0.000,      79443,     104366,    -28.968,      0.000,       0.00,       0.00,     120.83,       0.00,     -0.011
-70,     203.07,     371481,     580.32,       0.00,     580.32,       0.00,       0.00,       0.00,     203.07,      469.8,      469.8,     -0.000,     -0.011,      1.331,        0.0,        0.0,        0.0,      0.000,      0.000,      78738,     104944,    -30.295,      0.000,       0.00,       0.00,     120.83,       0.00,     -0.022
-69,     199.51,     380432,     580.32,       0.00,     580.32,       0.00,       0.00,       0.00,     199.51,      472.6,      472.6,     -0.000,     -0.012,      1.330,        0.0,        0.0,        0.0,      0.000,      0.000,      78035,     105569,    -31.649,      0.000,       0.00,       0.00,     120.83,       0.00,     -0.035
-68,     195.95,     389734,     580.32,       0.00,     580.32,       0.00,       0.00,       0.00,     195.95,      475.4,      475.4,     -0.000,     -0.013,      1.330,        0.0,        0.0,        0.0,      0.000,      0.000,      77337,     106238,    -33.033,      0.000,       0.00,       0.00,     120.83,       0.00,     -0.048
-67,     192.41,     399404,     580.32,       0.00,     580.32,       0.00,       0.00,       0.00,     192.41,      478.2,      478.2,     -0.000,     -0.015,      1.329,        0.0,        0.0,        0.0,      0.000,      0.000,      76648,     106950,    -34.446,      0.000,       0.00,       0.00,     120.83,       0.00,     -0.063
-66,     188.88,     409457,     580.32,       0.00,     580.32,       0.00,       0.00,       0.00,     188.88,      481.2,      481.2,     -0.000,     -0.016,      1.329,        0.0,        0.0,        0.0,      0.000,      0.000,      75970,     107702,    -35.890,      0.000,       0.00,       0.00,     120.83,       0.00,     -0.078
-65,     185.36,     419911,     580.32,       0.00,     580.32,       0.00,       0.00,       0.00,     185.36,      484.1,      484.1,     -0.000,     -0.017,      1.328,        0.0,        0.0,        0.0,      0.000,      0.000,      75307,     108493,    -37.364,      0.000,       0.00,       0.00,     120.83,       0.00,     -0.095
-64,     181.85,     430785,     580.32,       0.00,     580.32,       0.00,       0.00,       0.00,     181.85,      487.1,      487.1,     -0.000,     -0.018,      1.328,        0.0,        0.0,        0.0,      0.000,      0.000,      74661,     109318,    -38.870,      0.000,       0.00,       0.00,     120.83,       0.00,     -0.113
-63,     178.37,     442096,     580.32,       0.00,     580.32,       0.00,       0.00,       0.00,     178.37,      490.2,      490.2,     -0.000,     -0.019,      1.328,        0.0,        0.0,        0.0,      0.000,      0.000,      74031,     110174,    -40.407,      0.000,       0.00,       0.00,     120.83,       0.00,     -0.132
-62,     174.90,     453866,     580.32,       0.00,     580.32,       0.00,       0.00,       0.00,     174.90,      493.3,      493.3,     -0.000,     -0.020,      1.327,        0.0,        0.0,        0.0,      0.000,      0.000,      73420,     111058,    -41.976,      0.000,       0.00,       0.00,     120.83,       0.00,     -0.153
-61,     171.45,     466115,     580.32,       0.00,     580.32,       0.00,       0.00,       0.00,     171.45,      496.5,      496.5,     -0.000,     -0.022,      1.327,        0.0,        0.0,        0.0,      0.000,      0.000,      72826,     111964,    -43.579,      0.000,       0.00,       0.00,     120.83,       0.00,     -0.175
-60,     168.03,     478865,     580.32,       0.00,     580.32,       0.00,       0.00,       0.00,     168.03,      499.8,      499.8,     -0.000,     -0.023,      1.326,        0.0,        0.0,        0.0,      0.000,      0.000,      72251,     112890,    -45.215,      0.000,       0.00,       0.00,     120.83,       0.00,     -0.198
-59,     164.62,     492138,     580.32,       0.00,     580.32,       0.00,       0.00,       0.00,     164.62,      503.1,      503.1,     -0.000,     -0.025,      1.326,        0.0,        0.0,        0.0,      0.000,      0.000,      71693,     113829,    -46.884,      0.000,       0.00,       0.00,     120.83,       0.00,     -0.222
-58,     161.24,     505958,     580.32,       0.00,     580.32,       0.00,       0.00,       0.00,     161.24,      506.4,      506.4,     -0.000,     -0.026,      1.325,        0.0,        0.0,        0.0,      0.000,      0.000,      71153,     114777,    -48.588,      0.000,       0.00,       0.00,     120.83,       0.00,     -0.248
-57,     157.88,     520349,     580.32,       0.00,     580.32,       0.00,       0.00,       0.00,     157.88,      509.9,      509.9,     -0.000,     -0.028,      1.325,        0.0,        0.0,        0.0,      0.000,      0.000,      70629,     115730,    -50.327,      0.000,       0.00,       0.00,     120.83,       0.00,     -0.276
-56,     154.56,     535337,     580.32,       0.00,     580.32,       0.00,       0.00,       0.00,     154.56,      513.4,      513.4,     -0.000,     -0.029,      1.324,        0.0,        0.0,        0.0,      0.000,      0.000,      70121,     116684,    -52.102,      0.000,       0.00,       0.00,     120.83,       0.00,     -0.305
-55,     151.26,     550948,     580.32,       0.00,     580.32,       0.00,       0.00,       0.00,     151.26,      516.9,      516.9,     -0.000,     -0.031,      1.323,        0.0,        0.0,        0.0,      0.000,      0.000,      69630,     117634,    -53.912,      0.000,       0.00,       0.00,     120.83,       0.00,     -0.336
-54,     147.99,     567210,     580.32,       0.00,     580.32,       0.00,       0.00,       0.00,     147.99,      520.5,      520.5,     -0.000,     -0.033,      1.323,        0.0,        0.0,        0.0,      0.000,      0.000,      69157,     118577,    -55.759,      0.000,       0.00,       0.00,     120.83,       0.00,     -0.369
-53,     144.75,     584152,     580.32,       0.00,     580.32,       0.00,       0.00,       0.00,     144.75,      524.2,      524.2,     -0.000,     -0.035,      1.322,        0.0,        0.0,        0.0,      0.000,      0.000,      68702,     119508,    -57.642,      0.000,       0.00,       0.00,     120.83,       0.00,     -0.403
-52,     141.54,     601803,     580.32,       0.00,     580.32,       0.00,       0.00,       0.00,     141.54,      527.9,      527.9,     -0.000,     -0.036,      1.322,        0.0,        0.0,        0.0,      0.000,      0.000,      68268,     120424,    -59.562,      0.000,       0.00,       0.00,     120.83,       0.00,     -0.440
-51,     138.36,     620193,     580.32,       0.00,     580.32,       0.00,       0.00,       0.00,     138.36,      531.7,      531.7,     -0.000,     -0.038,      1.321,        0.0,        0.0,        0.0,      0.000,      0.000,      67857,     121321,    -61.520,      0.000,       0.00,       0.00,     120.83,       0.00,     -0.478
-50,     135.23,     639354,     580.32,       0.00,     580.32,       0.00,       0.00,       0.00,     135.23,      535.6,      535.6,     -0.000,     -0.041,      1.321,        0.0,        0.0,        0.0,      0.000,      0.000,      67471,     122196,    -63.515,      0.000,       0.00,       0.00,     120.83,       0.00,     -0.519
-49,     132.12,     659318,     580.32,       0.00,     580.32,       0.00,       0.00,       0.00,     132.12,      539.5,      539.5,     -0.000,     -0.043,      1.320,        0.0,        0.0,        0.0,      0.000,      0.000,      67116,     123047,    -65.548,      0.000,       0.00,       0.00,     120.83,       0.00,     -0.562
-48,     129.06,     680116,     580.32,       0.00,     580.32,       0.00,       0.00,       0.00,     129.06,      543.5,      543.5,     -0.000,     -0.045,      1.320,        0.0,        0.0,        0.0,      0.000,      0.000,      66794,     123871,    -67.618,      0.000,       0.00,       0.00,     120.83,       0.00,     -0.607
-47,     126.03,     701784,     580.32,       0.00,     580.32,       0.00,       0.00,       0.00,     126.03,      547.5,      547.5,     -0.000,     -0.047,      1.319,        0.0,        0.0,        0.0,      0.000,      0.000,      66512,     124667,    -69.727,      0.000,       0.00,       0.00,     120.83,       0.00,     -0.654
-46,     123.05,     724354,     580.32,       0.00,     580.32,       0.00,       0.00,       0.00,     123.05,      551.6,      551.6,     -0.000,     -0.050,      1.318,        0.0,        0.0,        0.0,      0.000,      0.000,      66274,     125434,    -71.874,      0.000,       0.00,       0.00,     120.83,       0.00,     -0.704
-45,     120.11,     747861,     580.32,       0.00,     580.32,       0.00,       0.00,       0.00,     120.11,      555.8,      555.8,     -0.000,     -0.053,      1.318,        0.0,        0.0,        0.0,      0.000,      0.000,      66087,     126170,    -74.058,      0.000,       0.00,       0.00,     120.83,       0.00,     -0.757
-44,     117.21,     772339,     580.32,       0.00,     580.32,       0.00,       0.00,       0.00,     117.21,      560.0,      560.0,     -0.000,     -0.055,      1.317,        0.0,        0.0,        0.0,      0.000,      0.000,      65958,     126876,    -76.280,      0.000,       0.00,       0.00,     120.83,       0.00,     -0.812
-43,     114.35,     797823,     580.32,       0.00,     580.32,       0.00,       0.00,       0.00,     114.35,      564.2,      564.2,     -0.000,     -0.058,      1.316,        0.0,        0.0,        0.0,      0.000,      0.000,      65892,     127551,    -78.540,      0.000,       0.00,       0.00,     120.83,       0.00,     -0.870
-42,     111.55,     824345,     580.32,       0.00,     580.32,       0.00,       0.00,       0.00,     111.55,      568.6,      568.6,     -0.000,     -0.061,      1.316,        0.0,        0.0,        0.0,      0.000,      0.000,      65897,     128196,    -80.836,      0.000,       0.00,       0.00,     120.83,       0.00,     -0.931
-41,     108.78,     851939,     580.32,       0.00,     580.32,       0.00,       0.00,       0.00,     108.78,      572.9,      572.9,     -0.000,     -0.064,      1.315,        0.0,        0.0,        0.0,      0.000,      0.000,      65980,     128809,    -83.168,      0.000,       0.00,       0.00,     120.83,       0.00,     -0.996
-40,     106.07,     880638,     580.32,       0.00,     580.32,       0.00,       0.00,       0.00,     106.07,      577.4,      577.4,     -0.000,     -0.068,      1.315,        0.0,        0.0,        0.0,      0.000,      0.000,      66146,     129392,    -85.536,      0.000,       0.00,       0.00,     120.83,       0.00,     -1.063
-39,     103.41,     910470,     580.32,       0.00,     580.32,       0.00,       0.00,       0.00,     103.41,      581.9,      581.9,     -0.000,     -0.071,      1.314,        0.0,        0.0,        0.0,      0.000,      0.000,      66400,     129944,    -87.938,      0.000,       0.00,       0.00,     120.83,       0.00,     -1.134
-38,     100.79,     941464,     580.32,       0.00,     580.32,       0.00,       0.00,       0.00,     100.79,      586.4,      586.4,     -0.000,     -0.075,      1.313,        0.0,        0.0,        0.0,      0.000,      0.000,      66746,     130468,    -90.374,      0.000,       0.00,       0.00,     120.83,       0.00,     -1.209
-37,      98.23,     973647,     580.32,       0.00,     580.32,       0.00,       0.00,       0.00,      98.23,      590.9,      590.9,     -0.000,     -0.078,      1.313,        0.0,        0.0,        0.0,      0.000,      0.000,      67183,     130962,    -92.842,      0.000,       0.00,       0.00,     120.83,       0.00,     -1.288
-36,      95.73,    1007039,     580.32,       0.00,     580.32,       0.00,       0.00,       0.00,      95.73,      595.5,      595.5,     -0.000,     -0.082,      1.312,        0.0,        0.0,        0.0,      0.000,      0.000,      67711,     131429,    -95.340,      0.000,       0.00,       0.00,     120.83,       0.00,     -1.370
-35,      93.27,    1041659,     580.32,       0.00,     580.32,       0.00,       0.00,       0.00,      93.27,      600.2,      600.2,     -0.000,     -0.086,      1.311,        0.0,        0.0,        0.0,      0.000,      0.000,      68327,     131868,    -97.867,      0.000,       0.00,       0.00,     120.83,       0.00,     -1.456
-34,      90.87,    1077520,     580.32,       0.00,     580.32,       0.00,       0.00,       0.00,      90.87,      604.9,      604.9,     -0.000,     -0.091,      1.311,        0.0,        0.0,        0.0,      0.000,      0.000,      69022,     132282,   -100.421,      0.000,       0.00,       0.00,     120.83,       0.00,     -1.547
-33,      88.53,    1114629,     580.32,       0.00,     580.32,       0.00,       0.00,       0.00,      88.53,      609.5,      609.5,     -0.000,     -0.095,      1.310,        0.0,        0.0,        0.0,      0.000,      0.000,      69786,     132669,   -102.998,      0.000,       0.00,       0.00,     120.83,       0.00,     -1.642
-32,      86.25,    1152986,     580.32,       0.00,     580.32,       0.00,       0.00,       0.00,      86.25,      614.3,      614.3,     -0.000,     -0.100,      1.309,        0.0,        0.0,        0.0,      0.000,      0.000,      70605,     133031,   -105.598,      0.000,       0.00,       0.00,     120.83,       0.00,     -1.742
-31,      84.02,    1192583,     580.32,       0.00,     580.32,       0.00,       0.00,       0.00,      84.02,      619.0,      619.0,     -0.000,     -0.105,      1.309,        0.0,        0.0,        0.0,      0.000,      0.000,      71468,     133368,   -108.216,      0.000,       0.00,       0.00,     120.83,       0.00,     -1.847
-30,      81.86,    1233404,     580.32,       0.00,     580.32,       0.00,       0.00,       0.00,      81.86,      623.7,      623.7,     -0.000,     -0.110,      1.308,        0.0,        0.0,        0.0,      0.000,      0.000,      72363,     133681,   -110.849,      0.000,       0.00,       0.00,     120.83,       0.00,     -1.957
-29,      79.75,    1275420,     580.32,       0.00,     580.32,       0.00,       0.00,       0.00,      79.75,      628.4,      628.4,     -0.000,     -0.115,      1.307,        0.0,        0.0,        0.0,      0.000,      0.000,      73276,     133969,   -113.494,      0.000,       0.00,       0.00,     120.83,       0.00,     -2.072
-28,      77.71,    1318593,     580.32,       0.00,     580.32,       0.00,       0.00,       0.00,      77.71,      633.2,      633.2,     -0.000,     -0.121,      1.307,        0.0,        0.0,        0.0,      0.000,      0.000,      74198,     134234,   -116.147,      0.000,       0.00,       0.00,     120.83,       0.00,     -2.193
-27,      75.73,    1362868,     580.32,       0.00,     580.32,       0.00,       0.00,       0.00,      75.73,      637.9,      637.9,     -0.000,     -0.126,      1.306,        0.0,        0.0,        0.0,      0.000,      0.000,      75121,     134475,   -118.802,      0.000,       0.00,       0.00,     120.83,       0.00,     -2.319
-26,      73.81,    1408179,     580.32,       0.00,     580.32,       0.00,       0.00,       0.00,      73.81,      642.5,      642.5,     -0.000,     -0.132,      1.305,        0.0,        0.0,        0.0,      0.000,      0.000,      76039,     134691,   -121.456,      0.000,       0.00,       0.00,     120.83,       0.00,     -2.451
-25,      71.96,    1454440,     580.32,       0.00,     580.32,       0.00,       0.00,       0.00,      71.96,      647.2,      647.2,     -0.000,     -0.138,      1.305,        0.0,        0.0,        0.0,      0.000,      0.000,      76951,     134882,   -124.102,      0.000,       0.00,       0.00,     120.83,       0.00,     -2.589
-24,      70.18,    1501551,     580.32,       0.00,     580.32,       0.00,       0.00,       0.00,      70.18,      651.8,      651.8,     -0.000,     -0.144,      1.304,        0.0,        0.0,        0.0,      0.000,      0.000,      77856,     135049,   -126.735,      0.000,       0.00,       0.00,     120.83,       0.00,     -2.733
-23,      68.46,    1549390,     580.32,       0.00,     580.32,       0.00,       0.00,       0.00,      68.46,      656.3,      656.3,     -0.000,     -0.151,      1.303,        0.0,        0.0,        0.0,      0.000,      0.000,      78756,     135191,   -129.348,      0.000,       0.00,       0.00,     120.83,       0.00,     -2.884
-22,      66.80,    1597816,     580.32,       0.00,     580.32,       0.00,       0.00,       0.00,      66.80,      660.7,      660.7,     -0.000,     -0.157,      1.303,        0.0,        0.0,        0.0,      0.000,      0.000,      79654,     135307,   -131.936,      0.000,       0.00,       0.00,     120.83,       0.00,     -3.041
-21,      65.22,    1646666,     580.32,       5.80,     574.52,       0.00,       0.00,      65.22,       0.00,     2515.8,      665.1,     -0.556,     -0.044,      1.302,        0.0,        0.0,        0.0,      0.000,      0.000,      80553,     135396,   -134.490,      0.000,      13.89,       3.85,     105.76,       0.00,     -3.642
-20,      63.70,    1724570,     580.32,       5.80,     574.52,       0.00,       0.00,      63.70,       0.00,     2735.3,      672.2,     -0.621,     -0.046,      1.301,        0.0,        0.0,        0.0,      0.000,      0.000,      81455,     135459,   -137.046,      0.000,      25.64,       7.21,      92.92,       0.00,     -4.308
-19,      62.25,    1815677,     580.32,       5.80,     574.52,       0.00,       0.00,      62.25,       0.00,     2888.0,      680.2,     -0.683,     -0.049,      1.300,        0.0,        0.0,        0.0,      0.000,      0.000,      82363,     135495,   -139.610,      0.000,      35.71,      10.29,      81.80,       0.00,     -5.041
-18,      60.88,    1921250,     580.32,       5.80,     574.52,       0.00,       0.00,      60.88,       0.00,     2970.4,      689.0,     -0.745,     -0.053,      1.299,        0.0,        0.0,        0.0,      0.000,      0.000,      83278,     135502,   -142.189,      0.000,      41.27,      12.12,      75.61,       0.00,     -5.838
-17,      59.57,    2041632,     580.32,       7.54,     572.78,       0.00,       0.00,      59.57,       0.00,     2998.5,      698.7,     -0.807,     -0.057,      1.297,        0.0,        0.0,        0.0,      0.000,      0.000,      84200,     135480,   -144.784,      0.000,      42.80,      12.71,      73.91,       0.00,     -6.703
-16,      58.33,    2176629,     580.32,      11.75,     568.57,       0.00,       0.00,      58.33,       0.00,     3008.2,      708.9,     -0.876,     -0.062,      1.296,        0.0,        0.0,        0.0,      0.000,      0.000,      85129,     135428,   -147.395,      0.000,      42.90,      12.85,      73.80,       0.00,     -7.642
-15,      57.17,    2325818,     580.32,      16.87,     563.45,       0.00,       0.00,      57.17,       0.00,     3011.5,      719.6,     -0.954,     -0.068,      1.294,        0.0,        0.0,        0.0,      0.000,      0.000,      86062,     135345,   -150.017,      0.000,      42.51,      12.82,      74.24,       0.00,     -8.664
-14,      56.08,    2488604,     580.32,      22.89,     557.44,       0.00,       0.00,      56.08,       0.00,     3012.6,      730.7,     -1.042,     -0.075,      1.292,        0.0,        0.0,        0.0,      0.000,      0.000,      86999,     135232,   -152.641,      0.000,      41.95,      12.74,      74.87,       0.00,     -9.781
-13,      55.06,    2664235,     580.32,      29.77,     550.55,       0.00,       0.00,      55.06,       0.00,     3013.1,      741.9,     -1.140,     -0.083,      1.290,        0.0,        0.0,        0.0,      0.000,      0.000,      87936,     135086,   -155.256,      0.000,      41.34,      12.64,      75.56,       0.00,    -11.004
-12,      54.12,    2851798,     580.32,      37.50,     542.82,       0.00,       0.00,      54.12,       0.00,     3013.3,      753.3,     -1.248,     -0.091,      1.289,        0.0,        0.0,        0.0,      0.000,      0.000,      88870,     134907,   -157.845,      0.000,      40.72,      12.54,      76.25,       0.00,    -12.343
-11,      53.25,    3050225,     580.32,      46.06,     534.26,       0.00,       0.00,      53.25,       0.00,     3013.6,      764.6,     -1.367,     -0.101,      1.287,        0.0,        0.0,        0.0,      0.000,      0.000,      89798,     134695,   -160.388,      0.000,      40.12,      12.44,      76.93,       0.00,    -13.811
-10,      52.45,    3258291,     580.32,      55.42,     524.91,       0.00,       0.00,      52.45,       0.00,     3014.0,      775.8,     -1.497,     -0.111,      1.285,        0.0,        0.0,        0.0,      0.000,      0.000,      90717,     134449,   -162.861,      0.000,      39.53,      12.34,      77.58,       0.00,    -15.419
-9,      51.73,    3474622,     580.32,      65.54,     514.79,       0.00,       0.00,      51.73,       0.00,     3014.3,      786.9,     -1.636,     -0.123,      1.283,        0.0,        0.0,        0.0,      0.000,      0.000,      91623,     134168,   -165.239,      0.000,      38.97,      12.25,      78.21,       0.00,    -17.179
-8,      51.08,    3697708,     580.32,      76.39,     503.94,       0.00,       0.00,      51.08,       0.00,     3014.6,      797.6,     -1.786,     -0.135,      1.281,        0.0,        0.0,        0.0,      0.000,      0.000,      92515,     133853,   -167.491,      0.000,      38.43,      12.15,      78.82,       0.00,    -19.099
-7,      50.51,    3925911,     580.32,      87.94,     492.39,       0.00,       0.00,      50.51,       0.00,     3014.7,      808.1,     -1.944,     -0.148,      1.280,        0.0,        0.0,        0.0,      0.000,      0.000,      93388,     133503,   -169.586,      0.000,      37.90,      12.06,      79.41,       0.00,    -21.191
-6,      50.01,    4157487,     580.32,     100.15,     480.18,       0.00,       0.00,      50.01,       0.00,     3014.7,      818.1,     -2.110,     -0.162,      1.278,        0.0,        0.0,        0.0,      0.000,      0.000,      94242,     133118,   -171.489,      0.000,      37.38,      11.97,      79.98,       0.00,    -23.463
-5,      49.59,    4390607,     580.32,     112.98,     467.35,       0.00,       0.00,      49.59,       0.00,     3014.3,      827.7,     -2.282,     -0.177,      1.277,        0.0,        0.0,        0.0,      0.000,      0.000,      95074,     132699,   -173.166,      0.000,      36.88,      11.87,      80.55,       0.00,    -25.922
-4,      49.25,    4623386,     580.32,     126.38,     453.94,       0.00,       0.00,      49.25,       0.00,     3013.7,      836.9,     -2.460,     -0.192,      1.275,        0.0,        0.0,        0.0,      0.000,      0.000,      95884,     132245,   -174.579,      0.000,      36.38,      11.77,      81.10,       0.00,    -28.575
-3,      48.98,    4853907,     580.32,     140.32,     440.00,       0.00,       0.00,      48.98,       0.00,     3012.6,      845.5,     -2.641,     -0.209,      1.274,        0.0,        0.0,        0.0,      0.000,      0.000,      96672,     131758,   -175.693,      0.000,      35.89,      11.67,      81.64,       0.00,    -31.425
-2,      48.79,    5080260,     580.32,     154.75,     425.57,       0.00,       0.00,      48.79,       0.00,     3011.2,      853.5,     -2.824,     -0.225,      1.272,        0.0,        0.0,        0.0,      0.000,      0.000,      97439,     131239,   -176.470,      0.000,      35.40,      11.56,      82.19,       0.00,    -34.474
-1,      48.68,    5300567,     580.32,     169.62,     410.70,       0.00,       0.00,      48.68,       0.00,     3009.3,      861.0,     -3.007,     -0.242,      1.271,        0.0,        0.0,        0.0,      0.000,      0.000,      98187,     130687,   -176.876,      0.000,      34.92,      11.45,      82.72,       0.00,    -37.724
0,      48.64,    5513021,     580.32,     184.89,     395.44,       0.00,       0.00,      48.64,       0.00,     3007.0,      867.9,     -3.188,     -0.259,      1.270,        0.0,        0.0,        0.0,      0.000,      0.000,      98915,     130106,   -176.876,      0.000,      34.44,      11.34,      83.26,       0.00,    -41.171
1,      48.68,    5715912,     580.32,     200.50,     379.83,       0.00,       0.00,      48.68,       0.00,     3004.3,      874.2,     -3.365,     -0.277,      1.268,        0.0,        0.0,        0.0,      0.000,      0.000,      99626,     129494,   -176.438,      0.000,      33.96,      11.22,      83.79,       0.00,    -44.813
2,      48.79,    5907657,     580.32,     216.40,     363.93,       0.00,       0.00,      48.79,       0.00,     3001.0,      879.8,     -3.536,     -0.294,      1.267,        0.0,        0.0,        0.0,      0.000,      0.000,     100322,     128856,   -175.534,      0.000,      33.47,      11.09,      84.33,       0.00,    -48.643
3,      48.98,    6086824,     580.32,     232.54,     347.79,       0.00,       0.00,      48.98,       0.00,     2997.3,      884.8,     -3.698,     -0.312,      1.266,        0.0,        0.0,        0.0,      0.000,      0.000,     101003,     128192,   -174.138,      0.000,      32.99,      10.96,      84.86,       0.00,    -52.653
4,      49.25,    6252156,     580.32,     248.87,     331.46,       0.00,       0.00,      49.25,       0.00,     2993.2,      889.2,     -3.851,     -0.329,      1.265,        0.0,        0.0,        0.0,      0.000,      0.000,     101671,     127504,   -172.227,      0.000,      32.51,      10.83,      85.39,       0.00,    -56.833
5,      49.59,    6402580,     580.32,     265.33,     314.99,       0.00,       0.00,      49.59,       0.00,     2988.5,      892.9,     -3.993,     -0.345,      1.264,        0.0,        0.0,        0.0,      0.000,      0.000,     102326,     126794,   -169.782,      0.000,      32.02,      10.69,      85.93,       0.00,    -61.171
6,      50.01,    6537222,     580.32,     281.88,     298.45,       0.00,       0.00,      50.01,       0.00,     2983.5,      896.0,     -4.121,     -0.361,      1.263,        0.0,        0.0,        0.0,      0.000,      0.000,     102971,     126066,   -166.789,      0.000,      31.54,      10.54,      86.46,       0.00,    -65.653
7,      50.51,    6655410,     580.32,     298.45,     281.88,       0.00,       0.00,      50.51,       0.00,     2977.9,      898.4,     -4.236,     -0.377,      1.262,        0.0,        0.0,        0.0,      0.000,      0.000,     103608,     125322,   -163.238,      0.000,      31.06,      10.39,      87.00,       0.00,    -70.266
8,      51.08,    6756673,     580.32,     314.99,     265.33,       0.00,       0.00,      51.08,       0.00,     2972.0,      900.1,     -4.335,     -0.391,      1.262,        0.0,        0.0,        0.0,      0.000,      0.000,     104234,     124565,   -159.122,      0.000,      30.57,      10.24,      87.53,       0.00,    -74.992
9,      51.73,    6840736,     580.32,     331.46,     248.87,       0.00,       0.00,      51.73,       0.00,     2965.6,      901.2,     -4.418,     -0.405,      1.261,        0.0,        0.0,        0.0,      0.000,      0.000,     104852,     123798,   -154.441,      0.000,      30.08,      10.09,      88.07,       0.00,    -79.815
10,      52.45,    6907513,     580.32,     347.79,     232.54,       0.00,       0.00,      52.45,       0.00,     2958.8,      901.6,     -4.485,     -0.418,      1.260,        0.0,        0.0,        0.0,      0.000,      0.000,     105461,     123023,   -149.198,      0.000,      29.60,       9.93,      88.60,       0.00,    -84.719
11,      53.25,    6957091,     580.32,     363.93,     216.40,       0.00,       0.00,      53.25,       0.00,     2951.7,      901.4,     -4.536,     -0.429,      1.259,        0.0,        0.0,        0.0,      0.000,      0.000,     106063,     122240,   -143.398,      0.000,      29.11,       9.77,      89.14,       0.00,    -89.684
12,      54.12,    6989716,     580.32,     379.83,     200.50,       0.00,       0.00,      54.12,       0.00,     2944.1,      900.5,     -4.570,     -0.440,      1.259,        0.0,        0.0,        0.0,      0.000,      0.000,     106658,     121457,   -137.053,      0.000,      28.62,       9.60,      89.67,       0.00,    -94.694
13,      55.06,    7005776,     580.32,     395.44,     184.89,       0.00,       0.00,      55.06,       0.00,     2936.2,      898.9,     -4.588,     -0.449,      1.258,        0.0,        0.0,        0.0,      0.000,      0.000,     107247,     120677,   -130.177,      0.000,      28.14,       9.43,      90.21,       0.00,    -99.731
14,      56.08,    7005783,     580.32,     410.70,     169.62,       0.00,       0.00,      56.08,       0.00,     2928.0,      896.7,     -4.589,     -0.457,      1.257,        0.0,        0.0,        0.0,      0.000,      0.000,     107832,     119900,   -122.788,      0.000,      27.65,       9.26,      90.74,       0.00,   -104.777
15,      57.17,    6990351,     580.32,     425.57,     154.75,       0.00,       0.00,      57.17,       0.00,     2919.4,      893.7,     -4.576,     -0.463,      1.257,        0.0,        0.0,        0.0,      0.000,      0.000,     108412,     119131,   -114.908,      0.000,      27.16,       9.09,      91.28,       0.00,   -109.816
16,      58.33,    6960183,     580.32,     440.00,     140.32,       0.00,       0.00,      58.33,       0.00,     2910.5,      890.1,     -4.548,     -0.468,      1.256,        0.0,        0.0,        0.0,      0.000,      0.000,     108988,     118371,   -106.559,      0.000,      26.67,       8.92,      91.81,       0.00,   -114.831
17,      59.57,    6916047,     580.32,     453.94,     126.38,       0.00,       0.00,      59.57,       0.00,     2901.3,      885.7,     -4.506,     -0.471,      1.255,        0.0,        0.0,        0.0,      0.000,      0.000,     109562,     117623,    -97.768,      0.000,      26.18,       8.74,      92.35,       0.00,   -119.808
18,      60.88,    6858763,     580.32,     467.35,     112.98,       0.00,       0.00,      60.88,       0.00,     2891.8,      880.5,     -4.451,     -0.473,      1.255,        0.0,        0.0,        0.0,      0.000,      0.000,     110134,     116890,    -88.563,      0.000,      25.69,       8.56,      92.89,       0.00,   -124.732
19,      62.25,    6789184,     580.32,     480.18,     100.15,       0.00,       0.00,      62.25,       0.00,     2881.9,      874.5,     -4.384,     -0.473,      1.254,        0.0,        0.0,        0.0,      0.000,      0.000,     110704,     116172,    -78.974,      0.000,      25.20,       8.38,      93.43,       0.00,   -129.589
20,      63.70,    6708185,     580.32,     492.39,      87.94,       0.00,       0.00,      63.70,       0.00,     2871.8,      867.6,     -4.307,     -0.471,      1.254,        0.0,        0.0,        0.0,      0.000,      0.000,     111274,     115473,    -69.031,      0.000,      24.71,       8.20,      93.96,       0.00,   -134.367
21,      65.22,    6616651,     580.32,     503.94,      76.39,       0.00,       0.00,      65.22,       0.00,     2861.3,      859.6,     -4.220,     -0.468,      1.253,        0.0,        0.0,        0.0,      0.000,      0.000,     111843,     114796,    -58.768,      0.000,      24.22,       8.02,      94.51,       0.00,   -139.054
22,      66.80,    6515460,     580.32,     514.79,      65.54,       0.00,       0.00,      66.80,       0.00,     2850.6,      850.4,     -4.124,     -0.462,      1.253,        0.0,        0.0,        0.0,      0.000,      0.000,     112413,     114138,    -48.218,      0.000,      23.72,       7.84,      95.05,       0.00,   -143.641
23,      68.46,    6405483,     580.32,     524.91,      55.42,       0.00,       0.00,      68.46,       0.00,     2839.5,      839.8,     -4.021,     -0.455,      1.252,        0.0,        0.0,        0.0,      0.000,      0.000,     112983,     113501,    -37.413,      0.000,      23.22,       7.65,      95.60,       0.00,   -148.116
24,      70.18,    6287569,     580.32,     534.26,      46.06,       0.00,       0.00,      70.18,       0.00,     2828.1,      827.5,     -3.911,     -0.445,      1.252,        0.0,        0.0,        0.0,      0.000,      0.000,     113554,     112887,    -26.388,      0.000,      22.72,       7.47,      96.15,       0.00,   -152.472
25,      71.96,    6162542,     580.32,     542.82,      37.50,       0.00,       0.00,      71.96,       0.00,     2816.4,      813.0,     -3.795,     -0.433,      1.251,        0.0,        0.0,        0.0,      0.000,      0.000,     114125,     112297,    -15.176,      0.000,      22.21,       7.28,      96.70,       0.00,   -156.700
26,      73.81,    6031198,     580.32,     550.55,      29.77,       0.00,       0.00,      73.81,       0.00,     2804.4,      795.7,     -3.675,     -0.417,      1.251,        0.0,        0.0,        0.0,      0.000,      0.000,     114697,     111730,     -3.812,      0.000,      21.70,       7.09,      97.26,       0.00,   -160.793
27,      75.73,    5894297,     580.32,     557.44,      22.89,       0.00,       0.00,      75.73,       0.00,     2792.1,      774.4,     -3.552,     -0.397,      1.250,        0.0,        0.0,        0.0,      0.000,      0.000,     115268,     111188,      7.673,      0.000,      21.18,       6.90,      97.83,       0.00,   -164.742
28,      77.71,    5752569,     580.32,     563.45,      16.87,       0.00,       0.00,      77.71,       0.00,     2779.3,      747.3,     -3.425,     -0.372,      1.250,        0.0,        0.0,        0.0,      0.000,      0.000,     115839,     110672,     19.244,      0.000,      20.65,       6.70,      98.40,       0.00,   -168.539
29,      79.75,    5606706,     580.32,     568.57,      11.75,       0.00,       0.00,      79.75,       0.00,     2766.3,      711.0,     -3.297,     -0.338,      1.250,        0.0,        0.0,        0.0,      0.000,      0.000,     116408,     110181,     30.871,      0.000,      20.13,       6.51,      98.98,       0.00,   -172.174
30,      81.86,    5457360,     580.32,     572.78,       7.54,       0.00,       0.00,      81.86,       0.00,     2752.8,      662.9,     -3.167,     -0.292,      1.249,        0.0,        0.0,        0.0,      0.000,      0.000,     116976,     109715,     42.523,      0.000,      19.59,       6.31,      99.56,       0.00,   -175.633
31,      84.02,    5305039,     580.32,     574.52,       5.80,       0.00,       0.00,      84.02,       0.00,     2739.0,      618.2,     -3.037,     -0.246,      1.249,        0.0,        0.0,        0.0,      0.000,      0.000,     117541,     109276,     54.170,      0.000,      19.05,       6.11,     100.15,       0.00,   -178.916
32,      86.25,    5150184,     580.32,     574.52,       5.80,       0.00,       0.00,      86.25,       0.00,     2724.8,      579.6,     -2.907,     -0.205,      1.249,        0.0,        0.0,        0.0,      0.000,      0.000,     118103,     108862,     65.781,      0.000,      18.50,       5.91,     100.75,       0.00,   -182.027
33,      88.53,    4993238,     580.32,     574.52,       5.80,       0.00,       0.00,      88.53,       0.00,     2710.4,      546.7,     -2.777,     -0.167,      1.249,        0.0,        0.0,        0.0,      0.000,      0.000,     118660,     108474,     77.329,      0.000,      17.96,       5.72,     101.34,       0.00,   -184.971
34,      90.87,    4827009,     580.32,     580.32,       0.00,       0.00,       0.00,      90.87,       0.00,     2694.2,     2694.2,     -3.809,     -0.000,      1.249,        0.0,        0.0,        0.0,      0.000,      0.000,     119213,     108112,     88.769,      0.000,      17.35,       5.50,     102.01,       0.00,   -188.780
35,      93.27,    4666828,     580.32,     580.32,       0.00,       0.00,       0.00,      93.27,       0.00,     2678.1,     2678.1,     -3.653,     -0.000,      1.249,        0.0,        0.0,        0.0,      0.000,      0.000,     119760,     107777,    100.090,      0.000,      16.75,       5.29,     102.65,       0.00,   -192.433
36,      95.73,    4512570,     580.32,     580.32,       0.00,       0.00,       0.00,      95.73,       0.00,     2662.2,     2662.2,     -3.505,     -0.000,      1.249,        0.0,        0.0,        0.0,      0.000,      0.000,     120300,     107467,    111.285,      0.000,      16.18,       5.08,     103.28,       0.00,   -195.938
37,      98.23,    4364095,     580.32,     580.32,       0.00,       0.00,       0.00,      98.23,       0.00,     2646.5,     2646.5,     -3.365,     -0.000,      1.249,        0.0,        0.0,        0.0,      0.000,      0.000,     120834,     107183,    122.346,      0.000,      15.62,       4.89,     103.89,       0.00,   -199.303
38,     100.79,    4221253,     580.32,     580.32,       0.00,       0.00,       0.00,     100.79,       0.00,     2631.0,     2631.0,     -3.233,     -0.000,      1.249,        0.0,        0.0,        0.0,      0.000,      0.000,     121360,     106925,    133.267,      0.000,      15.07,       4.70,     104.48,       0.00,   -202.536
39,     103.41,    4083885,     580.32,     580.32,       0.00,       0.00,       0.00,     103.41,       0.00,     2615.7,     2615.7,     -3.107,     -0.000,      1.249,        0.0,        0.0,        0.0,      0.000,      0.000,     121878,     106693,    144.042,      0.000,      14.54,       4.51,     105.06,       0.00,   -205.643
40,     106.07,    3951826,     580.32,     580.32,       0.00,       0.00,       0.00,     106.07,       0.00,     2600.6,     2600.6,     -2.988,     -0.000,      1.249,        0.0,        0.0,        0.0,      0.000,      0.000,     122388,     106487,    154.668,      0.000,      14.03,       4.34,     105.61,       0.00,   -208.631
41,     108.78,    3824906,     580.32,     580.32,       0.00,       0.00,       0.00,     108.78,       0.00,     2585.6,     2585.6,     -2.875,     -0.000,      1.249,        0.0,        0.0,        0.0,      0.000,      0.000,     122890,     106308,    165.139,      0.000,      13.54,       4.17,     106.15,       0.00,   -211.506
42,     111.55,    3702955,     580.32,     580.32,       0.00,       0.00,       0.00,     111.55,       0.00,     2570.8,     2570.8,     -2.769,     -0.000,      1.249,        0.0,        0.0,        0.0,      0.000,      0.000,     123383,     106156,    175.453,      0.000,      13.05,       4.00,     106.68,       0.00,   -214.275
43,     114.35,    3585799,     580.32,     580.32,       0.00,       0.00,       0.00,     114.35,       0.00,     2556.2,     2556.2,     -2.667,     -0.000,      1.249,        0.0,        0.0,        0.0,      0.000,      0.000,     123867,     106031,    185.608,      0.000,      12.59,       3.84,     107.18,       0.00,   -216.942
44,     117.21,    3473268,     580.32,     580.32,       0.00,       0.00,       0.00,     117.21,       0.00,     2541.8,     2541.8,     -2.571,     -0.000,      1.249,        0.0,        0.0,        0.0,      0.000,      0.000,     124341,     105932,    195.601,      0.000,      12.14,       3.69,     107.67,       0.00,   -219.514
45,     120.11,    3365189,     580.32,     580.32,       0.00,       0.00,       0.00,     120.11,       0.00,     2527.6,     2527.6,     -2.481,     -0.000,      1.249,        0.0,        0.0,        0.0,      0.000,      0.000,     124807,     105861,    205.430,      0.000,      11.70,       3.55,     108.14,       0.00,   -221.994
46,     123.05,    3261396,     580.32,     580.32,       0.00,       0.00,       0.00,     123.05,       0.00,     2513.6,     2513.6,     -2.394,     -0.000,      1.249,        0.0,        0.0,        0.0,      0.000,      0.000,     125262,     105818,    215.095,      0.000,      11.28,       3.41,     108.60,       0.00,   -224.389
47,     126.03,    3161721,     580.32,     580.32,       0.00,       0.00,       0.00,     126.03,       0.00,     2499.8,     2499.8,     -2.313,     -0.000,      1.249,        0.0,        0.0,        0.0,      0.000,      0.000,     125708,     105803,    224.596,      0.000,      10.88,       3.27,     109.04,       0.00,   -226.701
48,     129.06,    3066003,     580.32,     580.32,       0.00,       0.00,       0.00,     129.06,       0.00,     2486.2,     2486.2,     -2.235,     -0.000,      1.249,        0.0,        0.0,        0.0,      0.000,      0.000,     126143,     105816,    233.931,      0.000,      10.48,       3.14,     109.47,       0.00,   -228.936
49,     132.12,    2974083,     580.32,     580.32,       0.00,       0.00,       0.00,     132.12,       0.00,     2472.7,     2472.7,     -2.161,     -0.000,      1.249,        0.0,        0.0,        0.0,      0.000,      0.000,     126567,     105859,    243.101,      0.000,      10.10,       3.02,     109.88,       0.00,   -231.098
50,     135.23,    2885808,     580.32,     580.32,       0.00,       0.00,       0.00,     135.23,       0.00,     2459.4,     2459.4,     -2.091,     -0.000,      1.249,        0.0,        0.0,        0.0,      0.000,      0.000,     126981,     105930,    252.106,      0.000,       9.74,       2.90,     110.28,       0.00,   -233.189
51,     138.36,    2801028,     580.32,     580.32,       0.00,       0.00,       0.00,     138.36,       0.00,     2446.3,     2446.3,     -2.025,     -0.000,      1.249,        0.0,        0.0,        0.0,      0.000,      0.000,     127382,     106032,    260.947,      0.000,       9.39,       2.79,     110.66,       0.00,   -235.214
52,     141.54,    2719598,     580.32,     580.32,       0.00,       0.00,       0.00,     141.54,       0.00,     2433.4,     2433.4,     -1.962,     -0.000,      1.249,        0.0,        0.0,        0.0,      0.000,      0.000,     127770,     106163,    269.624,      0.000,       9.04,       2.68,     111.03,       0.00,   -237.176
53,     144.75,    2641378,     580.32,     580.32,       0.00,       0.00,       0.00,     144.75,       0.00,     2420.7,     2420.7,     -1.902,     -0.000,      1.249,        0.0,        0.0,        0.0,      0.000,      0.000,     128145,     106325,    278.140,      0.000,       8.72,       2.57,     111.39,       0.00,   -239.078
54,     147.99,    2566234,     580.32,     580.32,       0.00,       0.00,       0.00,     147.99,       0.00,     2408.2,     2408.2,     -1.845,     -0.000,      1.250,        0.0,        0.0,        0.0,      0.000,      0.000,     128506,     106518,    286.494,      0.000,       8.40,       2.47,     111.73,       0.00,   -240.923
55,     151.26,    2494035,     580.32,     580.32,       0.00,       0.00,       0.00,     151.26,       0.00,     2395.8,     2395.8,     -1.791,     -0.000,      1.250,        0.0,        0.0,        0.0,      0.000,      0.000,     128850,     106743,    294.689,      0.000,       8.09,       2.37,     112.06,       0.00,   -242.714
56,     154.56,    2424656,     580.32,     580.32,       0.00,       0.00,       0.00,     154.56,       0.00,     2383.6,     2383.6,     -1.739,     -0.000,      1.250,        0.0,        0.0,        0.0,      0.000,      0.000,     129178,     106998,    302.726,      0.000,       7.80,       2.28,     112.38,       0.00,   -244.452
57,     157.88,    2357977,     580.32,     580.32,       0.00,       0.00,       0.00,     157.88,       0.00,     2371.6,     2371.6,     -1.690,     -0.000,      1.250,        0.0,        0.0,        0.0,      0.000,      0.000,     129486,     107284,    310.607,      0.000,       7.52,       2.19,     112.69,       0.00,   -246.142
58,     161.24,    2293882,     580.32,     580.32,       0.00,       0.00,       0.00,     161.24,       0.00,     2359.8,     2359.8,     -1.643,     -0.000,      1.250,        0.0,        0.0,        0.0,      0.000,      0.000,     129775,     107601,    318.333,      0.000,       7.25,       2.11,     112.98,       0.00,   -247.785
59,     164.62,    2232261,     580.32,     580.32,       0.00,       0.00,       0.00,     164.62,       0.00,     2348.1,     2348.1,     -1.598,     -0.000,      1.250,        0.0,        0.0,        0.0,      0.000,      0.000,     130041,     107948,    325.906,      0.000,       6.98,       2.02,     113.27,       0.00,   -249.383
60,     168.03,    2173008,     580.32,     580.32,       0.00,       0.00,       0.00,     168.03,       0.00,     2336.6,     2336.6,     -1.556,     -0.000,      1.250,        0.0,        0.0,        0.0,      0.000,      0.000,     130282,     108326,    333.329,      0.000,       6.73,       1.95,     113.54,       0.00,   -250.939
61,     171.45,    2116020,     580.32,     580.32,       0.00,       0.00,       0.00,     171.45,       0.00,     2325.3,     2325.3,     -1.515,     -0.000,      1.250,        0.0,        0.0,        0.0,      0.000,      0.000,     130497,     108733,    340.604,      0.000,       6.49,       1.87,     113.80,       0.00,   -252.454
62,     174.90,    2061201,     580.32,     580.32,       0.00,       0.00,       0.00,     174.90,       0.00,     2314.1,     2314.1,     -1.476,     -0.000,      1.250,        0.0,        0.0,        0.0,      0.000,      0.000,     130682,     109169,    347.732,      0.000,       6.25,       1.80,     114.06,       0.00,   -253.930
63,     178.37,    2008458,     580.32,     580.32,       0.00,       0.00,       0.00,     178.37,       0.00,     2303.1,     2303.1,     -1.439,     -0.000,      1.250,        0.0,        0.0,        0.0,      0.000,      0.000,     130835,     109632,    354.715,      0.000,       6.03,       1.73,     114.30,       0.00,   -255.368
64,     181.85,    1957701,     580.32,     580.32,       0.00,       0.00,       0.00,     181.85,       0.00,     2292.3,     2292.3,     -1.404,     -0.000,      1.250,        0.0,        0.0,        0.0,      0.000,      0.000,     130953,     110123,    361.557,      0.000,       5.81,       1.66,     114.54,       0.00,   -256.772
65,     185.36,    1908845,     580.32,     580.32,       0.00,       0.00,       0.00,     185.36,       0.00,     2281.6,     2281.6,     -1.370,     -0.000,      1.251,        0.0,        0.0,        0.0,      0.000,      0.000,     131034,     110639,    368.258,      0.000,       5.60,       1.60,     114.76,       0.00,   -258.142
66,     188.88,    1861810,     580.32,     580.32,       0.00,       0.00,       0.00,     188.88,       0.00,     2271.1,     2271.1,     -1.337,     -0.000,      1.251,        0.0,        0.0,        0.0,      0.000,      0.000,     131073,     111179,    374.822,      0.000,       5.40,       1.54,     114.98,       0.00,   -259.479
67,     192.41,    1816518,     580.32,     580.32,       0.00,       0.00,       0.00,     192.41,       0.00,     2260.8,     2260.8,     -1.306,     -0.000,      1.251,        0.0,        0.0,        0.0,      0.000,      0.000,     131069,     111742,    381.250,      0.000,       5.21,       1.48,     115.19,       0.00,   -260.785
68,     195.95,    1772894,     580.32,     580.32,       0.00,       0.00,       0.00,     195.95,       0.00,     2250.6,     2250.6,     -1.277,     -0.000,      1.251,        0.0,        0.0,        0.0,      0.000,      0.000,     131018,     112326,    387.545,      0.000,       5.03,       1.43,     115.39,       0.00,   -262.062
69,     199.51,    1730868,     580.32,     580.32,       0.00,       0.00,       0.00,     199.51,       0.00,     2240.6,     2240.6,     -1.248,     -0.000,      1.251,        0.0,        0.0,        0.0,      0.000,      0.000,     130918,     112929,    393.709,      0.000,       4.85,       1.37,     115.58,       0.00,   -263.310
70,     203.07,    1690373,     580.32,     580.32,       0.00,       0.00,       0.00,     203.07,       0.00,     2230.7,     2230.7,     -1.221,     -0.000,      1.251,        0.0,        0.0,        0.0,      0.000,      0.000,     130767,     113548,    399.744,      0.000,       4.68,       1.32,     115.76,       0.00,   -264.531
71,     206.65,    1651343,     580.32,     580.32,       0.00,       0.00,       0.00,     206.65,       0.00,     2221.0,     2221.0,     -1.195,     -0.000,      1.251,        0.0,        0.0,        0.0,      0.000,      0.000,     130563,     114182,    405.652,      0.000,       4.51,       1.27,     115.94,       0.00,   -265.725
72,     210.23,    1613717,     580.32,     580.32,       0.00,       0.00,       0.00,     210.23,       0.00,     2211.4,     2211.4,     -1.170,     -0.000,      1.251,        0.0,        0.0,        0.0,      0.000,      0.000,     130305,     114827,    411.436,      0.000,       4.36,       1.23,     116.11,       0.00,   -266.895
73,     213.82,    1577437,     580.32,     580.32,       0.00,       0.00,       0.00,     213.82,       0.00,     2201.9,     2201.9,     -1.146,     -0.000,      1.251,        0.0,        0.0,        0.0,      0.000,      0.000,     129993,     115482,    417.098,      0.000,       4.21,       1.18,     116.28,       0.00,   -268.041
74,     217.41,    1542447,     580.32,     580.32,       0.00,       0.00,       0.00,     217.41,       0.00,     2192.6,     2192.6,     -1.123,     -0.000,      1.252,        0.0,        0.0,        0.0,      0.000,      0.000,     129625,     116144,    422.641,      0.000,       4.06,       1.14,     116.43,       0.00,   -269.164
75,     221.00,    1508693,     580.32,     580.32,       0.00,       0.00,       0.00,     221.00,       0.00,     2183.5,     2183.5,     -1.100,     -0.000,      1.252,        0.0,        0.0,        0.0,      0.000,      0.000,     129203,     116810,    428.065,      0.000,       3.92,       1.10,     116.58,       0.00,   -270.264
76,     224.60,    1476124,     580.32,     580.32,       0.00,       0.00,       0.00,     224.60,       0.00,     2174.5,     2174.5,     -1.079,     -0.000,      1.252,        0.0,        0.0,        0.0,      0.000,      0.000,     128728,     117478,    433.374,      0.000,       3.79,       1.06,     116.73,       0.00,   -271.343
77,     228.19,    1444691,     580.32,     580.32,       0.00,       0.00,       0.00,     228.19,       0.00,     2165.6,     2165.6,     -1.059,     -0.000,      1.252,        0.0,        0.0,        0.0,      0.000,      0.000,     128202,     118145,    438.569,      0.000,       3.66,       1.02,     116.87,       0.00,   -272.402
78,     231.79,    1414348,     580.32,     580.32,       0.00,       0.00,       0.00,     231.79,       0.00,     2156.9,     2156.9,     -1.039,     -0.000,      1.252,        0.0,        0.0,        0.0,      0.000,      0.000,     127628,     118809,    443.653,      0.000,       3.53,       0.98,     117.00,       0.00,   -273.441
79,     235.38,    1385051,     580.32,     580.32,       0.00,       0.00,       0.00,     235.38,       0.00,     2148.3,     2148.3,     -1.020,     -0.000,      1.252,        0.0,        0.0,        0.0,      0.000,      0.000,     127005,     119467,    448.628,      0.000,       3.41,       0.95,     117.13,       0.00,   -274.461
80,     238.97,    1356757,     580.32,     580.32,       0.00,       0.00,       0.00,     238.97,       0.00,     2139.8,     2139.8,     -1.002,     -0.000,      1.252,        0.0,        0.0,        0.0,      0.000,      0.000,     126339,     120117,    453.495,      0.000,       3.30,       0.91,     117.26,       0.00,   -275.463
81,     242.56,    1329425,     580.32,     580.32,       0.00,       0.00,       0.00,     242.56,       0.00,     2131.5,     2131.5,     -0.984,     -0.000,      1.252,        0.0,        0.0,        0.0,      0.000,      0.000,     125635,     120757,    458.258,      0.000,       3.19,       0.88,     117.38,       0.00,   -276.447
82,     246.14,    1303018,     580.32,     580.32,       0.00,       0.00,       0.00,     246.14,       0.00,     2123.3,     2123.3,     -0.967,     -0.000,      1.252,        0.0,        0.0,        0.0,      0.000,      0.000,     124895,     121386,    462.917,      0.000,       3.08,       0.85,     117.49,       0.00,   -277.415
83,     249.71,    1277499,     580.32,     580.32,       0.00,       0.00,       0.00,     249.71,       0.00,     2115.3,     2115.3,     -0.951,     -0.000,      1.253,        0.0,        0.0,        0.0,      0.000,      0.000,     124123,     122002,    467.474,      0.000,       2.98,       0.82,     117.60,       0.00,   -278.366
84,     253.27,    1252831,     580.32,     580.32,       0.00,       0.00,       0.00,     253.27,       0.00,     2107.3,     2107.3,     -0.935,     -0.000,      1.253,        0.0,        0.0,        0.0,      0.000,      0.000,     123323,     122603,    471.933,      0.000,       2.88,       0.79,     117.71,       0.00,   -279.301
85,     256.83,    1228983,     580.32,     580.32,       0.00,       0.00,       0.00,     256.83,       0.00,     2099.5,     2099.5,     -0.920,     -0.000,      1.253,        0.0,        0.0,        0.0,      0.000,      0.000,     122497,     123187,    476.294,      0.000,       2.79,       0.77,     117.81,       0.00,   -280.221
86,     260.37,    1205921,     580.32,     580.32,       0.00,       0.00,       0.00,     260.37,       0.00,     2091.8,     2091.8,     -0.906,     -0.000,      1.253,        0.0,        0.0,        0.0,      0.000,      0.000,     121649,     123754,    480.560,      0.000,       2.70,       0.74,     117.91,       0.00,   -281.127
87,     263.90,    1183614,     580.32,     580.32,       0.00,       0.00,       0.00,     263.90,       0.00,     2084.3,     2084.3,     -0.891,     -0.000,      1.253,        0.0,        0.0,        0.0,      0.000,      0.000,     120783,     124303,    484.732,      0.000,       2.61,       0.72,     118.00,       0.00,   -282.018
88,     267.42,    1162035,     580.32,     580.32,       0.00,       0.00,       0.00,     267.42,       0.00,     2076.8,     2076.8,     -0.878,     -0.000,      1.253,        0.0,        0.0,        0.0,      0.000,      0.000,     119901,     124833,    488.812,      0.000,       2.53,       0.69,     118.09,       0.00,   -282.896
89,     270.92,    1141154,     580.32,     580.32,       0.00,       0.00,       0.00,     270.92,       0.00,     2069.5,     2069.5,     -0.865,     -0.000,      1.253,        0.0,        0.0,        0.0,      0.000,      0.000,     119006,     125342,    492.801,      0.000,       2.45,       0.67,     118.18,       0.00,   -283.761
90,     274.41,    1120945,     580.32,     580.32,       0.00,       0.00,       0.00,     274.41,       0.00,     2062.3,     2062.3,     -0.852,     -0.000,      1.253,        0.0,        0.0,        0.0,      0.000,      0.000,     118101,     125832,    496.703,      0.000,       2.37,       0.65,     118.26,       0.00,   -284.613
91,     277.88,    1101382,     580.32,     580.32,       0.00,       0.00,       0.00,     277.88,       0.00,     2055.2,     2055.2,     -0.840,     -0.000,      1.254,        0.0,        0.0,        0.0,      0.000,      0.000,     117187,     126300,    500.518,      0.000,       2.30,       0.63,     118.34,       0.00,   -285.453
92,     281.34,    1082441,     580.32,     580.32,       0.00,       0.00,       0.00,     281.34,       0.00,     2048.2,     2048.2,     -0.828,     -0.000,      1.254,        0.0,        0.0,        0.0,      0.000,      0.000,     116267,     126748,    504.248,      0.000,       2.23,       0.61,     118.42,       0.00,   -286.280
93,     284.77,    1064098,     580.32,     580.32,       0.00,       0.00,       0.00,     284.77,       0.00,     2041.4,     2041.4,     -0.816,     -0.000,      1.254,        0.0,        0.0,        0.0,      0.000,      0.000,     115345,     127174,    507.894,      0.000,       2.16,       0.59,     118.49,       0.00,   -287.097
94,     288.19,    1046332,     580.32,     580.32,       0.00,       0.00,       0.00,     288.19,       0.00,     2034.6,     2034.6,     -0.805,     -0.000,      1.254,        0.0,        0.0,        0.0,      0.000,      0.000,     114424,     127579,    511.459,      0.000,       2.09,       0.57,     118.56,       0.00,   -287.902
95,     291.59,    1029120,     580.32,     580.32,       0.00,       0.00,       0.00,     291.59,       0.00,     2028.0,     2028.0,     -0.794,     -0.000,      1.254,        0.0,        0.0,        0.0,      0.000,      0.000,     113504,     127962,    514.944,      0.000,       2.03,       0.55,     118.63,       0.00,   -288.696
96,     294.96,    1012442,     580.32,     580.32,       0.00,       0.00,       0.00,     294.96,       0.00,     2021.4,     2021.4,     -0.784,     -0.000,      1.254,        0.0,        0.0,        0.0,      0.000,      0.000,     112588,     128324,    518.350,      0.000,       1.97,       0.53,     118.70,       0.00,   -289.480
97,     298.32,     996280,     580.32,     580.32,       0.00,       0.00,       0.00,     298.32,       0.00,     2015.0,     2015.0,     -0.774,     -0.000,      1.254,        0.0,        0.0,        0.0,      0.000,      0.000,     111678,     128664,    521.679,      0.000,       1.91,       0.52,     118.76,       0.00,   -290.254
98,     301.65,     980612,     580.32,     580.32,       0.00,       0.00,       0.00,     301.65,       0.00,     2008.7,     2008.7,     -0.764,     -0.000,      1.254,        0.0,        0.0,        0.0,      0.000,      0.000,     110774,     128983,    524.932,      0.000,       1.85,       0.50,     118.82,       0.00,   -291.018
99,     304.95,     965423,     580.32,     580.32,       0.00,       0.00,       0.00,     304.95,       0.00,     2002.4,     2002.4,     -0.754,     -0.000,      1.254,        0.0,        0.0,        0.0,      0.000,      0.000,     109879,     129281,    528.111,      0.000,       1.80,       0.49,     118.88,       0.00,   -291.772
100,     308.23,     950695,     580.32,     580.32,       0.00,       0.00,       0.00,     308.23,       0.00,     1996.3,     1996.3,     -0.745,     -0.000,      1.255,        0.0,        0.0,        0.0,      0.000,      0.000,     108994,     129558,    531.218,      0.000,       1.75,       0.47,     118.94,       0.00,   -292.518
101,     311.49,     936410,     580.32,     580.32,       0.00,       0.00,       0.00,     311.49,       0.00,     1990.3,     1990.3,     -0.736,     -0.000,      1.255,        0.0,        0.0,        0.0,      0.000,      0.000,     108120,     129813,    534.253,      0.000,       1.70,       0.46,     118.99,       0.00,   -293.254
102,     314.71,     922554,     580.32,     580.32,       0.00,       0.00,       0.00,     314.71,       0.00,     1984.4,     1984.4,     -0.728,     -0.000,      1.255,        0.0,        0.0,        0.0,      0.000,      0.000,     107258,     130048,    537.219,      0.000,       1.65,       0.45,     119.04,       0.00,   -293.982
103,     317.91,     909112,     580.32,     580.32,       0.00,       0.00,       0.00,     317.91,       0.00,     1978.5,     1978.5,     -0.719,     -0.000,      1.255,        0.0,        0.0,        0.0,      0.000,      0.000,     106409,     130261,    540.116,      0.000,       1.60,       0.43,     119.09,       0.00,   -294.701
104,     321.09,     896068,     580.32,     580.32,       0.00,       0.00,       0.00,     321.09,       0.00,     1972.8,     1972.8,     -0.711,     -0.000,      1.255,        0.0,        0.0,        0.0,      0.000,      0.000,     105573,     130454,    542.946,      0.000,       1.56,       0.42,     119.14,       0.00,   -295.412
105,     324.23,     883409,     580.32,     580.32,       0.00,       0.00,       0.00,     324.23,       0.00,     1967.1,     1967.1,     -0.703,     -0.000,      1.255,        0.0,        0.0,        0.0,      0.000,      0.000,     104750,     130626,    545.709,      0.000,       1.52,       0.41,     119.19,       0.00,   -296.115
106,     327.34,     871122,     580.32,     580.32,       0.00,       0.00,       0.00,     327.34,       0.00,     1961.6,     1961.6,     -0.695,     -0.000,      1.255,        0.0,        0.0,        0.0,      0.000,      0.000,     103944,     130776,    548.408,      0.000,       1.47,       0.40,     119.23,       0.00,   -296.811
107,     330.43,     859194,     580.32,     580.32,       0.00,       0.00,       0.00,     330.43,       0.00,     1956.1,     1956.1,     -0.688,     -0.000,      1.255,        0.0,        0.0,        0.0,      0.000,      0.000,     103154,     130905,    551.044,      0.000,       1.43,       0.39,     119.28,       0.00,   -297.499
108,     333.48,     847612,     580.32,     580.32,       0.00,       0.00,       0.00,     333.48,       0.00,     1950.8,     1950.8,     -0.681,     -0.000,      1.255,        0.0,        0.0,        0.0,      0.000,      0.000,     102380,     131013,    553.617,      0.000,       1.40,       0.38,     119.32,       0.00,   -298.179
109,     336.50,     836366,     580.32,     580.32,       0.00,       0.00,       0.00,     336.50,       0.00,     1945.5,     1945.5,     -0.674,     -0.000,      1.256,        0.0,        0.0,        0.0,      0.000,      0.000,     101624,     131099,    556.130,      0.000,       1.36,       0.36,     119.36,       0.00,   -298.853
110,     339.49,     825442,     580.32,     580.32,       0.00,       0.00,       0.00,     339.49,       0.00,     1940.3,     1940.3,     -0.667,     -0.000,      1.256,        0.0,        0.0,        0.0,      0.000,      0.000,     100885,     131163,    558.582,      0.000,       1.32,       0.35,     119.40,       0.00,   -299.520
111,     342.44,     814832,     580.32,     580.32,       0.00,       0.00,       0.00,     342.44,       0.00,     1935.2,     1935.2,     -0.660,     -0.000,      1.256,        0.0,        0.0,        0.0,      0.000,      0.000,     100162,     131206,    560.976,      0.000,       1.29,       0.35,     119.43,       0.00,   -300.180
112,     345.36,     804524,     580.32,     580.32,       0.00,       0.00,       0.00,     345.36,       0.00,     1930.1,     1930.1,     -0.654,     -0.000,      1.256,        0.0,        0.0,        0.0,      0.000,      0.000,      99457,     131226,    563.312,      0.000,       1.25,       0.34,     119.47,       0.00,   -300.833
113,     348.25,     794509,     580.32,     580.32,       0.00,       0.00,       0.00,     348.25,       0.00,     1925.2,     1925.2,     -0.647,     -0.000,      1.256,        0.0,        0.0,        0.0,      0.000,      0.000,      98769,     131223,    565.591,      0.000,       1.22,       0.33,     119.50,       0.00,   -301.480
114,     351.10,     784777,     580.32,     580.32,       0.00,       0.00,       0.00,     351.10,       0.00,     1920.3,     1920.3,     -0.641,     -0.000,      1.256,        0.0,        0.0,        0.0,      0.000,      0.000,      98098,     131198,    567.815,      0.000,       1.19,       0.32,     119.54,       0.00,   -302.121
115,     353.91,     775318,     580.32,     580.32,       0.00,       0.00,       0.00,     353.91,       0.00,     1915.5,     1915.5,     -0.635,     -0.000,      1.256,        0.0,        0.0,        0.0,      0.000,      0.000,      97443,     131149,    569.985,      0.000,       1.16,       0.31,     119.57,       0.00,   -302.756
116,     356.69,     765800,     580.32,     580.32,       0.00,       0.00,       0.00,     356.69,       0.00,     1910.0,     1910.0,     -1.202,     -0.000,      1.256,        0.0,        0.0,        0.0,      0.000,      0.000,      96805,     131077,    569.985,     -2.115,       1.13,       0.30,     119.61,       0.00,   -303.958
117,     359.44,     758240,     580.32,     580.32,       0.00,       0.00,       0.00,     359.44,       0.00,     1905.4,     1905.4,     -1.194,     -0.000,      1.256,        0.0,        0.0,        0.0,      0.000,      0.000,      96181,     130981,    569.985,     -4.182,       1.10,       0.29,     119.64,       0.00,   -305.152
118,     362.15,     750897,     580.32,     580.32,       0.00,       0.00,       0.00,     362.15,       0.00,     1900.8,     1900.8,     -1.187,     -0.000,      1.256,        0.0,        0.0,        0.0,      0.000,      0.000,      95572,     130861,    569.985,     -6.200,       1.07,       0.29,     119.67,       0.00,   -306.340
119,     364.81,     743764,     580.31,     580.31,       0.00,      -0.00,       0.01,     364.81,       0.00,     1896.4,     1896.4,     -1.181,     -0.000,      1.257,        0.0,        0.0,        0.4,      0.000,      0.328,      94977,     130791,    569.985,     -8.171,       1.05,       0.28,     119.70,       0.00,   -307.520
120,     367.45,     736821,     580.25,     580.25,       0.00,      -0.00,       0.06,     367.45,       0.00,     1892.0,     1892.0,     -1.174,     -0.000,      1.257,        0.0,        0.0,        2.5,      0.000,      2.048,      94394,     131001,    569.985,    -10.096,       1.02,       0.27,     119.72,       0.00,   -308.694
121,     370.04,     729995,     580.14,     580.14,       0.00,      -0.00,       0.11,     370.04,       0.00,     1887.6,     1887.6,     -1.167,     -0.000,      1.257,        0.0,        0.0,        4.6,      0.000,      3.758,      93824,     131188,    569.985,    -11.975,       0.99,       0.27,     119.75,       0.00,   -309.861
122,     372.59,     723286,     579.98,     579.98,       0.00,      -0.00,       0.16,     372.59,       0.00,     1883.2,     1883.2,     -1.160,     -0.000,      1.257,        0.0,        0.0,        6.7,      0.000,      5.456,      93266,     131363,    569.985,    -13.809,       0.97,       0.26,     119.78,       0.00,   -311.022
123,     375.11,     716690,     579.77,     579.77,       0.00,      -0.00,       0.21,     375.11,       0.00,     1878.9,     1878.9,     -1.154,     -0.000,      1.257,        0.0,        0.0,        8.8,      0.000,      7.145,      92718,     131519,    569.985,    -15.598,       0.95,       0.25,     119.80,       0.00,   -312.176
124,     377.59,     710205,     579.51,     579.51,       0.00,      -0.00,       0.26,     377.59,       0.00,     1874.6,     1874.6,     -1.147,     -0.000,      1.257,        0.0,        0.0,       10.9,      0.000,      8.823,      92180,     131646,    569.985,    -17.342,       0.92,       0.25,     119.83,       0.00,   -313.323
125,     380.02,     703829,     579.17,     579.17,       0.00,      -0.00,       0.34,     380.02,       0.00,     1870.3,     1870.3,     -1.141,     -0.000,      1.257,        0.0,        0.0,       14.1,      0.000,     11.444,      91651,     131955,    569.985,    -19.043,       0.90,       0.24,     119.85,       0.00,   -314.463
126,     382.42,     697516,     578.74,     578.74,       0.00,      -0.00,       0.43,     382.42,       0.00,     1866.0,     1866.0,     -1.134,     -0.000,      1.257,        0.0,        0.0,       18.3,      0.000,     14.757,      91129,     132383,    569.985,    -20.701,       0.88,       0.23,     119.88,       0.00,   -315.597
127,     384.77,     691235,     578.21,     578.21,       0.00,      -0.00,       0.53,     384.77,       0.00,     1861.8,     1861.8,     -1.127,     -0.000,      1.257,        0.0,        0.0,       22.5,      0.000,     18.038,      90615,     132773,    569.985,    -22.315,       0.86,       0.23,     119.90,       0.00,   -316.724
128,     387.09,     684985,     577.57,     577.57,       0.00,      -0.00,       0.64,     387.09,       0.00,     1857.5,     1857.5,     -1.120,     -0.000,      1.257,        0.0,        0.0,       27.4,      0.000,     21.813,      90109,     133251,    569.985,    -23.887,       0.84,       0.22,     119.92,       0.00,   -317.845
129,     389.36,     678745,     576.82,     576.82,       0.00,      -0.00,       0.75,     389.36,       0.00,     1853.1,     1853.1,     -1.113,     -0.000,      1.258,        0.0,        0.0,       32.5,      0.000,     25.711,      89609,     133725,    569.985,    -25.416,       0.82,       0.22,     119.95,       0.00,   -318.958
130,     391.60,     672508,     575.96,     575.96,       0.00,      -0.00,       0.86,     391.60,       0.00,     1848.8,     1848.8,     -1.106,     -0.000,      1.258,        0.0,        0.0,       37.5,      0.000,     29.568,      89115,     134155,    569.985,    -26.904,       0.79,       0.21,     119.97,       0.00,   -320.064
131,     393.79,     666275,     574.95,     574.95,       0.00,      -0.00,       1.01,     393.79,       0.00,     1844.4,     1844.4,     -1.099,     -0.000,      1.258,        0.0,        0.0,       44.3,      0.000,     34.696,      88627,     134840,    569.985,    -28.350,       0.77,       0.21,     119.99,       0.00,   -321.163
132,     395.94,     659990,     573.77,     573.77,       0.00,      -0.00,       1.18,     395.94,       0.00,     1840.0,     1840.0,     -1.092,     -0.000,      1.258,        0.0,        0.0,       52.0,      0.000,     40.397,      88146,     135613,    569.985,    -29.755,       0.75,       0.20,     120.01,       0.00,   -322.255
133,     398.04,     653628,     572.42,     572.42,       0.00,      -0.00,       1.35,     398.04,       0.00,     1835.5,     1835.5,     -1.084,     -0.000,      1.258,        0.0,        0.0,       59.7,      0.000,     46.017,      87670,     136332,    569.985,    -31.118,       0.73,       0.20,     120.03,       0.00,   -323.339
134,     400.11,     647194,     570.84,     570.84,       0.00,      -0.00,       1.58,     400.11,       0.00,     1830.9,     1830.9,     -1.076,     -0.000,      1.258,        0.0,        0.0,       70.4,      0.000,     53.726,      87199,     137508,    569.985,    -32.441,       0.71,       0.19,     120.06,       0.00,   -324.414
135,     402.13,     640596,     569.03,     569.03,       0.00,      -0.00,       1.81,     402.13,       0.00,     1826.2,     1826.2,     -1.067,     -0.000,      1.258,        0.0,        0.0,       81.5,      0.000,     61.648,      86734,     138692,    569.985,    -33.723,       0.69,       0.18,     120.08,       0.00,   -325.482
136,     404.11,     633825,     566.98,     566.98,       0.00,      -0.00,       2.05,     404.11,       0.00,     1821.3,     1821.3,     -1.058,     -0.000,      1.258,        0.0,        0.0,       92.8,      0.000,     69.523,      86274,     139839,    569.985,    -34.965,       0.67,       0.18,     120.10,       0.00,   -326.540
137,     406.05,     626884,     564.63,     564.63,       0.00,      -0.00,       2.35,     406.05,       0.00,     1816.3,     1816.3,     -1.049,     -0.000,      1.258,        0.0,        0.0,      106.8,      0.000,     79.083,      85820,     141350,    569.985,    -36.165,       0.65,       0.17,     120.12,       0.00,   -327.589
138,     407.94,     619700,     562.00,     562.00,       0.00,      -0.00,       2.63,     407.94,       0.00,     1811.2,     1811.2,     -1.039,     -0.000,      1.259,        0.0,        0.0,      120.7,      0.000,     88.451,      85372,     142764,    569.985,    -37.326,       0.63,       0.17,     120.14,       0.00,   -328.628
139,     409.79,     612283,     559.07,     559.07,       0.00,      -0.00,       2.93,     409.79,       0.00,     1805.8,     1805.8,     -1.029,     -0.000,      1.259,        0.0,        0.0,      135.2,      0.000,     97.970,      84929,     144170,    569.985,    -38.446,       0.61,       0.16,     120.17,       0.00,   -329.657
140,     411.60,     604627,     555.82,     555.82,       0.00,      -0.00,       3.25,     411.60,       0.00,     1800.3,     1800.3,     -1.018,     -0.000,      1.259,        0.0,        0.0,      151.2,      0.000,    108.346,      84491,     145728,    569.985,    -39.525,       0.59,       0.16,     120.19,       0.00,   -330.675
141,     413.37,     596698,     552.25,     552.25,       0.00,      -0.00,       3.57,     413.37,       0.00,     1794.6,     1794.6,     -1.006,     -0.000,      1.259,        0.0,        0.0,      167.3,      0.000,    118.516,      84060,     147180,    569.985,    -40.565,       0.57,       0.15,     120.21,       0.00,   -331.681
142,     415.09,     588509,     548.35,     548.35,       0.00,      -0.00,       3.90,     415.09,       0.00,     1788.6,     1788.6,     -0.994,     -0.000,      1.259,        0.0,        0.0,      184.2,      0.000,    129.062,      83635,     148676,    569.985,    -41.565,       0.55,       0.15,     120.23,       0.00,   -332.675
143,     416.76,     580046,     544.10,     544.10,       0.00,      -0.00,       4.25,     416.76,       0.00,     1782.4,     1782.4,     -0.981,     -0.000,      1.259,        0.0,        0.0,      202.4,      0.000,    140.152,      83216,     150255,    569.985,    -42.524,       0.53,       0.14,     120.26,       0.00,   -333.657
144,     418.40,     571290,     539.52,     539.52,       0.00,      -0.00,       4.58,     418.40,       0.00,     1776.0,     1776.0,     -0.968,     -0.000,      1.259,        0.0,        0.0,      220.5,      0.000,    151.038,      82804,     151733,    569.985,    -43.445,       0.51,       0.13,     120.28,       0.00,   -334.624
145,     419.98,     562257,     534.57,     534.57,       0.00,      -0.00,       4.95,     419.98,       0.00,     1769.3,     1769.3,     -0.954,     -0.000,      1.260,        0.0,        0.0,      240.4,      0.000,    162.776,      82398,     153381,    569.985,    -44.326,       0.49,       0.13,     120.30,       0.00,   -335.578
146,     421.53,     552915,     529.24,     529.24,       0.00,      -0.00,       5.33,     421.53,       0.00,     1762.3,     1762.3,     -0.939,     -0.000,      1.260,        0.0,        0.0,      261.3,      0.000,    174.943,      81999,     155095,    569.985,    -45.168,       0.46,       0.12,     120.33,       0.00,   -336.517
147,     423.03,     543255,     523.55,     523.55,       0.00,      -0.00,       5.69,     423.03,       0.00,     1755.1,     1755.1,     -0.924,     -0.000,      1.260,        0.0,        0.0,      282.2,      0.000,    186.910,      81607,     156723,    569.985,    -45.971,       0.44,       0.12,     120.35,       0.00,   -337.441
148,     424.49,     533297,     517.53,     517.53,       0.00,      -0.00,       6.03,     424.49,       0.00,     1747.5,     1747.5,     -0.908,     -0.000,      1.260,        0.0,        0.0,      303.7,      0.000,    198.254,      81223,     158154,    569.985,    -46.736,       0.42,       0.11,     120.37,       0.00,   -338.349
149,     425.90,     523084,     511.22,     511.22,       0.00,      -0.00,       6.31,     425.90,       0.00,     1739.7,     1739.7,     -0.891,     -0.000,      1.260,        0.0,        0.0,      325.3,      0.000,    208.417,      80846,     159232,    569.985,    -47.463,       0.40,       0.11,     120.40,       0.00,   -339.240
150,     427.27,     512684,     504.65,     504.65,       0.00,      -0.00,       6.57,     427.27,       0.00,     1731.6,     1731.6,     -0.874,     -0.000,      1.261,        0.0,        0.0,      347.0,      0.000,    218.253,      80477,     160180,    569.985,    -48.153,       0.38,       0.10,     120.42,       0.00,   -340.114
151,     428.59,     502127,     497.80,     497.80,       0.00,      -0.00,       6.85,     428.59,       0.00,     1723.3,     1723.3,     -0.857,     -0.000,      1.261,        0.0,        0.0,      370.7,      0.000,    228.743,      80115,     161236,    569.985,    -48.806,       0.36,       0.10,     120.44,       0.00,   -340.971
152,     429.87,     491395,     490.69,     490.69,       0.00,      -0.00,       7.10,     429.87,       0.00,     1714.8,     1714.8,     -0.839,     -0.000,      1.261,        0.0,        0.0,      394.4,      0.000,    238.895,      79762,     162154,    569.985,    -49.423,       0.34,       0.09,     120.46,       0.00,   -341.810
153,     431.10,     480520,     483.35,     483.35,       0.00,      -0.00,       7.34,     431.10,       0.00,     1706.0,     1706.0,     -0.821,     -0.000,      1.261,        0.0,        0.0,      418.4,      0.000,    248.848,      79418,     162990,    569.985,    -50.006,       0.32,       0.08,     120.48,       0.00,   -342.631
154,     432.29,     469527,     475.78,     475.78,       0.00,      -0.00,       7.57,     432.29,       0.00,     1696.9,     1696.9,     -0.803,     -0.000,      1.262,        0.0,        0.0,      443.5,      0.000,    258.980,      79082,     163876,    569.985,    -50.554,       0.30,       0.08,     120.51,       0.00,   -343.434
155,     433.44,     458422,     468.00,     468.00,       0.00,      -0.00,       7.78,     433.44,       0.00,     1687.7,     1687.7,     -0.784,     -0.000,      1.262,        0.0,        0.0,      468.6,      0.000,    268.807,      78755,     164690,    569.985,    -51.068,       0.28,       0.07,     120.53,       0.00,   -344.218
156,     434.54,     447238,     460.05,     460.05,       0.00,      -0.00,       7.96,     434.54,       0.00,     1678.2,     1678.2,     -0.765,     -0.000,      1.262,        0.0,        0.0,      493.1,      0.000,    278.094,      78438,     165357,    569.985,    -51.550,       0.26,       0.07,     120.55,       0.00,   -344.983
157,     435.59,     436012,     451.95,     451.95,       0.00,      -0.00,       8.10,     435.59,       0.00,     1668.4,     1668.4,     -0.746,     -0.000,      1.263,        0.0,        0.0,      516.6,      0.000,    286.717,      78130,     165844,    569.985,    -52.001,       0.24,       0.06,     120.57,       0.00,   -345.728
158,     436.60,     424787,     443.73,     443.73,       0.00,      -0.00,       8.22,     436.60,       0.00,     1658.5,     1658.5,     -0.727,     -0.000,      1.263,        0.0,        0.0,      540.0,      0.000,    295.115,      77834,     166273,    569.985,    -52.421,       0.23,       0.06,     120.58,       0.00,   -346.455
159,     437.57,     413587,     435.41,     435.41,       0.00,      -0.00,       8.33,     437.57,       0.00,     1648.4,     1648.4,     -0.708,     -0.000,      1.263,        0.0,        0.0,      564.4,      0.000,    303.639,      77548,     166746,    569.985,    -52.811,       0.21,       0.06,     120.60,       0.00,   -347.163
160,     438.49,     402419,     426.91,     426.91,       0.00,      -0.00,       8.49,     438.49,       0.00,     1638.2,     1638.2,     -0.688,     -0.000,      1.263,        0.0,        0.0,      590.9,      0.000,    314.225,      77274,     167808,    569.985,    -53.173,       0.19,       0.05,     120.62,       0.00,   -347.851
161,     439.37,     391220,     418.27,     418.27,       0.00,      -0.00,       8.64,     439.37,       0.00,     1627.6,     1627.6,     -0.669,     -0.000,      1.264,        0.0,        0.0,      617.4,      0.000,    324.995,      77014,     168941,    569.985,    -53.507,       0.18,       0.05,     120.64,       0.00,   -348.521
162,     440.20,     380006,     409.50,     409.50,       0.00,      -0.00,       8.77,     440.20,       0.00,     1616.9,     1616.9,     -0.650,     -0.000,      1.264,        0.0,        0.0,      643.6,      0.000,    335.569,      76767,     170080,    569.985,    -53.814,       0.16,       0.04,     120.65,       0.00,   -349.170
163,     440.98,     368804,     400.62,     400.62,       0.00,      -0.00,       8.88,     440.98,       0.00,     1605.9,     1605.9,     -0.631,     -0.000,      1.265,        0.0,        0.0,      669.4,      0.000,    345.959,      76535,     171185,    569.985,    -54.096,       0.15,       0.04,     120.67,       0.00,   -349.801
164,     441.73,     357641,     391.66,     391.66,       0.00,      -0.00,       8.96,     441.73,       0.00,     1594.7,     1594.7,     -0.611,     -0.000,      1.265,        0.0,        0.0,      695.2,      0.000,    356.354,      76320,     172271,    569.985,    -54.353,       0.14,       0.04,     120.68,       0.00,   -350.412
165,     442.42,     346539,     382.63,     382.63,       0.00,      -0.00,       9.03,     442.42,       0.00,     1583.3,     1583.3,     -0.592,     -0.000,      1.265,        0.0,        0.0,      721.5,      0.000,    366.997,      76121,     173387,    569.985,    -54.587,       0.13,       0.03,     120.69,       0.00,   -351.004
166,     443.07,     335509,     373.54,     373.54,       0.00,      -0.00,       9.09,     443.07,       0.00,     1571.7,     1571.7,     -0.573,     -0.000,      1.266,        0.0,        0.0,      748.0,      0.000,    377.822,      75942,     174503,    569.985,    -54.798,       0.11,       0.03,     120.71,       0.00,   -351.577
167,     443.68,     324568,     364.40,     364.40,       0.00,      -0.00,       9.13,     443.68,       0.00,     1559.8,     1559.8,     -0.554,     -0.000,      1.266,        0.0,        0.0,      774.5,      0.000,    388.764,      75784,     175593,    569.985,    -54.988,       0.10,       0.03,     120.72,       0.00,   -352.131
168,     444.24,     313732,     355.26,     355.26,       0.00,      -0.00,       9.15,     444.24,       0.00,     1547.8,     1547.8,     -0.535,     -0.000,      1.267,        0.0,        0.0,      800.4,      0.000,    399.583,      75648,     176536,    569.985,    -55.157,       0.09,       0.02,     120.73,       0.00,   -352.665
169,     444.76,     303027,     346.11,     346.11,       0.00,      -0.00,       9.15,     444.76,       0.00,     1535.6,     1535.6,     -0.516,     -0.000,      1.267,        0.0,        0.0,      826.2,      0.000,    410.560,      75536,     177610,    569.985,    -55.307,       0.08,       0.02,     120.74,       0.00,   -353.181
170,     445.23,     292467,     337.00,     337.00,       0.00,      -0.00,       9.11,     445.23,       0.00,     1523.2,     1523.2,     -0.498,     -0.000,      1.267,        0.0,        0.0,      852.0,      0.000,    420.770,      75451,     178237,    569.985,    -55.438,       0.07,       0.02,     120.75,       0.00,   -353.679
171,     445.66,     282090,     327.99,     327.99,       0.00,      -0.00,       9.01,     445.66,       0.00,     1510.7,     1510.7,     -0.480,     -0.000,      1.268,        0.0,        0.0,      877.1,      0.000,    428.930,      75393,     178018,    569.985,    -55.552,       0.07,       0.02,     120.76,       0.00,   -354.159
172,     446.04,     271952,     319.08,     319.08,       0.00,      -0.00,       8.91,     446.04,       0.00,     1498.2,     1498.2,     -0.462,     -0.000,      1.268,        0.0,        0.0,      902.2,      0.000,    437.107,      75366,     177744,    569.985,    -55.650,       0.06,       0.02,     120.76,       0.00,   -354.620
173,     446.38,     262060,     310.28,     310.28,       0.00,      -0.00,       8.80,     446.38,       0.00,     1485.5,     1485.5,     -0.444,     -0.000,      1.269,        0.0,        0.0,      927.3,      0.000,    445.328,      75370,     177641,    569.985,    -55.733,       0.05,       0.01,     120.77,       0.00,   -355.065
174,     446.67,     252418,     301.61,     301.61,       0.00,      -0.00,       8.67,     446.67,       0.00,     1472.8,     1472.8,     -0.428,     -0.000,      1.269,        0.0,        0.0,      952.5,      0.000,    453.624,      75408,     177833,    569.985,    -55.801,       0.05,       0.01,     120.78,       0.00,   -355.492
175,     446.92,     243031,     293.06,     293.06,       0.00,      -0.00,       8.54,     446.92,       0.00,     1460.1,     1460.1,     -0.411,     -0.000,      1.270,        0.0,        0.0,      977.6,      0.000,    457.569,      75482,     176923,    569.985,    -55.855,       0.04,       0.01,     120.78,       0.00,   -355.904
176,     447.12,     233900,     284.66,     284.66,       0.00,      -0.00,       8.41,     447.12,       0.00,     1447.3,     1447.3,     -0.395,     -0.000,      1.270,        0.0,        0.0,     1002.7,      0.000,    451.289,      75592,     173009,    569.985,    -55.898,       0.04,       0.01,     120.79,       0.00,   -356.299
177,     447.28,     225028,     276.40,     276.40,       0.00,      -0.00,       8.25,     447.28,       0.00,     1434.5,     1434.5,     -0.379,     -0.000,      1.271,        0.0,        0.0,     1027.8,      0.000,    443.728,      75742,     168960,    569.985,    -55.928,       0.03,       0.01,     120.79,       0.00,   -356.678
178,     447.39,     216424,     268.34,     268.34,       0.00,      -0.00,       8.07,     447.39,       0.00,     1421.7,     1421.7,     -0.364,     -0.000,      1.271,        0.0,        0.0,     1052.9,      0.000,    432.865,      75931,     164144,    569.985,    -55.947,       0.03,       0.01,     120.80,       0.00,   -357.042
179,     447.46,     208117,     260.48,     260.48,       0.00,      -0.00,       7.86,     447.46,       0.00,     1408.9,     1408.9,     -0.350,     -0.000,      1.272,        0.0,        0.0,     1077.2,      0.000,    421.587,      76161,     159463,    569.985,    -55.957,       0.02,       0.01,     120.80,       0.00,   -357.392
180,     447.48,     200121,     252.83,     252.83,       0.00,      -0.00,       7.64,     447.48,       0.00,     1396.2,     1396.2,     -0.336,     -0.000,      1.273,        0.0,        0.0,     1100.9,      0.000,    410.040,      76433,     154938,    569.985,    -55.957,       0.02,       0.01,     120.81,       0.00,   -357.728
181,     447.46,     192440,     245.42,     245.42,       0.00,      -0.00,       7.42,     447.46,       0.00,     1383.6,     1383.6,     -0.322,     -0.000,      1.273,        0.0,        0.0,     1124.6,      0.000,    398.189,      76745,     150556,    569.985,    -55.948,       0.02,       0.01,     120.81,       0.00,   -358.050
182,     447.39,     185075,     238.24,     238.24,       0.00,      -0.00,       7.18,     447.39,       0.00,     1371.2,     1371.2,     -0.309,     -0.000,      1.274,        0.0,        0.0,     1148.3,      0.000,    385.994,      77098,     146311,    569.985,    -55.931,       0.02,       0.00,     120.81,       0.00,   -358.359
183,     447.28,     178029,     231.31,     231.31,       0.00,      -0.00,       6.93,     447.28,       0.00,     1358.8,     1358.8,     -0.297,     -0.000,      1.274,        0.0,        0.0,     1172.0,      0.000,    373.238,      77491,     142180,    569.985,    -55.907,       0.01,       0.00,     120.81,       0.00,   -358.656
184,     447.12,     171307,     224.63,     224.63,       0.00,      -0.00,       6.68,     447.12,       0.00,     1346.7,     1346.7,     -0.285,     -0.000,      1.275,        0.0,        0.0,     1195.8,      0.000,    360.393,      77923,     138120,    569.985,    -55.877,       0.01,       0.00,     120.82,       0.00,   -358.941
185,     446.92,     164908,     218.23,     218.23,       0.00,      -0.00,       6.40,     446.92,       0.00,     1334.7,     1334.7,     -0.274,     -0.000,      1.275,        0.0,        0.0,     1216.1,      0.000,    347.128,      78394,     134344,    569.985,    -55.840,       0.01,       0.00,     120.82,       0.00,   -359.215
186,     446.67,     158844,     212.11,     212.11,       0.00,      -0.00,       6.12,     446.67,       0.00,     1323.1,     1323.1,     -0.263,     -0.000,      1.276,        0.0,        0.0,     1236.4,      0.000,    333.047,      78901,     130867,    569.985,    -55.797,       0.01,       0.00,     120.82,       0.00,   -359.478
187,     446.38,     153113,     206.28,     206.28,       0.00,      -0.00,       5.83,     446.38,       0.00,     1311.7,     1311.7,     -0.253,     -0.000,      1.277,        0.0,        0.0,     1256.7,      0.000,    317.894,      79443,     127718,    569.985,    -55.748,       0.01,       0.00,     120.82,       0.00,   -359.731
188,     446.04,     147718,     200.75,     200.75,       0.00,      -0.00,       5.53,     446.04,       0.00,     1300.6,     1300.6,     -0.243,     -0.000,      1.277,        0.0,        0.0,     1278.8,      0.000,    301.521,      80016,     124887,    569.985,    -55.695,       0.01,       0.00,     120.82,       0.00,   -359.974
189,     445.66,     142656,     195.54,     195.54,       0.00,      -0.00,       5.21,     445.66,       0.00,     1289.9,     1289.9,     -0.234,     -0.000,      1.278,        0.0,        0.0,     1301.1,      0.000,    283.590,      80619,     122297,    569.985,    -55.638,       0.01,       0.00,     120.82,       0.00,   -360.209
190,     445.23,     137943,     190.67,     190.67,       0.00,      -0.00,       4.87,     445.23,       0.00,     1279.6,     1279.6,     -0.226,     -0.000,      1.278,        0.0,        0.0,     1323.3,      0.000,    264.356,      81249,     119968,    569.985,    -55.576,       0.01,       0.00,     120.82,       0.00,   -360.435
191,     444.76,     133589,     186.16,     186.16,       0.00,      -0.00,       4.51,     444.76,       0.00,     1269.8,     1269.8,     -0.218,     -0.000,      1.279,        0.0,        0.0,     1344.2,      0.000,    244.312,      81903,     117935,    569.985,    -55.510,       0.00,       0.00,     120.82,       0.00,   -360.653
192,     444.24,     129602,     182.01,     182.01,       0.00,      -0.00,       4.15,     444.24,       0.00,     1260.5,     1260.5,     -0.211,     -0.000,      1.279,        0.0,        0.0,     1365.2,      0.000,    223.761,      82578,     116159,    569.985,    -55.440,       0.00,       0.00,     120.83,       0.00,   -360.865
193,     443.68,     125977,     178.22,     178.22,       0.00,      -0.00,       3.79,     443.68,       0.00,     1251.8,     1251.8,     -0.205,     -0.000,      1.280,        0.0,        0.0,     1385.9,      0.000,    202.997,      83272,     114617,    569.985,    -55.366,       0.00,       0.00,     120.83,       0.00,   -361.069
194,     443.07,     122712,     174.78,     174.78,       0.00,      -0.00,       3.43,     443.07,       0.00,     1243.7,     1243.7,     -0.199,     -0.000,      1.280,        0.0,        0.0,     1406.1,      0.000,    182.661,      83981,     113308,    569.985,    -55.289,       0.00,       0.00,     120.83,       0.00,   -361.268
195,     442.42,     119794,     171.69,     171.69,       0.00,      -0.00,       3.09,     442.42,       0.00,     1236.3,     1236.3,     -0.194,     -0.000,      1.280,        0.0,        0.0,     1426.4,      0.000,    163.050,      84704,     112150,    569.985,    -55.208,       0.00,       0.00,     120.83,       0.00,   -361.462
196,     441.73,     117207,     168.93,     168.93,       0.00,      -0.00,       2.76,     441.73,       0.00,     1229.5,     1229.5,     -0.189,     -0.000,      1.281,        0.0,        0.0,     1445.9,      0.000,    144.563,      85435,     111077,    569.985,    -55.124,       0.00,       0.00,     120.83,       0.00,   -361.651
197,     440.98,     114934,     166.48,     166.48,       0.00,      -0.00,       2.45,     440.98,       0.00,     1223.3,     1223.3,     -0.185,     -0.000,      1.281,        0.0,        0.0,     1464.8,      0.000,    127.578,      86175,     110066,    569.985,    -55.036,       0.00,       0.00,     120.83,       0.00,   -361.836
198,     440.20,     112950,     164.30,     164.30,       0.00,      -0.00,       2.18,     440.20,       0.00,     1217.8,     1217.8,     -0.181,     -0.000,      1.281,        0.0,        0.0,     1483.6,      0.000,    112.343,      86923,     109103,    569.985,    -54.944,       0.00,       0.00,     120.83,       0.00,   -362.017
199,     439.37,     111226,     162.37,     162.37,       0.00,      -0.00,       1.93,     439.37,       0.00,     1212.7,     1212.7,     -0.178,     -0.000,      1.282,        0.0,        0.0,     1502.4,      0.000,     99.004,      87675,     108183,    569.985,    -54.849,       0.00,       0.00,     120.83,       0.00,   -362.195
200,     438.49,     109733,     160.65,     160.65,       0.00,      -0.00,       1.72,     438.49,       0.00,     1208.2,     1208.2,     -0.175,     -0.000,      1.282,        0.0,        0.0,     1521.3,      0.000,     87.636,      88431,     107305,    569.985,    -54.751,       0.00,       0.00,     120.83,       0.00,   -362.370
201,     437.57,     108437,     159.10,     159.10,       0.00,      -0.00,       1.55,     437.57,       0.00,     1204.2,     1204.2,     -0.172,     -0.000,      1.282,        0.0,        0.0,     1540.1,      0.000,     78.250,      89188,     106467,    569.985,    -54.649,       0.00,       0.00,     120.83,       0.00,   -362.542
202,     436.60,     107305,     157.69,     157.69,       0.00,      -0.00,       1.41,     436.60,       0.00,     1200.5,     1200.5,     -0.170,     -0.000,      1.282,        0.0,        0.0,     1557.1,      0.000,     70.775,      89944,     105669,    569.985,    -54.542,       0.00,       0.00,     120.83,       0.00,   -362.712
203,     435.59,     106308,     156.38,     156.38,       0.00,      -0.00,       1.30,     435.59,       0.00,     1197.1,     1197.1,     -0.168,     -0.000,      1.283,        0.0,        0.0,     1573.9,      0.000,     65.049,      90699,     104906,    569.985,    -54.433,       0.00,       0.00,     120.83,       0.00,   -362.880
204,     434.54,     105417,     155.15,     155.15,       0.00,      -0.00,       1.23,     434.54,       0.00,     1194.0,     1194.0,     -0.166,     -0.000,      1.283,        0.0,        0.0,     1590.6,      0.000,     60.931,      91450,     104169,    569.985,    -54.319,       0.00,       0.00,     120.83,       0.00,   -363.047
205,     433.44,     104602,     153.97,     153.97,       0.00,      -0.00,       1.18,     433.44,       0.00,     1191.0,     1191.0,     -0.164,     -0.000,      1.283,        0.0,        0.0,     1607.4,      0.000,     58.257,      92197,     103446,    569.985,    -54.202,       0.00,       0.00,     120.83,       0.00,   -363.211
206,     432.29,     103841,     152.81,     152.81,       0.00,      -0.00,       1.16,     432.29,       0.00,     1188.2,     1188.2,     -0.163,     -0.000,      1.283,        0.0,        0.0,     1624.1,      0.000,     56.862,      92939,     102725,    569.985,    -54.080,       0.00,       0.00,     120.83,       0.00,   -363.374
207,     431.10,     103111,     151.65,     151.65,       0.00,      -0.00,       1.16,     431.10,       0.00,     1185.4,     1185.4,     -0.161,     -0.000,      1.283,        0.0,        0.0,     1640.4,      0.000,     56.569,      93674,     101993,    569.985,    -53.955,       0.00,       0.00,     120.83,       0.00,   -363.535
208,     429.87,     102392,     150.47,     150.47,       0.00,      -0.00,       1.18,     429.87,       0.00,     1182.7,     1182.7,     -0.160,     -0.000,      1.283,        0.0,        0.0,     1655.0,      0.000,     57.223,      94401,     101237,    569.985,    -53.827,       0.00,       0.00,     120.83,       0.00,   -363.695
209,     428.59,     101669,     149.26,     149.26,       0.00,      -0.00,       1.21,     428.59,       0.00,     1179.9,     1179.9,     -0.158,     -0.000,      1.284,        0.0,        0.0,     1669.7,      0.000,     58.647,      95123,     100444,    569.985,    -53.695,       0.00,       0.00,     120.83,       0.00,   -363.852
210,     427.27,     100928,     148.00,     148.00,       0.00,      -0.00,       1.26,     427.27,       0.00,     1177.1,     1177.1,     -0.156,     -0.000,      1.284,        0.0,        0.0,     1684.3,      0.000,     60.690,      95834,      99606,    569.985,    -53.559,       0.00,       0.00,     120.83,       0.00,   -364.009
211,     425.90,     100158,     146.69,     146.69,       0.00,      -0.00,       1.32,     425.90,       0.00,     1174.2,     1174.2,     -0.155,     -0.000,      1.284,        0.0,        0.0,     1699.0,      0.000,     63.353,      96534,      98741,    569.985,    -53.419,       0.00,       0.00,     120.83,       0.00,   -364.163
212,     424.49,      99348,     145.30,     145.30,       0.00,      -0.00,       1.38,     424.49,       0.00,     1171.1,     1171.1,     -0.153,     -0.000,      1.284,        0.0,        0.0,     1713.6,      0.000,     66.399,      97221,      97822,    569.985,    -53.277,       0.00,       0.00,     120.83,       0.00,   -364.316
213,     423.03,      98490,     143.85,     143.85,       0.00,      -0.00,       1.45,     423.03,       0.00,     1168.0,     1168.0,     -0.151,     -0.000,      1.284,        0.0,        0.0,     1726.7,      0.000,     69.703,      97896,      96841,    569.985,    -53.131,       0.00,       0.00,     120.83,       0.00,   -364.467
214,     421.53,      97580,     142.33,     142.33,       0.00,      -0.00,       1.52,     421.53,       0.00,     1164.6,     1164.6,     -0.149,     -0.000,      1.284,        0.0,        0.0,     1738.7,      0.000,     73.184,      98559,      95797,    569.985,    -52.983,       0.00,       0.00,     120.83,       0.00,   -364.616
215,     419.98,      96618,     140.74,     140.74,       0.00,      -0.00,       1.59,     419.98,       0.00,     1161.1,     1161.1,     -0.147,     -0.000,      1.285,        0.0,        0.0,     1750.8,      0.000,     76.779,      99208,      94694,    569.985,    -52.831,       0.00,       0.00,     120.83,       0.00,   -364.763
216,     418.40,      95601,     139.07,     139.07,       0.00,      -0.00,       1.67,     418.40,       0.00,     1157.5,     1157.5,     -0.145,     -0.000,      1.285,        0.0,        0.0,     1762.7,      0.000,     80.427,      99843,      93533,    569.985,    -52.677,       0.00,       0.00,     120.83,       0.00,   -364.908
217,     416.76,      94530,     137.33,     137.33,       0.00,      -0.00,       1.74,     416.76,       0.00,     1153.6,     1153.6,     -0.143,     -0.000,      1.285,        0.0,        0.0,     1774.6,      0.000,     84.092,     100465,      92314,    569.985,    -52.521,       0.00,       0.00,     120.83,       0.00,   -365.051
218,     415.09,      93404,     135.52,     135.52,       0.00,      -0.00,       1.81,     415.09,       0.00,     1149.6,     1149.6,     -0.140,     -0.000,      1.285,        0.0,        0.0,     1786.4,      0.000,     87.701,     101073,      91044,    569.985,    -52.362,       0.00,       0.00,     120.83,       0.00,   -365.191
219,     413.37,      92225,     133.65,     133.65,       0.00,      -0.00,       1.87,     413.37,       0.00,     1145.4,     1145.4,     -0.138,     -0.000,      1.286,        0.0,        0.0,     1797.8,      0.000,     91.245,     101668,      89724,    569.985,    -52.202,       0.00,       0.00,     120.83,       0.00,   -365.329
220,     411.60,      90997,     131.72,     131.72,       0.00,      -0.00,       1.93,     411.60,       0.00,     1141.1,     1141.1,     -0.136,     -0.000,      1.286,        0.0,        0.0,     1809.0,      0.000,     94.682,     102250,      88360,    569.985,    -52.039,       0.00,       0.00,     120.83,       0.00,   -365.464
221,     409.79,      89722,     129.73,     129.73,       0.00,      -0.00,       1.99,     409.79,       0.00,     1136.6,     1136.6,     -0.133,     -0.000,      1.286,        0.0,        0.0,     1820.1,      0.000,     97.979,     102819,      86958,    569.985,    -51.875,       0.00,       0.00,     120.83,       0.00,   -365.598
222,     407.94,      88403,     127.70,     127.70,       0.00,      -0.00,       2.04,     407.94,       0.00,     1131.9,     1131.9,     -0.130,     -0.000,      1.286,        0.0,        0.0,     1830.0,      0.000,    101.087,     103377,      85522,    569.985,    -51.710,       0.00,       0.00,     120.83,       0.00,   -365.728
223,     406.05,      87047,     125.62,     125.62,       0.00,      -0.00,       2.08,     406.05,       0.00,     1127.0,     1127.0,     -0.128,     -0.000,      1.287,        0.0,        0.0,     1839.8,      0.000,    103.989,     103923,      84061,    569.985,    -51.543,       0.00,       0.00,     120.83,       0.00,   -365.856
224,     404.11,      85659,     123.50,     123.50,       0.00,      -0.00,       2.12,     404.11,       0.00,     1122.0,     1122.0,     -0.125,     -0.000,      1.287,        0.0,        0.0,     1849.4,      0.000,    106.641,     104458,      82583,    569.985,    -51.375,       0.00,       0.00,     120.83,       0.00,   -365.981
225,     402.13,      84243,     121.36,     121.36,       0.00,      -0.00,       2.14,     402.13,       0.00,     1116.9,     1116.9,     -0.122,     -0.000,      1.287,        0.0,        0.0,     1857.8,      0.000,    109.042,     104983,      81091,    569.985,    -51.206,       0.00,       0.00,     120.83,       0.00,   -366.103
226,     400.11,      82807,     119.19,     119.19,       0.00,      -0.00,       2.17,     400.11,       0.00,     1111.7,     1111.7,     -0.120,     -0.000,      1.288,        0.0,        0.0,     1866.2,      0.000,    111.125,     105498,      79598,    569.985,    -51.037,       0.00,       0.00,     120.83,       0.00,   -366.223
227,     398.04,      81356,     117.01,     117.01,       0.00,      -0.00,       2.18,     398.04,       0.00,     1106.3,     1106.3,     -0.117,     -0.000,      1.288,        0.0,        0.0,     1874.3,      0.000,    112.850,     106003,      78112,    569.985,    -50.867,       0.00,       0.00,     120.83,       0.00,   -366.340
228,     395.94,      79897,     114.83,     114.83,       0.00,      -0.00,       2.18,     395.94,       0.00,     1100.9,     1100.9,     -0.114,     -0.000,      1.288,        0.0,        0.0,     1882.0,      0.000,    114.172,     106498,      76640,    569.985,    -50.697,       0.00,       0.00,     120.83,       0.00,   -366.455
229,     393.79,      78438,     112.65,     112.65,       0.00,      -0.00,       2.18,     393.79,       0.00,     1095.4,     1095.4,     -0.112,     -0.000,      1.289,        0.0,        0.0,     1889.7,      0.000,    115.045,     106984,      75194,    569.985,    -50.527,       0.00,       0.00,     120.83,       0.00,   -366.566
230,     391.60,      76987,     110.49,     110.49,       0.00,      -0.00,       2.16,     391.60,       0.00,     1089.9,     1089.9,     -0.109,     -0.000,      1.289,        0.0,        0.0,     1897.0,      0.000,    115.402,     107462,      73782,    569.985,    -50.357,       0.00,       0.00,     120.83,       0.00,   -366.675
231,     389.36,      75551,     108.36,     108.36,       0.00,      -0.00,       2.14,     389.36,       0.00,     1084.3,     1084.3,     -0.106,     -0.000,      1.290,        0.0,        0.0,     1904.0,      0.000,    115.170,     107931,      72414,    569.985,    -50.187,       0.00,       0.00,     120.83,       0.00,   -366.781
232,     387.09,      74141,     106.26,     106.26,       0.00,      -0.00,       2.10,     387.09,       0.00,     1078.8,     1078.8,     -0.104,     -0.000,      1.290,        0.0,        0.0,     1911.0,      0.000,    114.261,     108392,      71105,    569.985,    -50.016,       0.00,       0.00,     120.83,       0.00,   -366.885
233,     384.77,      72765,     104.21,     104.21,       0.00,      -0.00,       2.05,     384.77,       0.00,     1073.3,     1073.3,     -0.101,     -0.000,      1.290,        0.0,        0.0,     1917.0,      0.000,    112.562,     108846,      69863,    569.985,    -49.847,       0.00,       0.00,     120.83,       0.00,   -366.986
234,     382.42,      71436,     102.22,     102.22,       0.00,      -0.00,       1.98,     382.42,       0.00,     1067.8,     1067.8,     -0.099,     -0.000,      1.291,        0.0,        0.0,     1922.6,      0.000,    109.945,     109293,      68706,    569.985,    -49.677,       0.00,       0.00,     120.83,       0.00,   -367.084
235,     380.02,      70167,     100.32,     100.32,       0.00,      -0.00,       1.90,     380.02,       0.00,     1062.6,     1062.6,     -0.096,     -0.000,      1.291,        0.0,        0.0,     1928.2,      0.000,    106.247,     109734,      67650,    569.985,    -49.507,       0.00,       0.00,     120.83,       0.00,   -367.180
236,     377.59,      68973,      98.52,      98.52,       0.00,      -0.00,       1.80,     377.59,       0.00,     1057.5,     1057.5,     -0.094,     -0.000,      1.291,        0.0,        0.0,     1932.6,      0.000,    101.254,     110169,      66710,    569.985,    -49.338,       0.00,       0.00,     120.83,       0.00,   -367.274
237,     375.11,      67873,      96.85,      96.85,       0.00,      -0.00,       1.67,     375.11,       0.00,     1052.7,     1052.7,     -0.092,     -0.000,      1.292,        0.0,        0.0,     1936.8,      0.000,     94.724,     110598,      65908,    569.985,    -49.168,       0.00,       0.00,     120.83,       0.00,   -367.366
238,     372.59,      66887,      95.33,      95.33,       0.00,      -0.00,       1.52,     372.59,       0.00,     1048.2,     1048.2,     -0.090,     -0.000,      1.292,        0.0,        0.0,     1940.9,      0.000,     86.317,     111020,      65265,    569.985,    -48.999,       0.00,       0.00,     120.83,       0.00,   -367.456
239,     370.04,      66042,      94.00,      94.00,       0.00,      -0.00,       1.33,     370.04,       0.00,     1044.3,     1044.3,     -0.088,     -0.000,      1.292,        0.0,        0.0,     1944.4,      0.000,     75.710,     111436,      64798,    569.985,    -48.829,       0.00,       0.00,     120.83,       0.00,   -367.544
240,     367.45,      65371,      92.90,      92.90,       0.00,      -0.00,       1.10,     367.45,       0.00,     1040.9,     1040.9,     -0.087,     -0.000,      1.292,        0.0,        0.0,     1947.9,      0.000,     62.514,     111847,      64524,    569.985,    -48.658,       0.00,       0.00,     120.83,       0.00,   -367.631
241,     364.81,      64915,      92.09,      92.09,       0.00,      -0.00,       0.81,     364.81,       0.00,     1038.2,     1038.2,     -0.086,     -0.000,      1.293,        0.0,        0.0,     1951.0,      0.000,     46.241,     112252,      64450,    569.985,    -48.486,       0.00,       0.00,     120.83,       0.00,   -367.717
242,     362.15,      64722,      91.62,      91.62,       0.00,      -0.00,       0.47,     362.15,       0.00,     1036.5,     1036.5,     -0.085,     -0.000,      1.293,        0.0,        0.0,     1952.9,      0.000,     26.436,     112650,      64570,    569.985,    -48.312,       0.00,       0.00,     120.83,       0.00,   -367.802
243,     359.44,      64856,      91.62,      91.62,       0.00,      -0.00,       0.01,     359.44,       0.00,     1036.0,     1036.0,     -0.085,     -0.000,      1.293,        0.0,        0.0,     1954.8,      0.000,      0.385,     113043,      64552,    569.985,    -48.135,       0.00,       0.00,     120.83,       0.00,   -367.886
244,     356.69,      65426,      92.34,      92.34,       0.00,      -0.00,      -0.72,     356.69,       0.00,     1037.0,     1037.0,     -0.085,     -0.000,      1.293,        0.0,        0.0,     1956.6,      0.000,    -39.594,     113431,      65525,    569.985,    -47.955,       0.00,       0.00,     120.83,       0.00,   -367.971
245,     353.91,      66688,      93.39,      93.39,       0.00,      -0.00,      -1.06,     353.91,       0.00,     1040.5,     1040.5,     -0.086,     -0.000,      1.293,        0.0,        0.0,     1958.0,      0.000,    -57.427,     113812,      66900,    569.985,    -47.768,       0.00,       0.00,     120.83,       0.00,   -368.057
246,     351.10,      68301,      94.85,      94.85,       0.00,      -0.00,      -1.46,     351.10,       0.00,     1045.1,     1045.1,     -0.088,     -0.000,      1.292,        0.0,        0.0,     1959.4,      0.000,    -77.518,     114188,      68698,    569.985,    -47.574,       0.00,       0.00,     120.83,       0.00,   -368.145
247,     348.25,      70331,      96.70,      96.70,       0.00,      -0.00,      -1.85,     348.25,       0.00,     1051.0,     1051.0,     -0.090,     -0.000,      1.292,        0.0,        0.0,     1960.4,      0.000,    -95.966,     114557,      70962,    569.985,    -47.373,       0.00,       0.00,     120.83,       0.00,   -368.236
248,     345.36,      72786,      98.90,      98.90,       0.00,      -0.00,      -2.20,     345.36,       0.00,     1058.1,     1058.1,     -0.093,     -0.000,      1.291,        0.0,        0.0,     1960.4,      0.000,   -111.346,     114921,      73669,    569.985,    -47.161,       0.00,       0.00,     120.83,       0.00,   -368.328
249,     342.44,      75648,     101.40,     101.40,       0.00,      -0.00,      -2.50,     342.44,       0.00,     1066.2,     1066.2,     -0.096,     -0.000,      1.291,        0.0,        0.0,     1960.4,      0.000,   -122.927,     115279,      76767,    569.985,    -46.939,       0.00,       0.00,     120.83,       0.00,   -368.425
250,     339.49,      78884,     104.13,     104.13,       0.00,      -0.00,      -2.73,     339.49,       0.00,     1075.2,     1075.2,     -0.100,     -0.000,      1.290,        0.0,        0.0,     1959.6,      0.000,   -130.229,     115632,      80188,    569.985,    -46.705,       0.00,       0.00,     120.83,       0.00,   -368.525
251,     336.50,      82442,     107.02,     107.02,       0.00,      -0.00,      -2.89,     336.50,       0.00,     1084.8,     1084.8,     -0.104,     -0.000,      1.289,        0.0,        0.0,     1958.2,      0.000,   -133.524,     115978,      83861,    569.985,    -46.457,       0.00,       0.00,     120.83,       0.00,   -368.629
252,     333.48,      86263,     109.99,     109.99,       0.00,      -0.00,      -2.97,     333.48,       0.00,     1094.7,     1094.7,     -0.109,     -0.000,      1.289,        0.0,        0.0,     1956.8,      0.000,   -133.145,     116319,      87719,    569.985,    -46.195,       0.00,       0.00,     120.83,       0.00,   -368.738
253,     330.43,      90282,     112.98,     112.98,       0.00,      -0.00,      -2.99,     330.43,       0.00,     1104.7,     1104.7,     -0.113,     -0.000,      1.288,        0.0,        0.0,     1954.9,      0.000,   -129.617,     116653,      91702,    569.985,    -45.918,       0.00,       0.00,     120.83,       0.00,   -368.851
254,     327.34,      94435,     115.92,     115.92,       0.00,      -0.00,      -2.93,     327.34,       0.00,     1114.7,     1114.7,     -0.118,     -0.000,      1.288,        0.0,        0.0,     1952.8,      0.000,   -123.537,     116982,      95757,    569.985,    -45.626,       0.00,       0.00,     120.83,       0.00,   -368.969
255,     324.23,      98656,     118.74,     118.74,       0.00,      -0.00,      -2.83,     324.23,       0.00,     1124.4,     1124.4,     -0.123,     -0.000,      1.287,        0.0,        0.0,     1950.8,      0.000,   -115.554,     117304,      99840,    569.985,    -45.317,       0.00,       0.00,     120.83,       0.00,   -369.092
256,     321.09,     102887,     121.41,     121.41,       0.00,      -0.00,      -2.67,     321.09,       0.00,     1133.7,     1133.7,     -0.127,     -0.000,      1.286,        0.0,        0.0,     1947.4,      0.000,   -106.216,     117620,     103909,    569.985,    -44.992,       0.00,       0.00,     120.83,       0.00,   -369.219
257,     317.91,     107073,     123.89,     123.89,       0.00,      -0.00,      -2.48,     317.91,       0.00,     1142.5,     1142.5,     -0.132,     -0.000,      1.286,        0.0,        0.0,     1943.9,      0.000,    -95.998,     117929,     107924,    569.985,    -44.651,       0.00,       0.00,     120.83,       0.00,   -369.351
258,     314.71,     111167,     126.15,     126.15,       0.00,      -0.00,      -2.26,     314.71,       0.00,     1150.8,     1150.8,     -0.136,     -0.000,      1.285,        0.0,        0.0,     1940.4,      0.000,    -85.343,     118231,     111853,    569.985,    -44.294,       0.00,       0.00,     120.83,       0.00,   -369.488
259,     311.49,     115132,     128.16,     128.16,       0.00,      -0.00,      -2.02,     311.49,       0.00,     1158.5,     1158.5,     -0.141,     -0.000,      1.285,        0.0,        0.0,     1936.2,      0.000,    -74.533,     118526,     115665,    569.985,    -43.920,       0.00,       0.00,     120.83,       0.00,   -369.628
260,     308.23,     118934,     129.92,     129.92,       0.00,      -0.00,      -1.76,     308.23,       0.00,     1165.5,     1165.5,     -0.144,     -0.000,      1.284,        0.0,        0.0,     1932.0,      0.000,    -63.781,     118815,     119332,    569.985,    -43.532,       0.00,       0.00,     120.83,       0.00,   -369.773
261,     304.95,     122550,     131.42,     131.42,       0.00,      -0.00,      -1.50,     304.95,       0.00,     1172.0,     1172.0,     -0.148,     -0.000,      1.284,        0.0,        0.0,     1927.4,      0.000,    -53.254,     119095,     122832,    569.985,    -43.128,       0.00,       0.00,     120.83,       0.00,   -369.920
262,     301.65,     125956,     132.66,     132.66,       0.00,      -0.00,      -1.23,     301.65,       0.00,     1177.7,     1177.7,     -0.151,     -0.000,      1.284,        0.0,        0.0,     1921.8,      0.000,    -43.094,     119368,     126144,    569.985,    -42.710,       0.00,       0.00,     120.83,       0.00,   -370.072
263,     298.32,     129140,     133.63,     133.63,       0.00,      -0.00,      -0.97,     298.32,       0.00,     1182.9,     1182.9,     -0.154,     -0.000,      1.283,        0.0,        0.0,     1916.2,      0.000,    -33.390,     119633,     129255,    569.985,    -42.279,       0.00,       0.00,     120.83,       0.00,   -370.225
264,     294.96,     132091,     134.34,     134.34,       0.00,      -0.00,      -0.71,     294.96,       0.00,     1187.4,     1187.4,     -0.156,     -0.000,      1.283,        0.0,        0.0,     1910.3,      0.000,    -24.209,     119889,     132152,    569.985,    -41.834,       0.00,       0.00,     120.83,       0.00,   -370.382
265,     291.59,     134805,     134.81,     134.81,       0.00,      -0.00,      -0.47,     291.59,       0.00,     1191.3,     1191.3,     -0.158,     -0.000,      1.283,        0.0,        0.0,     1904.0,      0.000,    -15.596,     120135,     134831,    569.985,    -41.378,       0.00,       0.00,     120.83,       0.00,   -370.540
266,     288.19,     137282,     135.03,     135.03,       0.00,      -0.00,      -0.23,     288.19,       0.00,     1194.7,     1194.7,     -0.160,     -0.000,      1.283,        0.0,        0.0,     1897.8,      0.000,     -7.581,     120372,     137288,    569.985,    -40.910,       0.00,       0.00,     120.83,       0.00,   -370.700
267,     284.77,     139525,     135.06,     135.06,       0.00,      -0.00,      -0.02,     284.77,       0.00,     1197.5,     1197.5,     -0.162,     -0.000,      1.283,        0.0,        0.0,     1890.6,      0.000,     -0.681,     120599,     139404,    569.985,    -40.432,       0.00,       0.00,     120.83,       0.00,   -370.862
268,     281.34,     141563,     134.85,     134.85,       0.00,      -0.00,       0.20,     281.34,       0.00,     1199.9,     1199.9,     -0.163,     -0.000,      1.282,        0.0,        0.0,     1882.9,      0.000,      6.283,     120814,     141546,    569.985,    -39.944,       0.00,       0.00,     120.83,       0.00,   -371.025
269,     277.88,     143364,     134.47,     134.47,       0.00,      -0.00,       0.39,     277.88,       0.00,     1201.8,     1201.8,     -0.164,     -0.000,      1.282,        0.0,        0.0,     1875.2,      0.000,     11.902,     121018,     143301,    569.985,    -39.448,       0.00,       0.00,     120.83,       0.00,   -371.188
270,     274.41,     144971,     133.91,     133.91,       0.00,      -0.00,       0.56,     274.41,       0.00,     1203.3,     1203.3,     -0.164,     -0.000,      1.282,        0.0,        0.0,     1867.0,      0.000,     17.012,     121210,     144841,    569.985,    -38.943,       0.00,       0.00,     120.83,       0.00,   -371.352
271,     270.92,     146398,     133.20,     133.20,       0.00,      -0.00,       0.71,     270.92,       0.00,     1204.4,     1204.4,     -0.164,     -0.000,      1.282,        0.0,        0.0,     1858.8,      0.000,     21.652,     121388,     146184,    569.985,    -38.431,       0.00,       0.00,     120.83,       0.00,   -371.516
272,     267.42,     147656,     132.35,     132.35,       0.00,      -0.00,       0.85,     267.42,       0.00,     1205.2,     1205.2,     -0.164,     -0.000,      1.282,        0.0,        0.0,     1850.6,      0.000,     25.866,     121551,     147347,    569.985,    -37.913,       0.00,       0.00,     120.83,       0.00,   -371.681
273,     263.90,     148757,     131.38,     131.38,       0.00,      -0.00,       0.98,     263.90,       0.00,     1205.6,     1205.6,     -0.164,     -0.000,      1.282,        0.0,        0.0,     1841.2,      0.000,     29.685,     121700,     148344,    569.985,    -37.388,       0.00,       0.00,     120.83,       0.00,   -371.845
274,     260.37,     149714,     130.29,     130.29,       0.00,      -0.00,       1.09,     260.37,       0.00,     1205.8,     1205.8,     -0.164,     -0.000,      1.282,        0.0,        0.0,     1831.4,      0.000,     33.139,     121831,     149193,    569.985,    -36.859,       0.00,       0.00,     120.83,       0.00,   -372.009
275,     256.83,     150538,     129.09,     129.09,       0.00,      -0.00,       1.19,     256.83,       0.00,     1205.7,     1205.7,     -0.163,     -0.000,      1.282,        0.0,        0.0,     1821.6,      0.000,     36.249,     121946,     149908,    569.985,    -36.325,       0.00,       0.00,     120.83,       0.00,   -372.172
276,     253.27,     151243,     127.81,     127.81,       0.00,      -0.00,       1.28,     253.27,       0.00,     1205.4,     1205.4,     -0.163,     -0.000,      1.282,        0.0,        0.0,     1810.5,      0.000,     39.027,     122042,     150503,    569.985,    -35.786,       0.00,       0.00,     120.83,       0.00,   -372.335
277,     249.71,     151841,     126.45,     126.45,       0.00,      -0.00,       1.36,     249.71,       0.00,     1204.9,     1204.9,     -0.162,     -0.000,      1.282,        0.0,        0.0,     1799.4,      0.000,     41.491,     122118,     150995,    569.985,    -35.245,       0.00,       0.00,     120.83,       0.00,   -372.496
278,     246.14,     152345,     125.03,     125.03,       0.00,      -0.00,       1.43,     246.14,       0.00,     1204.2,     1204.2,     -0.161,     -0.000,      1.282,        0.0,        0.0,     1788.1,      0.000,     43.653,     122172,     151398,    569.985,    -34.700,       0.00,       0.00,     120.83,       0.00,   -372.657
279,     242.56,     152768,     123.55,     123.55,       0.00,      -0.00,       1.48,     242.56,       0.00,     1203.3,     1203.3,     -0.160,     -0.000,      1.282,        0.0,        0.0,     1776.2,      0.000,     45.520,     122205,     151726,    569.985,    -34.153,       0.00,       0.00,     120.83,       0.00,   -372.817
280,     238.97,     153123,     122.02,     122.02,       0.00,      -0.00,       1.53,     238.97,       0.00,     1202.3,     1202.3,     -0.159,     -0.000,      1.282,        0.0,        0.0,     1764.4,      0.000,     47.105,     122214,     151994,    569.985,    -33.603,       0.00,       0.00,     120.83,       0.00,   -372.975
281,     235.38,     153421,     120.46,     120.46,       0.00,      -0.00,       1.56,     235.38,       0.00,     1201.2,     1201.2,     -0.157,     -0.000,      1.282,        0.0,        0.0,     1752.0,      0.000,     48.417,     122198,     152215,    569.985,    -33.052,       0.00,       0.00,     120.83,       0.00,   -373.133
282,     231.79,     153678,     118.87,     118.87,       0.00,      -0.00,       1.59,     231.79,       0.00,     1200.0,     1200.0,     -0.156,     -0.000,      1.282,        0.0,        0.0,     1738.8,      0.000,     49.467,     122156,     152402,    569.985,    -32.500,       0.00,       0.00,     120.83,       0.00,   -373.289
283,     228.19,     153905,     117.27,     117.27,       0.00,      -0.00,       1.60,     228.19,       0.00,     1198.7,     1198.7,     -0.155,     -0.000,      1.282,        0.0,        0.0,     1725.5,      0.000,     50.270,     122086,     152572,    569.985,    -31.946,       0.00,       0.00,     120.83,       0.00,   -373.443
284,     224.60,     154116,     115.65,     115.65,       0.00,      -0.00,       1.61,     224.60,       0.00,     1197.4,     1197.4,     -0.153,     -0.000,      1.283,        0.0,        0.0,     1711.9,      0.000,     50.838,     121988,     152735,    569.985,    -31.392,       0.00,       0.00,     120.83,       0.00,   -373.597
285,     221.00,     154322,     114.04,     114.04,       0.00,      -0.00,       1.61,     221.00,       0.00,     1196.1,     1196.1,     -0.152,     -0.000,      1.283,        0.0,        0.0,     1698.0,      0.000,     51.184,     121860,     152903,    569.985,    -30.837,       0.00,       0.00,     120.83,       0.00,   -373.749
286,     217.41,     154536,     112.43,     112.43,       0.00,      -0.00,       1.61,     217.41,       0.00,     1194.8,     1194.8,     -0.151,     -0.000,      1.283,        0.0,        0.0,     1684.0,      0.000,     51.337,     121703,     153094,    569.985,    -30.282,       0.00,       0.00,     120.83,       0.00,   -373.900
287,     213.82,     154766,     110.83,     110.83,       0.00,      -0.00,       1.60,     213.82,       0.00,     1193.4,     1193.4,     -0.149,     -0.000,      1.283,        0.0,        0.0,     1669.1,      0.000,     51.393,     121514,     153341,    569.985,    -29.727,       0.00,       0.00,     120.83,       0.00,   -374.049
288,     210.23,     155020,     109.24,     109.24,       0.00,      -0.00,       1.59,     210.23,       0.00,     1192.1,     1192.1,     -0.148,     -0.000,      1.283,        0.0,        0.0,     1653.7,      0.000,     51.257,     121293,     153622,    569.985,    -29.171,       0.00,       0.00,     120.83,       0.00,   -374.197
289,     206.65,     155309,     107.67,     107.67,       0.00,      -0.00,       1.57,     206.65,       0.00,     1190.9,     1190.9,     -0.147,     -0.000,      1.283,        0.0,        0.0,     1638.4,      0.000,     50.947,     121040,     153945,    569.985,    -28.615,       0.00,       0.00,     120.83,       0.00,   -374.344
290,     203.07,     155642,     106.13,     106.13,       0.00,      -0.00,       1.54,     203.07,       0.00,     1189.7,     1189.7,     -0.146,     -0.000,      1.283,        0.0,        0.0,     1622.4,      0.000,     50.486,     120755,     154320,    569.985,    -28.060,       0.00,       0.00,     120.83,       0.00,   -374.490
291,     199.51,     156029,     104.61,     104.61,       0.00,      -0.00,       1.52,     199.51,       0.00,     1188.5,     1188.5,     -0.144,     -0.000,      1.283,        0.0,        0.0,     1606.3,      0.000,     49.895,     120437,     154754,    569.985,    -27.504,       0.00,       0.00,     120.83,       0.00,   -374.634
292,     195.95,     156479,     103.13,     103.13,       0.00,      -0.00,       1.49,     195.95,       0.00,     1187.5,     1187.5,     -0.143,     -0.000,      1.283,        0.0,        0.0,     1590.2,      0.000,     49.187,     120087,     155255,    569.985,    -26.948,       0.00,       0.00,     120.83,       0.00,   -374.778
293,     192.41,     156999,     101.67,     101.67,       0.00,      -0.00,       1.45,     192.41,       0.00,     1186.5,     1186.5,     -0.142,     -0.000,      1.283,        0.0,        0.0,     1572.7,      0.000,     48.404,     119706,     155829,    569.985,    -26.393,       0.00,       0.00,     120.83,       0.00,   -374.920
294,     188.88,     157597,     100.25,     100.25,       0.00,      -0.00,       1.42,     188.88,       0.00,     1185.7,     1185.7,     -0.141,     -0.000,      1.283,        0.0,        0.0,     1555.3,      0.000,     47.571,     119293,     156481,    569.985,    -25.837,       0.00,       0.00,     120.83,       0.00,   -375.061
295,     185.36,     158278,      98.87,      98.87,       0.00,      -0.00,       1.38,     185.36,       0.00,     1185.0,     1185.0,     -0.140,     -0.000,      1.283,        0.0,        0.0,     1537.4,      0.000,     46.719,     118849,     157214,    569.985,    -25.281,       0.00,       0.00,     120.83,       0.00,   -375.201
296,     181.85,     159044,      97.52,      97.52,       0.00,      -0.00,       1.35,     181.85,       0.00,     1184.3,     1184.3,     -0.139,     -0.000,      1.283,        0.0,        0.0,     1518.6,      0.000,     45.879,     118376,     158031,    569.985,    -24.726,       0.00,       0.00,     120.83,       0.00,   -375.341
297,     178.37,     159900,      96.20,      96.20,       0.00,      -0.00,       1.32,     178.37,       0.00,     1183.8,     1183.8,     -0.139,     -0.000,      1.283,        0.0,        0.0,     1499.8,      0.000,     45.083,     117876,     158932,    569.985,    -24.170,       0.00,       0.00,     120.83,       0.00,   -375.479
298,     174.90,     160842,      94.91,      94.91,       0.00,      -0.00,       1.29,     174.90,       0.00,     1183.5,     1183.5,     -0.138,     -0.000,      1.283,        0.0,        0.0,     1481.8,      0.000,     44.349,     117348,     159916,    569.985,    -23.613,       0.00,       0.00,     120.83,       0.00,   -375.617
299,     171.45,     161869,      93.65,      93.65,       0.00,      -0.00,       1.27,     171.45,       0.00,     1183.2,     1183.2,     -0.137,     -0.000,      1.283,        0.0,        0.0,     1464.6,      0.000,     43.725,     116796,     160976,    569.985,    -23.057,       0.00,       0.00,     120.83,       0.00,   -375.755
300,     168.03,     162972,      92.40,      92.40,       0.00,      -0.00,       1.25,     168.03,       0.00,     1183.0,     1183.0,     -0.137,     -0.000,      1.283,        0.0,        0.0,     1447.5,      0.000,     43.236,     116220,     162106,    569.985,    -22.500,       0.00,       0.00,     120.83,       0.00,   -375.891
301,     164.62,     164144,      91.17,      91.17,       0.00,      -0.00,       1.23,     164.62,       0.00,     1182.9,     1182.9,     -0.136,     -0.000,      1.283,        0.0,        0.0,     1429.2,      0.000,     42.909,     115624,     163300,    569.985,    -21.943,       0.00,       0.00,     120.83,       0.00,   -376.027
302,     161.24,     165379,      89.95,      89.95,       0.00,      -0.00,       1.22,     161.24,       0.00,     1182.8,     1182.8,     -0.136,     -0.000,      1.283,        0.0,        0.0,     1409.0,      0.000,     42.776,     115007,     164548,    569.985,    -21.386,       0.00,       0.00,     120.83,       0.00,   -376.163
303,     157.88,     166668,      88.74,      88.74,       0.00,      -0.00,       1.21,     157.88,       0.00,     1182.8,     1182.8,     -0.135,     -0.000,      1.283,        0.0,        0.0,     1388.7,      0.000,     42.866,     114373,     165842,    569.985,    -20.829,       0.00,       0.00,     120.83,       0.00,   -376.298
304,     154.56,     167996,      87.53,      87.53,       0.00,      -0.00,       1.21,     154.56,       0.00,     1182.8,     1182.8,     -0.135,     -0.000,      1.283,        0.0,        0.0,     1367.7,      0.000,     43.190,     113723,     167169,    569.985,    -20.272,       0.00,       0.00,     120.83,       0.00,   -376.432
305,     151.26,     169349,      86.31,      86.31,       0.00,      -0.00,       1.22,     151.26,       0.00,     1182.9,     1182.9,     -0.134,     -0.000,      1.283,        0.0,        0.0,     1346.1,      0.000,     43.769,     113058,     168511,    569.985,    -19.716,       0.00,       0.00,     120.83,       0.00,   -376.566
306,     147.99,     170708,      85.07,      85.07,       0.00,      -0.00,       1.23,     147.99,       0.00,     1182.8,     1182.8,     -0.134,     -0.000,      1.283,        0.0,        0.0,     1324.4,      0.000,     44.613,     112380,     169850,    569.985,    -19.160,       0.00,       0.00,     120.83,       0.00,   -376.700
307,     144.75,     172055,      83.82,      83.82,       0.00,      -0.00,       1.25,     144.75,       0.00,     1182.8,     1182.8,     -0.133,     -0.000,      1.283,        0.0,        0.0,     1302.3,      0.000,     45.742,     111693,     171165,    569.985,    -18.606,       0.00,       0.00,     120.83,       0.00,   -376.833
308,     141.54,     173367,      82.54,      82.54,       0.00,      -0.00,       1.28,     141.54,       0.00,     1182.6,     1182.6,     -0.132,     -0.000,      1.283,        0.0,        0.0,     1280.0,      0.000,     47.132,     110998,     172435,    569.985,    -18.052,       0.00,       0.00,     120.83,       0.00,   -376.965
309,     138.36,     174623,      81.23,      81.23,       0.00,      -0.00,       1.31,     138.36,       0.00,     1182.3,     1182.3,     -0.132,     -0.000,      1.283,        0.0,        0.0,     1257.6,      0.000,     48.804,     110297,     173637,    569.985,    -17.501,       0.00,       0.00,     120.83,       0.00,   -377.097
310,     135.23,     175798,      79.89,      79.89,       0.00,      -0.00,       1.35,     135.23,       0.00,     1181.9,     1181.9,     -0.131,     -0.000,      1.283,        0.0,        0.0,     1234.6,      0.000,     50.760,     109592,     174746,    569.985,    -16.953,       0.00,       0.00,     120.83,       0.00,   -377.228
311,     132.12,     176869,      78.50,      78.50,       0.00,      -0.00,       1.39,     132.12,       0.00,     1181.2,     1181.2,     -0.130,     -0.000,      1.283,        0.0,        0.0,     1211.6,      0.000,     53.003,     108883,     175737,    569.985,    -16.407,       0.00,       0.00,     120.83,       0.00,   -377.358
312,     129.06,     177810,      77.06,      77.06,       0.00,      -0.00,       1.43,     129.06,       0.00,     1180.4,     1180.4,     -0.129,     -0.000,      1.284,        0.0,        0.0,     1188.4,      0.000,     55.535,     108174,     176584,    569.985,    -15.866,       0.00,       0.00,     120.83,       0.00,   -377.488
313,     126.03,     178593,      75.58,      75.58,       0.00,      -0.00,       1.48,     126.03,       0.00,     1179.3,     1179.3,     -0.128,     -0.000,      1.284,        0.0,        0.0,     1164.0,      0.000,     58.352,     107464,     177260,    569.985,    -15.329,       0.00,       0.00,     120.83,       0.00,   -377.616
314,     123.05,     179198,      74.04,      74.04,       0.00,      -0.00,       1.54,     123.05,       0.00,     1177.9,     1177.9,     -0.127,     -0.000,      1.284,        0.0,        0.0,     1139.6,      0.000,     61.458,     106756,     177741,    569.985,    -14.798,       0.00,       0.00,     120.83,       0.00,   -377.743
315,     120.11,     179595,      72.45,      72.45,       0.00,      -0.00,       1.59,     120.11,       0.00,     1176.1,     1176.1,     -0.126,     -0.000,      1.284,        0.0,        0.0,     1114.9,      0.000,     64.848,     106051,     178000,    569.985,    -14.274,       0.00,       0.00,     120.83,       0.00,   -377.869
316,     117.21,     179762,      70.81,      70.81,       0.00,      -0.00,       1.65,     117.21,       0.00,     1174.0,     1174.0,     -0.124,     -0.000,      1.284,        0.0,        0.0,     1089.8,      0.000,     68.542,     105350,     178023,    569.985,    -13.757,       0.00,       0.00,     120.83,       0.00,   -377.994
317,     114.35,     179671,      69.10,      69.10,       0.00,      -0.00,       1.70,     114.35,       0.00,     1171.6,     1171.6,     -0.123,     -0.000,      1.284,        0.0,        0.0,     1064.7,      0.000,     72.453,     104654,     177776,    569.985,    -13.248,       0.00,       0.00,     120.83,       0.00,   -378.116
318,     111.55,     179306,      67.35,      67.35,       0.00,      -0.00,       1.75,     111.55,       0.00,     1168.7,     1168.7,     -0.121,     -0.000,      1.284,        0.0,        0.0,     1039.6,      0.000,     76.427,     103966,     177247,    569.985,    -12.748,       0.00,       0.00,     120.83,       0.00,   -378.237
319,     108.78,     178661,      65.55,      65.55,       0.00,      -0.00,       1.80,     108.78,       0.00,     1165.4,     1165.4,     -0.119,     -0.000,      1.284,        0.0,        0.0,     1014.5,      0.000,     80.423,     103285,     176435,    569.985,    -12.259,       0.00,       0.00,     120.83,       0.00,   -378.356
320,     106.07,     177736,      63.72,      63.72,       0.00,      -0.00,       1.83,     106.07,       0.00,     1161.6,     1161.6,     -0.117,     -0.000,      1.285,        0.0,        0.0,      989.3,      0.000,     84.412,     102612,     175342,    569.985,    -11.781,       0.00,       0.00,     120.83,       0.00,   -378.473
321,     103.41,     176535,      61.84,      61.84,       0.00,      -0.00,       1.87,     103.41,       0.00,     1157.5,     1157.5,     -0.114,     -0.000,      1.285,        0.0,        0.0,      963.7,      0.000,     88.330,     101950,     173956,    569.985,    -11.315,       0.00,       0.00,     120.83,       0.00,   -378.587
322,     100.79,     175028,      59.90,      59.90,       0.00,      -0.00,       1.94,     100.79,       0.00,     1152.9,     1152.9,     -0.112,     -0.000,      1.285,        0.0,        0.0,      937.9,      0.000,     91.930,     101296,     172214,    569.985,    -10.863,       0.00,       0.00,     120.83,       0.00,   -378.699
323,      98.23,     173096,      57.92,      57.92,       0.00,      -0.00,       1.99,      98.23,       0.00,     1147.6,     1147.6,     -0.109,     -0.000,      1.285,        0.0,        0.0,      912.1,      0.000,     94.974,     100654,     170070,    569.985,    -10.424,       0.00,       0.00,     120.83,       0.00,   -378.808
324,      95.73,     170774,      55.90,      55.90,       0.00,      -0.00,       2.02,      95.73,       0.00,     1141.7,     1141.7,     -0.106,     -0.000,      1.286,        0.0,        0.0,      885.7,      0.000,     97.458,     100023,     167563,    569.985,    -10.000,       0.00,       0.00,     120.83,       0.00,   -378.914
325,      93.27,     168102,      53.86,      53.86,       0.00,      -0.00,       2.04,      93.27,       0.00,     1135.3,     1135.3,     -0.103,     -0.000,      1.286,        0.0,        0.0,      859.2,      0.000,     99.354,      99405,     164736,    569.985,     -9.592,       0.00,       0.00,     120.83,       0.00,   -379.017
326,      90.87,     165123,      51.82,      51.82,       0.00,      -0.00,       2.04,      90.87,       0.00,     1128.3,     1128.3,     -0.100,     -0.000,      1.287,        0.0,        0.0,      832.9,      0.000,    100.633,      98801,     161618,    569.985,     -9.201,       0.00,       0.00,     120.83,       0.00,   -379.116
327,      88.53,     161889,      49.80,      49.80,       0.00,      -0.00,       2.02,      88.53,       0.00,     1120.9,     1120.9,     -0.096,     -0.000,      1.287,        0.0,        0.0,      809.5,      0.000,    101.295,      98210,     158259,    569.985,     -8.827,       0.00,       0.00,     120.83,       0.00,   -379.213
328,      86.25,     158452,      47.81,      47.81,       0.00,      -0.00,       1.99,      86.25,       0.00,     1113.1,     1113.1,     -0.093,     -0.000,      1.288,        0.0,        0.0,      786.0,      0.000,    101.386,      97632,     154727,    569.985,     -8.469,       0.00,       0.00,     120.83,       0.00,   -379.305
329,      84.02,     154864,      45.86,      45.86,       0.00,      -0.00,       1.95,      84.02,       0.00,     1104.9,     1104.9,     -0.089,     -0.000,      1.288,        0.0,        0.0,      762.5,      0.000,    100.915,      97068,     151074,    569.985,     -8.130,       0.00,       0.00,     120.83,       0.00,   -379.395
330,      81.86,     151171,      43.96,      43.96,       0.00,      -0.00,       1.90,      81.86,       0.00,     1096.5,     1096.5,     -0.086,     -0.000,      1.289,        0.0,        0.0,      736.0,      0.000,     99.842,      96517,     147327,    569.985,     -7.807,       0.00,       0.00,     120.83,       0.00,   -379.481
331,      79.75,     147430,      42.13,      42.13,       0.00,      -0.00,       1.83,      79.75,       0.00,     1087.9,     1087.9,     -0.082,     -0.000,      1.289,        0.0,        0.0,      709.5,      0.000,     98.249,      95979,     143555,    569.985,     -7.501,       0.00,       0.00,     120.83,       0.00,   -379.563
332,      77.71,     143684,      40.37,      40.37,       0.00,      -0.00,       1.76,      77.71,       0.00,     1079.2,     1079.2,     -0.079,     -0.000,      1.290,        0.0,        0.0,      683.1,      0.000,     96.197,      95454,     139800,    569.985,     -7.212,       0.00,       0.00,     120.83,       0.00,   -379.642
333,      75.73,     139972,      38.68,      38.68,       0.00,      -0.00,       1.68,      75.73,       0.00,     1070.4,     1070.4,     -0.076,     -0.000,      1.290,        0.0,        0.0,      657.3,      0.000,     93.772,      94942,     136100,    569.985,     -6.939,       0.00,       0.00,     120.83,       0.00,   -379.718
334,      73.81,     136327,      37.08,      37.08,       0.00,      -0.00,       1.60,      73.81,       0.00,     1061.6,     1061.6,     -0.073,     -0.000,      1.291,        0.0,        0.0,      631.5,      0.000,     90.968,      94443,     132481,    569.985,     -6.682,       0.00,       0.00,     120.83,       0.00,   -379.791
335,      71.96,     132778,      35.56,      35.56,       0.00,      -0.00,       1.52,      71.96,       0.00,     1052.9,     1052.9,     -0.070,     -0.000,      1.292,        0.0,        0.0,      605.4,      0.000,     87.824,      93955,     128969,    569.985,     -6.441,       0.00,       0.00,     120.83,       0.00,   -379.861
336,      70.18,     129352,      34.13,      34.13,       0.00,      -0.00,       1.43,      70.18,       0.00,     1044.2,     1044.2,     -0.067,     -0.000,      1.292,        0.0,        0.0,      578.9,      0.000,     84.390,      93480,     125586,    569.985,     -6.214,       0.00,       0.00,     120.83,       0.00,   -379.928
337,      68.46,     126070,      32.78,      32.78,       0.00,      -0.00,       1.35,      68.46,       0.00,     1035.8,     1035.8,     -0.064,     -0.000,      1.293,        0.0,        0.0,      552.4,      0.000,     80.823,      93015,     122370,    569.985,     -6.001,       0.00,       0.00,     120.83,       0.00,   -379.992
338,      66.80,     122939,      31.51,      31.51,       0.00,      -0.00,       1.26,      66.80,       0.00,     1027.5,     1027.5,     -0.062,     -0.000,      1.293,        0.0,        0.0,      526.3,      0.000,     77.112,      92562,     119327,    569.985,     -5.802,       0.00,       0.00,     120.83,       0.00,   -380.054
339,      65.22,     119967,      30.33,      30.33,       0.00,      -0.00,       1.18,      65.22,       0.00,     1019.4,     1019.4,     -0.059,     -0.000,      1.294,        0.0,        0.0,      500.5,      0.000,     73.251,      92121,     116448,    569.985,     -5.616,       0.00,       0.00,     120.83,       0.00,   -380.113
340,      63.70,     117162,      29.23,      29.23,       0.00,      -0.00,       1.10,      63.70,       0.00,     1011.6,     1011.6,     -0.057,     -0.000,      1.295,        0.0,        0.0,      474.7,      0.000,     69.268,      91689,     113736,    569.985,     -5.443,       0.00,       0.00,     120.83,       0.00,   -380.170
341,      62.25,     113499,      27.16,      27.16,       0.00,      -0.00,       2.07,       0.00,       0.00,      546.7,      947.4,     -0.015,     -0.051,      1.319,        0.0,        0.0,      448.9,      0.000,     71.126,      91267,     112721,    569.985,     -5.282,       0.00,       0.00,     120.83,       0.00,   -380.235
342,      60.88,     109653,      25.95,      25.95,       0.00,      -0.00,       1.21,       0.00,       0.00,      947.4,      936.9,     -0.049,     -0.048,      1.271,        0.0,        0.0,      423.0,      0.000,     72.920,      90854,     111680,    569.985,     -5.135,       0.00,       0.00,     120.83,       0.00,   -380.332
343,      59.57,     106317,      24.91,      24.91,       0.00,      -0.00,       1.04,       0.00,       0.00,      936.9,      926.0,     -0.046,     -0.046,      1.272,        0.0,        0.0,      397.2,      0.000,     63.866,      90450,     108152,    569.985,     -5.000,       0.00,       0.00,     120.83,       0.00,   -380.424
344,      58.33,     103544,      24.01,      24.01,       0.00,      -0.00,       0.90,       0.00,       0.00,      926.0,      916.4,     -0.044,     -0.044,      1.273,        0.0,        0.3,      372.1,     -0.069,     56.298,      90076,     105168,    569.985,     -4.876,       0.00,       0.00,     120.83,       0.00,   -380.512
345,      57.17,     101185,      23.21,      23.21,       0.00,      -0.01,       0.79,       0.00,       0.00,      916.4,      907.7,     -0.042,     -0.042,      1.274,        0.0,        1.9,      347.0,     -0.365,     49.896,      89772,     102604,    569.985,     -4.762,       0.00,       0.00,     120.83,       0.00,   -380.596
346,      56.08,      99158,      22.51,      22.51,       0.00,      -0.01,       0.69,       0.00,       0.00,      907.7,      899.7,     -0.041,     -0.040,      1.274,        0.0,        3.5,      322.1,     -0.618,     44.313,      89468,     100366,    569.985,     -4.657,       0.00,       0.00,     120.83,       0.00,   -380.677
347,      55.06,      97394,      21.89,      21.89,       0.00,      -0.02,       0.61,       0.00,       0.00,      899.7,      892.3,     -0.039,     -0.039,      1.275,        0.0,        5.4,      299.1,     -0.887,     39.388,      89188,      98422,    569.985,     -4.562,       0.00,       0.00,     120.83,       0.00,   -380.756
348,      54.12,      95869,      21.34,      21.34,       0.00,      -0.02,       0.53,       0.00,       0.00,      892.3,      885.5,     -0.038,     -0.038,      1.276,        0.0,        7.7,      276.1,     -1.182,     34.620,      88923,      96658,    569.985,     -4.474,       0.00,       0.00,     120.83,       0.00,   -380.832
349,      53.25,      94551,      20.86,      20.86,       0.00,      -0.02,       0.46,       0.00,       0.00,      885.5,      879.1,     -0.037,     -0.037,      1.277,        0.0,       10.1,      253.8,     -1.431,     30.241,      88655,      95108,    569.985,     -4.396,       0.00,       0.00,     120.83,       0.00,   -380.905
350,      52.45,      93389,      20.43,      20.43,       0.00,      -0.03,       0.40,       0.00,       0.00,      879.1,      873.2,     -0.036,     -0.036,      1.277,        0.0,       12.9,      232.8,     -1.703,     26.322,      88403,      93765,    569.985,     -4.325,       0.00,       0.00,     120.83,       0.00,   -380.977
351,      51.73,      92354,      20.06,      20.06,       0.00,      -0.03,       0.34,       0.00,       0.00,      873.2,      867.5,     -0.035,     -0.035,      1.278,        0.0,       16.1,      211.9,     -1.962,     22.696,      88152,      92568,    569.985,     -4.262,       0.00,       0.00,     120.83,       0.00,   -381.047
352,      51.08,      91418,      19.73,      19.73,       0.00,      -0.04,       0.29,       0.00,       0.00,      867.5,      862.0,     -0.034,     -0.034,      1.278,        0.0,       19.2,      192.4,     -2.171,     19.429,      87896,      91513,    569.985,     -4.206,       0.00,       0.00,     120.83,       0.00,   -381.115
353,      50.51,      90536,      19.44,      19.44,       0.00,      -0.04,       0.24,       0.00,       0.00,      862.0,      856.6,     -0.034,     -0.033,      1.279,        0.0,       23.9,      174.3,     -2.483,     16.481,      87674,      90569,    569.985,     -4.158,       0.00,       0.00,     120.83,       0.00,   -381.182
354,      50.01,      89698,      19.19,      19.19,       0.00,      -0.05,       0.20,       0.00,       0.00,      856.6,      851.3,     -0.033,     -0.032,      1.279,        0.0,       28.9,      156.2,     -2.732,     13.705,      87440,      89690,    569.985,     -4.117,       0.00,       0.00,     120.83,       0.00,   -381.247
355,      49.59,      88881,      18.97,      18.97,       0.00,      -0.05,       0.17,       0.00,       0.00,      851.3,      846.1,     -0.032,     -0.032,      1.280,        0.0,       34.0,      141.5,     -2.876,     11.294,      87189,      88901,    569.985,     -4.083,       0.00,       0.00,     120.83,       0.00,   -381.311
356,      49.25,      88058,      18.79,      18.79,       0.00,      -0.06,       0.13,       0.00,       0.00,      846.1,      840.8,     -0.031,     -0.031,      1.281,        0.0,       41.8,      128.1,     -3.084,      9.084,      86959,      88158,    569.985,     -4.056,       0.00,       0.00,     120.83,       0.00,   -381.373
357,      48.98,      87244,      18.63,      18.63,       0.00,      -0.06,       0.10,       0.00,       0.00,      840.8,      835.5,     -0.031,     -0.031,      1.281,        0.0,       50.4,      114.8,     -3.106,      6.956,      86680,      87427,    569.985,     -4.036,       0.00,       0.00,     120.83,       0.00,   -381.435
358,      48.79,      86464,      18.50,      18.50,       0.00,      -0.05,       0.07,       0.00,       0.00,      835.5,      830.3,     -0.030,     -0.030,      1.282,        0.0,       59.1,      102.8,     -2.824,      4.985,      86329,      86717,    569.985,     -4.022,       0.00,       0.00,     120.83,       0.00,   -381.495
359,      48.68,      85739,      18.42,      18.42,       0.00,      -0.04,       0.05,       0.00,       0.00,      830.3,      825.3,     -0.030,     -0.029,      1.282,        0.0,       70.8,       91.7,     -2.255,      3.160,      85899,      86020,    569.985,     -4.016,       0.00,       0.00,     120.83,       0.00,   -381.554
360,      48.64,      85127,      18.38,      18.38,       0.00,      -0.02,       0.02,       0.00,       0.00,      825.3,      820.6,     -0.029,     -0.029,      1.283,        0.0,       82.6,       80.5,     -1.158,      1.432,      85323,      85321,    569.985,     -4.016,       0.00,       0.00,     120.83,       0.00,   -381.612
